-- MariaDB dump 10.19  Distrib 10.8.6-MariaDB, for Linux (x86_64)
--
-- Host: localhost    Database: SICSA
-- ------------------------------------------------------
-- Server version	10.8.6-MariaDB

/*!40101 SET @OLD_CHARACTER_SET_CLIENT=@@CHARACTER_SET_CLIENT */;
/*!40101 SET @OLD_CHARACTER_SET_RESULTS=@@CHARACTER_SET_RESULTS */;
/*!40101 SET @OLD_COLLATION_CONNECTION=@@COLLATION_CONNECTION */;
/*!40101 SET NAMES utf8mb4 */;
/*!40103 SET @OLD_TIME_ZONE=@@TIME_ZONE */;
/*!40103 SET TIME_ZONE='+00:00' */;
/*!40014 SET @OLD_UNIQUE_CHECKS=@@UNIQUE_CHECKS, UNIQUE_CHECKS=0 */;
/*!40014 SET @OLD_FOREIGN_KEY_CHECKS=@@FOREIGN_KEY_CHECKS, FOREIGN_KEY_CHECKS=0 */;
/*!40101 SET @OLD_SQL_MODE=@@SQL_MODE, SQL_MODE='NO_AUTO_VALUE_ON_ZERO' */;
/*!40111 SET @OLD_SQL_NOTES=@@SQL_NOTES, SQL_NOTES=0 */;

--
-- Table structure for table `C_Contestacion_area`
--

DROP TABLE IF EXISTS `C_Contestacion_area`;
/*!40101 SET @saved_cs_client     = @@character_set_client */;
/*!40101 SET character_set_client = utf8 */;
CREATE TABLE `C_Contestacion_area` (
  `id` char(36) NOT NULL DEFAULT uuid(),
  `deleted` binary(1) NOT NULL DEFAULT '0',
  `UltimaActualizacion` datetime NOT NULL DEFAULT current_timestamp() ON UPDATE current_timestamp(),
  `FechaCreacion` datetime NOT NULL DEFAULT current_timestamp(),
  `ModificadoPor` char(36) NOT NULL,
  `CreadoPor` char(36) NOT NULL DEFAULT '',
  `Prorroga` datetime DEFAULT NULL,
  `idNotificacion` char(36) DEFAULT NULL,
  `Oficio` varchar(100) DEFAULT NULL,
  `SIGAOficio` varchar(100) DEFAULT NULL,
  `FOficio` datetime DEFAULT NULL,
  `FRecibido` datetime DEFAULT NULL,
  `FVencimiento` datetime DEFAULT NULL,
  `idsecretaria` char(36) DEFAULT NULL,
  `idunidad` char(36) DEFAULT NULL,
  PRIMARY KEY (`id`) USING BTREE,
  KEY `FK1_CAA` (`idNotificacion`),
  CONSTRAINT `FK1_CAA` FOREIGN KEY (`idNotificacion`) REFERENCES `C_Notificacion_area` (`id`) ON DELETE NO ACTION ON UPDATE NO ACTION
) ENGINE=InnoDB DEFAULT CHARSET=utf8mb3 COLLATE=utf8mb3_general_ci;
/*!40101 SET character_set_client = @saved_cs_client */;

--
-- Dumping data for table `C_Contestacion_area`
--

LOCK TABLES `C_Contestacion_area` WRITE;
/*!40000 ALTER TABLE `C_Contestacion_area` DISABLE KEYS */;
INSERT INTO `C_Contestacion_area` VALUES
('00672678-5256-11ee-a933-236cb4402701','0','2023-09-13 09:53:02','2023-09-13 09:53:02','30adc962-7109-11ed-a880-040300000000','30adc962-7109-11ed-a880-040300000000','2023-03-23 15:53:40','92537229-519a-11ee-a933-236cb4402701','DPCP-212-2023','396/2023','2023-03-23 15:53:40','2023-03-23 15:53:40','2023-03-23 15:53:40','cf96124a-41fa-11ee-a8c9-3cd92b4d9bf4','8c9d225d-41fb-11ee-a8c9-3cd92b4d9bf4'),
('04afa637-5254-11ee-a933-236cb4402701','0','2023-09-13 09:38:50','2023-09-13 09:38:50','30adc962-7109-11ed-a880-040300000000','30adc962-7109-11ed-a880-040300000000','2023-05-23 15:39:30','73751be5-5196-11ee-a933-236cb4402701','DAMOP-0747-2023','16/2023','2023-05-23 15:39:30','2023-05-23 15:39:30','2023-05-23 15:39:30','cf96124a-41fa-11ee-a8c9-3cd92b4d9bf4','8c9d206e-41fb-11ee-a8c9-3cd92b4d9bf4'),
('04afbf9a-5258-11ee-a933-236cb4402701','0','2023-09-13 10:07:28','2023-09-13 10:07:28','30adc962-7109-11ed-a880-040300000000','30adc962-7109-11ed-a880-040300000000','2023-05-25 16:07:57','f336e82b-519d-11ee-a933-236cb4402701','DDPYPF-085-2023','25/2023','2023-05-25 16:07:57','2023-05-25 16:07:57',NULL,'cf96124a-41fa-11ee-a8c9-3cd92b4d9bf4','8c9d21b8-41fb-11ee-a8c9-3cd92b4d9bf4'),
('057df764-51c9-11ee-a933-236cb4402701','0','2023-09-12 17:03:51','2023-09-12 17:03:51','30adc962-7109-11ed-a880-040300000000','30adc962-7109-11ed-a880-040300000000','2023-06-05 23:04:15','c283c766-5191-11ee-a933-236cb4402701','DDPYPF-090-2023','65/2023','2023-06-05 23:04:15','2023-06-05 23:04:15','2023-06-05 23:04:15','cf96124a-41fa-11ee-a8c9-3cd92b4d9bf4','8c9d21b8-41fb-11ee-a8c9-3cd92b4d9bf4'),
('064c519e-5255-11ee-a933-236cb4402701','0','2023-09-13 09:46:02','2023-09-13 09:46:02','30adc962-7109-11ed-a880-040300000000','30adc962-7109-11ed-a880-040300000000','2023-03-29 15:41:39','03a0e2bd-5199-11ee-a933-236cb4402701','DAF-672-2023','410/2023','2023-03-29 15:41:39','2023-03-29 15:41:39','2023-03-29 15:41:39','cf96124a-41fa-11ee-a8c9-3cd92b4d9bf4','8c9d201c-41fb-11ee-a8c9-3cd92b4d9bf4'),
('0bdb174b-51c7-11ee-a933-236cb4402701','0','2023-09-12 16:59:19','2023-09-12 16:49:43','30adc962-7109-11ed-a880-040300000000','30adc962-7109-11ed-a880-040300000000','2023-05-30 10:37:47','0d651e8d-5191-11ee-a933-236cb4402701','CGA-0228-2023','65/2023','2023-05-30 10:37:47','2023-05-30 22:59:25','2023-05-30 22:59:25','cf96124a-41fa-11ee-a8c9-3cd92b4d9bf4','8c9d2771-41fb-11ee-a8c9-3cd92b4d9bf4'),
('0efabd5f-5259-11ee-a933-236cb4402701','0','2023-09-13 10:14:55','2023-09-13 10:14:55','30adc962-7109-11ed-a880-040300000000','30adc962-7109-11ed-a880-040300000000','2023-06-02 16:15:34','fbcc86a2-519e-11ee-a933-236cb4402701','DAMOP-0789-2023','430/2023','2023-06-02 16:15:34','2023-06-02 16:15:34','2023-06-02 16:15:34','cf96124a-41fa-11ee-a8c9-3cd92b4d9bf4','8c9d206e-41fb-11ee-a8c9-3cd92b4d9bf4'),
('135f0c99-51cb-11ee-a933-236cb4402701','0','2023-09-14 12:58:27','2023-09-12 17:18:34','30adc962-7109-11ed-a880-040300000000','30adc962-7109-11ed-a880-040300000000','2023-02-10 23:19:11','d042e1bf-5194-11ee-a933-236cb4402701','DAMOP-266-2023','55 - O/2023 y 149 - O/2023','2023-02-10 23:19:11','2023-02-10 23:19:11','2023-02-10 23:19:11','cf96124a-41fa-11ee-a8c9-3cd92b4d9bf4','8c9d206e-41fb-11ee-a8c9-3cd92b4d9bf4'),
('1b72a887-5258-11ee-a933-236cb4402701','0','2023-09-13 10:08:06','2023-09-13 10:08:06','30adc962-7109-11ed-a880-040300000000','30adc962-7109-11ed-a880-040300000000','2023-04-12 16:08:52','5022c4ec-519e-11ee-a933-236cb4402701','DAF-714-2023','467/2023','2023-04-12 16:08:52','2023-04-12 16:08:52','2023-04-12 16:08:52','cf96124a-41fa-11ee-a8c9-3cd92b4d9bf4','8c9d201c-41fb-11ee-a8c9-3cd92b4d9bf4'),
('1ea8bae5-51ca-11ee-a933-236cb4402701','0','2023-09-14 12:58:30','2023-09-12 17:11:43','30adc962-7109-11ed-a880-040300000000','30adc962-7109-11ed-a880-040300000000','2023-02-08 23:11:30','0413d2be-5194-11ee-a933-236cb4402701','DDPYPF-019-2023','150/2023 Y 453/2023','2023-02-08 23:11:30','2023-02-08 23:11:30','2023-02-08 23:11:30','cf96124a-41fa-11ee-a8c9-3cd92b4d9bf4','8c9d21b8-41fb-11ee-a8c9-3cd92b4d9bf4'),
('20c8c4cc-5254-11ee-a933-236cb4402701','0','2023-09-13 09:39:37','2023-09-13 09:39:37','30adc962-7109-11ed-a880-040300000000','30adc962-7109-11ed-a880-040300000000','2023-05-22 15:40:04','8a0ac6a7-5198-11ee-a933-236cb4402701','DCCP-0454-2023','16/2023','2023-05-22 15:40:04','2023-05-22 15:40:04','2023-05-22 15:40:04','cf96124a-41fa-11ee-a8c9-3cd92b4d9bf4','8c9d2167-41fb-11ee-a8c9-3cd92b4d9bf4'),
('22aba9d9-5256-11ee-a933-236cb4402701','0','2023-09-13 09:53:59','2023-09-13 09:53:59','30adc962-7109-11ed-a880-040300000000','30adc962-7109-11ed-a880-040300000000','2023-05-22 15:54:34','a4f20aac-519c-11ee-a933-236cb4402701','DAF-986-2023','18/2023','2023-05-22 15:54:34','2023-05-22 15:54:34','2023-05-22 15:54:34','cf96124a-41fa-11ee-a8c9-3cd92b4d9bf4','8c9d201c-41fb-11ee-a8c9-3cd92b4d9bf4'),
('28c40de4-5259-11ee-a933-236cb4402701','0','2023-09-13 10:15:38','2023-09-13 10:15:38','30adc962-7109-11ed-a880-040300000000','30adc962-7109-11ed-a880-040300000000','2023-05-22 16:16:18','4571e74e-519f-11ee-a933-236cb4402701','DAF-987-2023','17/2023','2023-05-22 16:16:18','2023-05-22 16:16:18','2023-05-22 16:16:18','cf96124a-41fa-11ee-a8c9-3cd92b4d9bf4','8c9d201c-41fb-11ee-a8c9-3cd92b4d9bf4'),
('2ac30085-5255-11ee-a933-236cb4402701','0','2023-09-13 09:47:03','2023-09-13 09:47:03','30adc962-7109-11ed-a880-040300000000','30adc962-7109-11ed-a880-040300000000','2023-03-27 15:47:14','bee547bf-5199-11ee-a933-236cb4402701','DAMOP-0574-2023','410/2023','2023-03-27 15:47:14','2023-03-27 15:47:14','2023-03-27 15:47:14','cf96124a-41fa-11ee-a8c9-3cd92b4d9bf4','8c9d206e-41fb-11ee-a8c9-3cd92b4d9bf4'),
('2cb6e1a4-5258-11ee-a933-236cb4402701','0','2023-09-13 10:08:35','2023-09-13 10:08:35','30adc962-7109-11ed-a880-040300000000','30adc962-7109-11ed-a880-040300000000',NULL,'5ed7ff70-519e-11ee-a933-236cb4402701','SPI-042-MARZO-2023','467/2023','2023-03-31 16:09:15','2023-03-31 16:09:15','2023-03-31 16:09:15','cf96124a-41fa-11ee-a8c9-3cd92b4d9bf4','8c9d23a1-41fb-11ee-a8c9-3cd92b4d9bf4'),
('2ebc43e0-51c7-11ee-a933-236cb4402701','1','2023-09-14 12:58:37','2023-09-12 16:50:41','30adc962-7109-11ed-a880-040300000000','30adc962-7109-11ed-a880-040300000000','2023-05-26 22:50:59','0d651e8d-5191-11ee-a933-236cb4402701','DASA-0082-2023','65/2023','2023-05-26 22:50:59',NULL,'2023-05-26 22:50:59','cf96124a-41fa-11ee-a8c9-3cd92b4d9bf4','8c9d201c-41fb-11ee-a8c9-3cd92b4d9bf4'),
('31362038-51cb-11ee-a933-236cb4402701','0','2023-09-14 12:58:48','2023-09-12 17:19:24','30adc962-7109-11ed-a880-040300000000','30adc962-7109-11ed-a880-040300000000','2023-02-10 23:19:57','e2958c4c-5194-11ee-a933-236cb4402701','SPI-030-FEB-2023','55 - O/2023 y 149 - O/2023','2023-02-10 23:19:57','2023-02-10 23:19:57','2023-02-10 23:19:57','cf96124a-41fa-11ee-a8c9-3cd92b4d9bf4','8c9d23a1-41fb-11ee-a8c9-3cd92b4d9bf4'),
('36ac8247-5254-11ee-a933-236cb4402701','0','2023-09-13 09:40:14','2023-09-13 09:40:14','30adc962-7109-11ed-a880-040300000000','30adc962-7109-11ed-a880-040300000000','2023-05-23 15:40:51','aba2f4de-5198-11ee-a933-236cb4402701','PF-CGJ-2674-2023','16/2023','2023-05-23 15:40:51','2023-05-23 15:40:51','2023-05-23 15:40:51','cf96124a-41fa-11ee-a8c9-3cd92b4d9bf4','8c9d2677-41fb-11ee-a8c9-3cd92b4d9bf4'),
('37adc12b-5256-11ee-a933-236cb4402701','0','2023-09-13 09:54:34','2023-09-13 09:54:34','30adc962-7109-11ed-a880-040300000000','30adc962-7109-11ed-a880-040300000000','2023-05-22 15:55:12','c02ab12b-519c-11ee-a933-236cb4402701','DPCP-338-2023','18/2023','2023-05-22 15:55:12','2023-05-22 15:55:12','2023-05-22 15:55:12','cf96124a-41fa-11ee-a8c9-3cd92b4d9bf4','8c9d225d-41fb-11ee-a8c9-3cd92b4d9bf4'),
('3acd62b3-51c8-11ee-a933-236cb4402701','0','2023-09-12 16:58:11','2023-09-12 16:58:11','30adc962-7109-11ed-a880-040300000000','30adc962-7109-11ed-a880-040300000000','2023-06-01 22:58:03','bf61778e-518f-11ee-a933-236cb4402701','DCCP-0480-2023','65/2023','2023-06-01 22:58:03','2023-06-01 22:58:03','2023-06-01 22:58:03','cf96124a-41fa-11ee-a8c9-3cd92b4d9bf4','8c9d2167-41fb-11ee-a8c9-3cd92b4d9bf4'),
('3ea78423-5259-11ee-a933-236cb4402701','0','2023-09-13 10:16:15','2023-09-13 10:16:15','30adc962-7109-11ed-a880-040300000000','30adc962-7109-11ed-a880-040300000000','2023-05-22 16:16:50','57e819ef-519f-11ee-a933-236cb4402701','DPCP-337-2023','17/2023','2023-05-22 16:16:50','2023-05-22 16:16:50','2023-05-22 16:16:50','cf96124a-41fa-11ee-a8c9-3cd92b4d9bf4','8c9d225d-41fb-11ee-a8c9-3cd92b4d9bf4'),
('40bc498e-51ca-11ee-a933-236cb4402701','0','2023-09-12 17:12:40','2023-09-12 17:12:40','30adc962-7109-11ed-a880-040300000000','30adc962-7109-11ed-a880-040300000000','2023-02-15 23:13:01','4e94b408-5194-11ee-a933-236cb4402701','PF-CGJ-938-2023','150/2023 Y 453/2023','2023-02-15 23:13:01','2023-02-15 23:13:01','2023-02-15 23:13:01','cf96124a-41fa-11ee-a8c9-3cd92b4d9bf4','8c9d2677-41fb-11ee-a8c9-3cd92b4d9bf4'),
('47172a73-51c7-11ee-a933-236cb4402701','1','2023-09-12 16:54:58','2023-09-12 16:51:22','30adc962-7109-11ed-a880-040300000000','30adc962-7109-11ed-a880-040300000000','2023-05-26 22:51:45','0d651e8d-5191-11ee-a933-236cb4402701','DASA-0079/2023','65/2023','2023-05-26 22:51:45','2023-05-26 22:51:45','2023-05-26 22:51:45','cf96124a-41fa-11ee-a8c9-3cd92b4d9bf4','8c9d225d-41fb-11ee-a8c9-3cd92b4d9bf4'),
('496e1025-5258-11ee-a933-236cb4402701','0','2023-09-13 10:09:23','2023-09-13 10:09:23','30adc962-7109-11ed-a880-040300000000','30adc962-7109-11ed-a880-040300000000','2023-06-01 16:09:58','116545f2-519f-11ee-a933-236cb4402701','DCCP-0492-2023','430/2023','2023-06-01 16:09:58','2023-06-01 16:09:58','2023-06-01 16:09:58','cf96124a-41fa-11ee-a8c9-3cd92b4d9bf4','8c9d2167-41fb-11ee-a8c9-3cd92b4d9bf4'),
('4ece6738-51d0-11ee-a933-236cb4402701','0','2023-09-12 17:56:01','2023-09-12 17:56:01','30adc962-7109-11ed-a880-040300000000','30adc962-7109-11ed-a880-040300000000','2023-03-27 23:56:23','008f6c3f-5196-11ee-a933-236cb4402701','DPCP-229-2023','408/2023','2023-03-27 23:56:23','2023-03-27 23:56:23','2023-03-27 23:56:23','cf96124a-41fa-11ee-a8c9-3cd92b4d9bf4','8c9d225d-41fb-11ee-a8c9-3cd92b4d9bf4'),
('4f78b01e-5256-11ee-a933-236cb4402701','0','2023-09-13 09:55:14','2023-09-13 09:55:14','30adc962-7109-11ed-a880-040300000000','30adc962-7109-11ed-a880-040300000000','2023-05-23 15:55:56','da3b4295-519c-11ee-a933-236cb4402701','DAMOP-0749-2023','18/2023','2023-05-23 15:55:56','2023-05-23 15:55:56','2023-05-23 15:55:56','cf96124a-41fa-11ee-a8c9-3cd92b4d9bf4','8c9d206e-41fb-11ee-a8c9-3cd92b4d9bf4'),
('50505412-5259-11ee-a933-236cb4402701','0','2023-09-13 10:16:44','2023-09-13 10:16:44','30adc962-7109-11ed-a880-040300000000','30adc962-7109-11ed-a880-040300000000','2023-05-23 16:17:26','66c25bd7-519f-11ee-a933-236cb4402701','DAMOP-0748-2023','17/2023','2023-05-23 16:17:26','2023-05-23 16:17:26','2023-05-23 16:17:26','cf96124a-41fa-11ee-a8c9-3cd92b4d9bf4','8c9d206e-41fb-11ee-a8c9-3cd92b4d9bf4'),
('57eab960-5255-11ee-a933-236cb4402701','0','2023-09-13 09:48:19','2023-09-13 09:48:19','30adc962-7109-11ed-a880-040300000000','30adc962-7109-11ed-a880-040300000000','2023-03-27 15:48:46','fe3f8594-5199-11ee-a933-236cb4402701','DPCP-227-2023','410/2023','2023-03-27 15:48:46','2023-03-27 15:48:46','2023-03-27 15:48:46','cf96124a-41fa-11ee-a8c9-3cd92b4d9bf4','8c9d225d-41fb-11ee-a8c9-3cd92b4d9bf4'),
('599978d4-51cb-11ee-a933-236cb4402701','0','2023-09-14 12:58:57','2023-09-12 17:20:31','30adc962-7109-11ed-a880-040300000000','30adc962-7109-11ed-a880-040300000000','2023-02-09 23:20:59','50a9cd89-5195-11ee-a933-236cb4402701','DCCP-CC-004-2023','151 - O/2023 y 54 - O/2023','2023-02-09 23:20:59','2023-02-09 23:20:59','2023-02-09 23:20:59','cf96124a-41fa-11ee-a8c9-3cd92b4d9bf4','8c9d2167-41fb-11ee-a8c9-3cd92b4d9bf4'),
('5eef048d-5258-11ee-a933-236cb4402701','0','2023-09-13 10:09:59','2023-09-13 10:09:59','30adc962-7109-11ed-a880-040300000000','30adc962-7109-11ed-a880-040300000000','2023-05-31 16:10:39','9a5fbd36-519e-11ee-a933-236cb4402701','DPCP-357-2023','430/2023','2023-05-31 16:10:39','2023-05-31 16:10:39','2023-05-31 16:10:39','cf96124a-41fa-11ee-a8c9-3cd92b4d9bf4','8c9d225d-41fb-11ee-a8c9-3cd92b4d9bf4'),
('60af7879-51ca-11ee-a933-236cb4402701','0','2023-09-14 12:59:00','2023-09-12 17:13:34','30adc962-7109-11ed-a880-040300000000','30adc962-7109-11ed-a880-040300000000','2023-02-10 23:13:57','6646f3ee-5193-11ee-a933-236cb4402701','DCCP-CC-005-2023','150/2023 Y 453/2023','2023-02-10 23:13:57','2023-02-10 23:13:57','2023-02-10 23:13:57','cf96124a-41fa-11ee-a8c9-3cd92b4d9bf4','8c9d2167-41fb-11ee-a8c9-3cd92b4d9bf4'),
('63093369-5259-11ee-a933-236cb4402701','0','2023-09-13 10:17:16','2023-09-13 10:17:16','30adc962-7109-11ed-a880-040300000000','30adc962-7109-11ed-a880-040300000000','2023-05-22 16:17:56','85875b11-519f-11ee-a933-236cb4402701','DCCP-0456-2023','17/2023','2023-05-22 16:17:56','2023-05-22 16:17:56','2023-05-22 16:17:56','cf96124a-41fa-11ee-a8c9-3cd92b4d9bf4','8c9d2167-41fb-11ee-a8c9-3cd92b4d9bf4'),
('6398c96f-5256-11ee-a933-236cb4402701','0','2023-09-13 09:55:48','2023-09-13 09:55:48','30adc962-7109-11ed-a880-040300000000','30adc962-7109-11ed-a880-040300000000','2023-05-22 15:56:25','f0fe8e9b-519c-11ee-a933-236cb4402701','DCCP-0455-2023','18/2023','2023-05-22 15:56:25','2023-05-22 15:56:25','2023-05-22 15:56:25','cf96124a-41fa-11ee-a8c9-3cd92b4d9bf4','8c9d2167-41fb-11ee-a8c9-3cd92b4d9bf4'),
('6a04cd76-51d0-11ee-a933-236cb4402701','0','2023-09-12 17:56:46','2023-09-12 17:56:46','30adc962-7109-11ed-a880-040300000000','30adc962-7109-11ed-a880-040300000000','2023-03-29 23:57:15','d52d02ae-5195-11ee-a933-236cb4402701','DAF-671-2023','408/2023','2023-03-29 23:57:15','2023-03-29 23:57:15','2023-03-29 23:57:15','cf96124a-41fa-11ee-a8c9-3cd92b4d9bf4','8c9d201c-41fb-11ee-a8c9-3cd92b4d9bf4'),
('6f73cff4-51c7-11ee-a933-236cb4402701','1','2023-09-14 12:59:05','2023-09-12 16:52:30','30adc962-7109-11ed-a880-040300000000','30adc962-7109-11ed-a880-040300000000','2023-05-26 22:52:25','0d651e8d-5191-11ee-a933-236cb4402701','DASA-0078-2023','65/2023','2023-05-26 22:52:25','2023-05-26 22:52:25','2023-05-26 22:52:25','cf96124a-41fa-11ee-a8c9-3cd92b4d9bf4','8c9d21b8-41fb-11ee-a8c9-3cd92b4d9bf4'),
('7382e456-5258-11ee-a933-236cb4402701','0','2023-09-13 10:10:34','2023-09-13 10:10:34','30adc962-7109-11ed-a880-040300000000','30adc962-7109-11ed-a880-040300000000','2023-05-31 16:11:12','b9d11d43-519e-11ee-a933-236cb4402701','CGA-0229-2023','430/2023','2023-05-31 16:11:12','2023-05-31 16:11:12','2023-05-31 16:11:12','cf96124a-41fa-11ee-a8c9-3cd92b4d9bf4','8c9d2771-41fb-11ee-a8c9-3cd92b4d9bf4'),
('7c8f1903-51ca-11ee-a933-236cb4402701','0','2023-09-14 12:59:11','2023-09-12 17:14:21','30adc962-7109-11ed-a880-040300000000','30adc962-7109-11ed-a880-040300000000','2023-02-09 23:14:56','937f93be-5193-11ee-a933-236cb4402701','DAF-265-2023','150/2023 Y 453/2023','2023-02-09 23:14:56','2023-02-09 23:14:56','2023-02-09 23:14:56','cf96124a-41fa-11ee-a8c9-3cd92b4d9bf4','8c9d201c-41fb-11ee-a8c9-3cd92b4d9bf4'),
('7d10d8f0-5259-11ee-a933-236cb4402701','0','2023-09-13 10:17:59','2023-09-13 10:17:59','30adc962-7109-11ed-a880-040300000000','30adc962-7109-11ed-a880-040300000000','2023-03-28 16:18:39','a4c2c14e-519f-11ee-a933-236cb4402701','DAF-659-2023','397/2023','2023-03-28 16:18:39','2023-03-28 16:18:39','2023-03-28 16:18:39','cf96124a-41fa-11ee-a8c9-3cd92b4d9bf4','8c9d201c-41fb-11ee-a8c9-3cd92b4d9bf4'),
('80ec8783-51d0-11ee-a933-236cb4402701','0','2023-09-12 17:57:25','2023-09-12 17:57:25','30adc962-7109-11ed-a880-040300000000','30adc962-7109-11ed-a880-040300000000','2023-03-27 23:58:01','e8f07932-5195-11ee-a933-236cb4402701','DAMOP-0573-2023','408/2023','2023-03-27 23:58:01','2023-03-27 23:58:01','2023-03-27 23:58:01','cf96124a-41fa-11ee-a8c9-3cd92b4d9bf4','8c9d206e-41fb-11ee-a8c9-3cd92b4d9bf4'),
('8c8b3443-51c8-11ee-a933-236cb4402701','0','2023-09-12 17:00:28','2023-09-12 17:00:28','30adc962-7109-11ed-a880-040300000000','30adc962-7109-11ed-a880-040300000000','2023-06-01 23:00:37','40caa984-5191-11ee-a933-236cb4402701','DAF-1067-2023','65/2023','2023-06-01 23:00:37','2023-06-01 23:00:37','2023-06-01 23:00:37','cf96124a-41fa-11ee-a8c9-3cd92b4d9bf4','8c9d201c-41fb-11ee-a8c9-3cd92b4d9bf4'),
('8f552361-5256-11ee-a933-236cb4402701','0','2023-09-13 09:57:02','2023-09-13 09:57:02','30adc962-7109-11ed-a880-040300000000','30adc962-7109-11ed-a880-040300000000','2023-04-17 15:57:28','1d18bf33-519d-11ee-a933-236cb4402701','DPCP-263-2023','466/2023, 572 - O/2023, 466/2023, y 172/2023','2023-04-17 15:57:28','2023-04-17 15:57:28','2023-04-17 15:57:28','cf96124a-41fa-11ee-a8c9-3cd92b4d9bf4','8c9d225d-41fb-11ee-a8c9-3cd92b4d9bf4'),
('90fcfb5b-51ca-11ee-a933-236cb4402701','0','2023-09-14 12:59:14','2023-09-12 17:14:55','30adc962-7109-11ed-a880-040300000000','30adc962-7109-11ed-a880-040300000000','2023-02-10 23:15:33','ad6cc427-5193-11ee-a933-236cb4402701','DAMOP-264-2023','150/2023 Y 453/2023','2023-02-10 23:15:33','2023-02-10 23:15:33','2023-02-10 23:15:33','cf96124a-41fa-11ee-a8c9-3cd92b4d9bf4','8c9d206e-41fb-11ee-a8c9-3cd92b4d9bf4'),
('a90a9587-51c7-11ee-a933-236cb4402701','0','2023-09-14 12:59:18','2023-09-12 16:54:07','30adc962-7109-11ed-a880-040300000000','30adc962-7109-11ed-a880-040300000000','2023-04-13 04:54:27','1a254bd0-5192-11ee-a933-236cb4402701','DAF-715-2023','468/2023','2023-04-13 04:54:27','2023-04-12 23:08:03','2023-04-12 23:08:03','cf96124a-41fa-11ee-a8c9-3cd92b4d9bf4','8c9d201c-41fb-11ee-a8c9-3cd92b4d9bf4'),
('ab173af0-5256-11ee-a933-236cb4402701','0','2023-09-13 09:57:48','2023-09-13 09:57:48','30adc962-7109-11ed-a880-040300000000','30adc962-7109-11ed-a880-040300000000','2023-03-31 15:58:24','2cc13fed-519d-11ee-a933-236cb4402701','DAF-692-2023','466/2023, 572 - O/2023, 466/2023, y 172/2023','2023-03-31 15:58:24','2023-03-31 15:58:24','2023-03-31 15:58:24','cf96124a-41fa-11ee-a8c9-3cd92b4d9bf4','8c9d201c-41fb-11ee-a8c9-3cd92b4d9bf4'),
('ad1ab297-51ca-11ee-a933-236cb4402701','0','2023-09-14 12:59:22','2023-09-12 17:15:42','30adc962-7109-11ed-a880-040300000000','30adc962-7109-11ed-a880-040300000000','2023-02-10 23:16:06','cb01ee22-5193-11ee-a933-236cb4402701','SI-029-FEB-2023','150/2023 Y 453/2023','2023-02-10 23:16:06','2023-02-10 23:16:06','2023-02-10 23:16:06','cf96124a-41fa-11ee-a8c9-3cd92b4d9bf4','8c9d23a1-41fb-11ee-a8c9-3cd92b4d9bf4'),
('b1290e97-5257-11ee-a933-236cb4402701','0','2023-09-13 10:05:08','2023-09-13 10:05:08','30adc962-7109-11ed-a880-040300000000','30adc962-7109-11ed-a880-040300000000','2023-05-24 16:05:28','0c0c6d47-519e-11ee-a933-236cb4402701','DPCP-343-2023','25/2023','2023-05-24 16:05:28','2023-05-24 16:05:28','2023-05-24 16:05:28','cf96124a-41fa-11ee-a8c9-3cd92b4d9bf4','8c9d225d-41fb-11ee-a8c9-3cd92b4d9bf4'),
('b1b50180-5259-11ee-a933-236cb4402701','0','2023-09-13 10:19:28','2023-09-13 10:19:28','30adc962-7109-11ed-a880-040300000000','30adc962-7109-11ed-a880-040300000000','2023-03-23 16:19:57','02148586-51a0-11ee-a933-236cb4402701','DPCP-221-2023','398/2023','2023-03-23 16:19:57','2023-03-23 16:19:57','2023-03-23 16:19:57','cf96124a-41fa-11ee-a8c9-3cd92b4d9bf4','8c9d225d-41fb-11ee-a8c9-3cd92b4d9bf4'),
('b9cb24b2-51cf-11ee-a933-236cb4402701','0','2023-09-12 17:54:21','2023-09-12 17:51:51','30adc962-7109-11ed-a880-040300000000','30adc962-7109-11ed-a880-040300000000','2023-02-11 05:52:21','8dd94ffa-5195-11ee-a933-236cb4402701','DAMOP-265-2023','151 - O/2023 y 54 - O/2023','2023-02-11 05:52:21','2023-02-10 23:54:22','2023-02-10 23:54:22','cf96124a-41fa-11ee-a8c9-3cd92b4d9bf4','8c9d2167-41fb-11ee-a8c9-3cd92b4d9bf4'),
('bc3885df-5253-11ee-a933-236cb4402701','0','2023-09-13 09:36:48','2023-09-13 09:36:48','30adc962-7109-11ed-a880-040300000000','30adc962-7109-11ed-a880-040300000000','2023-05-23 15:37:22','2c2bf32c-5197-11ee-a933-236cb4402701','DDPYPF-082-2023','16/2023','2023-05-23 15:37:22','2023-05-23 15:37:22','2023-05-23 15:37:22','cf96124a-41fa-11ee-a8c9-3cd92b4d9bf4','8c9d21b8-41fb-11ee-a8c9-3cd92b4d9bf4'),
('c3f0ab06-5259-11ee-a933-236cb4402701','0','2023-09-13 10:19:58','2023-09-13 10:19:58','30adc962-7109-11ed-a880-040300000000','30adc962-7109-11ed-a880-040300000000','2023-03-24 16:20:39','2d587f13-51a0-11ee-a933-236cb4402701','DAMOP-0564-2023','398/2023','2023-03-24 16:20:39','2023-03-24 16:20:39','2023-03-24 16:20:39','cf96124a-41fa-11ee-a8c9-3cd92b4d9bf4','8c9d206e-41fb-11ee-a8c9-3cd92b4d9bf4'),
('c47f2d1a-5257-11ee-a933-236cb4402701','0','2023-09-13 10:05:40','2023-09-13 10:05:40','30adc962-7109-11ed-a880-040300000000','30adc962-7109-11ed-a880-040300000000','2023-06-08 16:06:19','261aaff3-519e-11ee-a933-236cb4402701','DCCP-502-2023','25/2023','2023-06-08 16:06:19','2023-06-08 16:06:19','2023-06-08 16:06:19','cf96124a-41fa-11ee-a8c9-3cd92b4d9bf4','8c9d2167-41fb-11ee-a8c9-3cd92b4d9bf4'),
('c6f9dd06-51c3-11ee-a933-236cb4402701','1','2023-09-14 12:59:28','2023-09-12 16:26:19','30adc962-7109-11ed-a880-040300000000','30adc962-7109-11ed-a880-040300000000','2023-05-31 22:24:09','0d651e8d-5191-11ee-a933-236cb4402701','DASA-0100-2023','65/2023','2023-05-31 22:24:09','2023-05-31 22:24:09','2023-05-31 22:24:09','cf96124a-41fa-11ee-a8c9-3cd92b4d9bf4','8c9d2167-41fb-11ee-a8c9-3cd92b4d9bf4'),
('cf260412-5253-11ee-a933-236cb4402701','0','2023-09-13 09:37:20','2023-09-13 09:37:20','30adc962-7109-11ed-a880-040300000000','30adc962-7109-11ed-a880-040300000000','2023-05-22 15:38:01','465bec2e-5196-11ee-a933-236cb4402701','DAF-989-2023','16/2023','2023-05-22 15:38:01','2023-05-22 15:38:01','2023-05-22 15:38:01','cf96124a-41fa-11ee-a8c9-3cd92b4d9bf4','8c9d201c-41fb-11ee-a8c9-3cd92b4d9bf4'),
('cf308042-51cf-11ee-a933-236cb4402701','0','2023-09-14 12:59:39','2023-09-12 17:52:27','30adc962-7109-11ed-a880-040300000000','30adc962-7109-11ed-a880-040300000000','2023-02-10 23:53:03','a2826923-5195-11ee-a933-236cb4402701','SPI-031-FEB-2023','151 - O/2023 y 54 - O/2023','2023-02-10 23:53:03','2023-02-10 23:53:03','2023-02-10 23:53:03','cf96124a-41fa-11ee-a8c9-3cd92b4d9bf4','8c9d23a1-41fb-11ee-a8c9-3cd92b4d9bf4'),
('d0516792-5256-11ee-a933-236cb4402701','0','2023-09-13 09:58:51','2023-09-13 09:58:51','30adc962-7109-11ed-a880-040300000000','30adc962-7109-11ed-a880-040300000000','2023-06-13 15:58:58','57f9bdde-519d-11ee-a933-236cb4402701','PF-CGJ-2955-2023','466/2023, 572 - O/2023, 466/2023, y 172/2023','2023-06-13 15:58:58','2023-06-13 15:58:58','2023-06-13 15:58:58','cf96124a-41fa-11ee-a8c9-3cd92b4d9bf4','8c9d2677-41fb-11ee-a8c9-3cd92b4d9bf4'),
('d31e4778-5258-11ee-a933-236cb4402701','0','2023-09-13 10:13:14','2023-09-13 10:13:14','30adc962-7109-11ed-a880-040300000000','30adc962-7109-11ed-a880-040300000000','2023-06-01 16:13:51','d43e1a3e-519e-11ee-a933-236cb4402701','DAF-1068-2023','430/2023','2023-06-01 16:13:51','2023-06-01 16:13:51','2023-06-01 16:13:51','cf96124a-41fa-11ee-a8c9-3cd92b4d9bf4','8c9d201c-41fb-11ee-a8c9-3cd92b4d9bf4'),
('d37f1c2a-5257-11ee-a933-236cb4402701','0','2023-09-13 10:06:05','2023-09-13 10:06:05','30adc962-7109-11ed-a880-040300000000','30adc962-7109-11ed-a880-040300000000','2023-06-06 16:06:49','bc6da0e6-519d-11ee-a933-236cb4402701','DAF-1101-2023','25/2023','2023-06-06 16:06:49','2023-06-06 16:06:49','2023-06-06 16:06:49','cf96124a-41fa-11ee-a8c9-3cd92b4d9bf4','8c9d201c-41fb-11ee-a8c9-3cd92b4d9bf4'),
('d8575f62-5259-11ee-a933-236cb4402701','0','2023-09-13 10:20:33','2023-09-13 10:20:33','30adc962-7109-11ed-a880-040300000000','30adc962-7109-11ed-a880-040300000000','2023-03-28 16:21:12','ef6014a3-519f-11ee-a933-236cb4402701','DAF-658-2023','398/2023','2023-03-28 16:21:12','2023-03-28 16:21:12','2023-03-28 16:21:12','cf96124a-41fa-11ee-a8c9-3cd92b4d9bf4','8c9d201c-41fb-11ee-a8c9-3cd92b4d9bf4'),
('dcd7c7ac-51ca-11ee-a933-236cb4402701','0','2023-09-12 17:17:02','2023-09-12 17:17:02','30adc962-7109-11ed-a880-040300000000','30adc962-7109-11ed-a880-040300000000','2023-02-09 23:17:38','924b018a-5194-11ee-a933-236cb4402701','DCCP-CC-003-2023','55 - O/2023 y 149 - O/2023','2023-02-09 23:17:38','2023-02-09 23:17:38','2023-02-09 23:17:38','cf96124a-41fa-11ee-a8c9-3cd92b4d9bf4','8c9d2167-41fb-11ee-a8c9-3cd92b4d9bf4'),
('df3dd915-51c8-11ee-a933-236cb4402701','0','2023-09-12 17:02:47','2023-09-12 17:02:47','30adc962-7109-11ed-a880-040300000000','30adc962-7109-11ed-a880-040300000000','2023-06-01 23:03:12','8407c433-5191-11ee-a933-236cb4402701','DPCP-348-2023','65/2023','2023-06-01 23:03:12','2023-06-01 23:03:12','2023-06-01 23:03:12','cf96124a-41fa-11ee-a8c9-3cd92b4d9bf4','8c9d225d-41fb-11ee-a8c9-3cd92b4d9bf4'),
('e842b538-5257-11ee-a933-236cb4402701','0','2023-09-13 10:06:40','2023-09-13 10:06:40','30adc962-7109-11ed-a880-040300000000','30adc962-7109-11ed-a880-040300000000','2023-06-09 16:07:15','d3c33551-519d-11ee-a933-236cb4402701','PF-CGJ-2884-2023','25/2023','2023-06-09 16:07:15','2023-06-09 16:07:15','2023-06-09 16:07:15','cf96124a-41fa-11ee-a8c9-3cd92b4d9bf4','8c9d2677-41fb-11ee-a8c9-3cd92b4d9bf4'),
('ea9e44e3-5255-11ee-a933-236cb4402701','0','2023-09-13 09:52:25','2023-09-13 09:52:25','30adc962-7109-11ed-a880-040300000000','30adc962-7109-11ed-a880-040300000000','2023-03-23 15:52:38','7af826c3-519a-11ee-a933-236cb4402701','DAF-624-2023','396/2023','2023-03-23 15:52:38','2023-03-23 15:52:38','2023-03-23 15:52:38','cf96124a-41fa-11ee-a8c9-3cd92b4d9bf4','8c9d201c-41fb-11ee-a8c9-3cd92b4d9bf4'),
('ed23a7e7-5253-11ee-a933-236cb4402701','0','2023-09-13 09:38:10','2023-09-13 09:38:10','30adc962-7109-11ed-a880-040300000000','30adc962-7109-11ed-a880-040300000000','2023-05-22 15:38:38','5ef05540-5196-11ee-a933-236cb4402701','DPCP-339-2023','16/2023','2023-05-22 15:38:38','2023-05-22 15:38:38','2023-05-22 15:38:38','cf96124a-41fa-11ee-a8c9-3cd92b4d9bf4','8c9d225d-41fb-11ee-a8c9-3cd92b4d9bf4'),
('f7aba92c-51cc-11ee-a933-236cb4402701','0','2023-09-14 12:59:46','2023-09-12 17:32:06','30adc962-7109-11ed-a880-040300000000','30adc962-7109-11ed-a880-040300000000','2023-02-09 23:21:59','6299e9de-5195-11ee-a933-236cb4402701','DAF-264-2023','151 - O/2023 y 54 - O/2023','2023-02-09 23:21:59','2023-02-09 23:21:59','2023-02-09 23:21:59','cf96124a-41fa-11ee-a8c9-3cd92b4d9bf4','8c9d201c-41fb-11ee-a8c9-3cd92b4d9bf4'),
('f7f48afa-5258-11ee-a933-236cb4402701','0','2023-09-13 10:14:16','2023-09-13 10:14:16','30adc962-7109-11ed-a880-040300000000','30adc962-7109-11ed-a880-040300000000','2023-06-01 16:14:55','e9ef0ced-519e-11ee-a933-236cb4402701','PF-CGJ-2687-2023','430/2023','2023-06-01 16:14:55','2023-06-01 16:14:55','2023-06-01 16:14:55','cf96124a-41fa-11ee-a8c9-3cd92b4d9bf4','8c9d2677-41fb-11ee-a8c9-3cd92b4d9bf4'),
('fb9ff93f-51ca-11ee-a933-236cb4402701','0','2023-09-14 12:59:50','2023-09-12 17:17:54','30adc962-7109-11ed-a880-040300000000','30adc962-7109-11ed-a880-040300000000','2023-02-09 23:18:29','b82708cf-5194-11ee-a933-236cb4402701','DAF-266-2023','55 - O/2023 y 149 - O/2023','2023-02-09 23:18:29','2023-02-09 23:18:29','2023-02-09 23:18:29','cf96124a-41fa-11ee-a8c9-3cd92b4d9bf4','8c9d201c-41fb-11ee-a8c9-3cd92b4d9bf4');
/*!40000 ALTER TABLE `C_Contestacion_area` ENABLE KEYS */;
UNLOCK TABLES;

--
-- Table structure for table `C_Notificacion_area`
--

DROP TABLE IF EXISTS `C_Notificacion_area`;
/*!40101 SET @saved_cs_client     = @@character_set_client */;
/*!40101 SET character_set_client = utf8 */;
CREATE TABLE `C_Notificacion_area` (
  `id` char(36) NOT NULL DEFAULT uuid(),
  `deleted` binary(1) NOT NULL DEFAULT '0',
  `idAuditoria` char(36) NOT NULL DEFAULT '0',
  `UltimaActualizacion` datetime NOT NULL DEFAULT current_timestamp() ON UPDATE current_timestamp(),
  `FechaCreacion` datetime NOT NULL DEFAULT current_timestamp(),
  `ModificadoPor` char(36) NOT NULL,
  `CreadoPor` char(36) NOT NULL DEFAULT '',
  `Prorroga` datetime DEFAULT NULL,
  `Oficio` varchar(100) DEFAULT NULL,
  `SIGAOficio` varchar(100) DEFAULT NULL,
  `FOficio` datetime DEFAULT NULL,
  `FRecibido` datetime DEFAULT NULL,
  `FVencimiento` datetime DEFAULT NULL,
  `idsecretaria` char(36) DEFAULT NULL,
  `idunidad` char(36) DEFAULT NULL,
  PRIMARY KEY (`id`) USING BTREE,
  KEY `FK1_IDAuditoria` (`idAuditoria`) USING BTREE,
  CONSTRAINT `FK1_IDAuditoria` FOREIGN KEY (`idAuditoria`) REFERENCES `auditoria` (`id`) ON DELETE NO ACTION ON UPDATE NO ACTION
) ENGINE=InnoDB DEFAULT CHARSET=utf8mb3 COLLATE=utf8mb3_general_ci;
/*!40101 SET character_set_client = @saved_cs_client */;

--
-- Dumping data for table `C_Notificacion_area`
--

LOCK TABLES `C_Notificacion_area` WRITE;
/*!40000 ALTER TABLE `C_Notificacion_area` DISABLE KEYS */;
INSERT INTO `C_Notificacion_area` VALUES
('008f6c3f-5196-11ee-a933-236cb4402701','0','980981ef-50d1-11ee-a933-236cb4402701','2023-09-12 10:58:39','2023-09-12 10:58:39','30adc962-7109-11ed-a880-040300000000','30adc962-7109-11ed-a880-040300000000','2023-03-23 16:59:04','DCCP-0283-2023','408/2023','2023-03-23 16:59:04','2023-03-23 16:59:04','2023-03-23 16:59:04','cf96124a-41fa-11ee-a8c9-3cd92b4d9bf4','8c9d225d-41fb-11ee-a8c9-3cd92b4d9bf4'),
('02148586-51a0-11ee-a933-236cb4402701','0','ac388667-50df-11ee-a933-236cb4402701','2023-09-12 12:10:16','2023-09-12 12:10:16','30adc962-7109-11ed-a880-040300000000','30adc962-7109-11ed-a880-040300000000','2023-03-22 18:10:51','DCCP-0272-2023','398/2023','2023-03-22 18:10:51','2023-03-22 18:10:51','2023-03-22 18:10:51','cf96124a-41fa-11ee-a8c9-3cd92b4d9bf4','8c9d225d-41fb-11ee-a8c9-3cd92b4d9bf4'),
('03a0e2bd-5199-11ee-a933-236cb4402701','0','fcb3bf39-50d4-11ee-a933-236cb4402701','2023-09-12 11:20:12','2023-09-12 11:20:12','30adc962-7109-11ed-a880-040300000000','30adc962-7109-11ed-a880-040300000000','2023-03-23 17:19:45','DCCP-0278-2023','410/2023','2023-03-23 17:19:45','2023-03-23 17:19:45','2023-03-23 17:19:45','cf96124a-41fa-11ee-a8c9-3cd92b4d9bf4','8c9d201c-41fb-11ee-a8c9-3cd92b4d9bf4'),
('0413d2be-5194-11ee-a933-236cb4402701','0','d3eebe77-4e8e-11ee-a933-236cb4402701','2023-09-14 13:02:39','2023-09-12 10:44:26','30adc962-7109-11ed-a880-040300000000','30adc962-7109-11ed-a880-040300000000','2023-02-07 16:43:59','DCCP-103-2023','150/2023 Y 453/2023','2023-02-07 16:43:59','2023-02-07 16:43:59','2023-02-07 16:43:59','cf96124a-41fa-11ee-a8c9-3cd92b4d9bf4','8c9d21b8-41fb-11ee-a8c9-3cd92b4d9bf4'),
('0c0c6d47-519e-11ee-a933-236cb4402701','0','cded7817-50dc-11ee-a933-236cb4402701','2023-09-14 13:02:36','2023-09-12 11:56:14','30adc962-7109-11ed-a880-040300000000','30adc962-7109-11ed-a880-040300000000','2023-05-22 17:56:38','DASA-036-2023','25/2023','2023-05-22 17:56:38','2023-05-22 17:56:38','2023-05-22 17:56:38','cf96124a-41fa-11ee-a8c9-3cd92b4d9bf4','8c9d225d-41fb-11ee-a8c9-3cd92b4d9bf4'),
('0d651e8d-5191-11ee-a933-236cb4402701','0','84594571-4e82-11ee-a933-236cb4402701','2023-09-14 13:02:32','2023-09-12 10:23:13','30adc962-7109-11ed-a880-040300000000','30adc962-7109-11ed-a880-040300000000','2023-05-26 16:16:28','DASA-0077-2023','65/2023','2023-05-26 16:16:28','2023-05-26 16:16:28','2023-05-26 16:16:28','cf96124a-41fa-11ee-a8c9-3cd92b4d9bf4','8c9d2771-41fb-11ee-a8c9-3cd92b4d9bf4'),
('116545f2-519f-11ee-a933-236cb4402701','0','ee6227d6-50dd-11ee-a933-236cb4402701','2023-09-14 13:02:29','2023-09-12 12:03:32','30adc962-7109-11ed-a880-040300000000','30adc962-7109-11ed-a880-040300000000','2023-05-30 18:03:58','DASA-0096-2023','430/2023','2023-05-30 18:03:58','2023-05-30 18:03:58','2023-05-30 18:03:58','cf96124a-41fa-11ee-a8c9-3cd92b4d9bf4','8c9d2167-41fb-11ee-a8c9-3cd92b4d9bf4'),
('1a254bd0-5192-11ee-a933-236cb4402701','0','53dfb0df-4e8e-11ee-a933-236cb4402701','2023-09-12 10:30:44','2023-09-12 10:30:44','30adc962-7109-11ed-a880-040300000000','30adc962-7109-11ed-a880-040300000000','2023-05-30 16:30:16','DCCP-0321-2023','468/2023','2023-05-30 16:30:16','2023-05-30 16:30:16','2023-05-30 16:30:16','cf96124a-41fa-11ee-a8c9-3cd92b4d9bf4','8c9d201c-41fb-11ee-a8c9-3cd92b4d9bf4'),
('1c064cb8-5199-11ee-a933-236cb4402701','0','fcb3bf39-50d4-11ee-a933-236cb4402701','2023-09-12 11:21:18','2023-09-12 11:20:53','30adc962-7109-11ed-a880-040300000000','30adc962-7109-11ed-a880-040300000000','2023-03-23 23:21:14','DCCP-0279-2023','410/2023','2023-03-23 23:21:14','2023-03-23 23:21:14','2023-03-23 23:21:14',NULL,NULL),
('1d18bf33-519d-11ee-a933-236cb4402701','0','0a162f08-50dc-11ee-a933-236cb4402701','2023-09-12 11:49:33','2023-09-12 11:49:33','30adc962-7109-11ed-a880-040300000000','30adc962-7109-11ed-a880-040300000000','2023-03-30 17:49:34','DCCP-0323-2023','466/2023, 572 - O/2023, 466/2023, y 172/2023','2023-03-30 17:49:34','2023-03-30 17:49:34','2023-03-30 17:49:34','cf96124a-41fa-11ee-a8c9-3cd92b4d9bf4','8c9d225d-41fb-11ee-a8c9-3cd92b4d9bf4'),
('261aaff3-519e-11ee-a933-236cb4402701','0','cded7817-50dc-11ee-a933-236cb4402701','2023-09-14 13:02:26','2023-09-12 11:56:58','30adc962-7109-11ed-a880-040300000000','30adc962-7109-11ed-a880-040300000000','2023-05-22 17:57:19','DASA-037-2023','25/2023','2023-05-22 17:57:19','2023-05-22 17:57:19','2023-05-22 17:57:19','cf96124a-41fa-11ee-a8c9-3cd92b4d9bf4','8c9d2167-41fb-11ee-a8c9-3cd92b4d9bf4'),
('2c2bf32c-5197-11ee-a933-236cb4402701','0','81d3d166-50d3-11ee-a933-236cb4402701','2023-09-14 13:02:22','2023-09-12 11:07:01','30adc962-7109-11ed-a880-040300000000','30adc962-7109-11ed-a880-040300000000','2023-05-19 17:02:59','DASA-0019-2023','16/2023','2023-05-19 17:02:59','2023-05-19 17:02:59','2023-05-19 17:02:59','cf96124a-41fa-11ee-a8c9-3cd92b4d9bf4','8c9d21b8-41fb-11ee-a8c9-3cd92b4d9bf4'),
('2cc13fed-519d-11ee-a933-236cb4402701','0','0a162f08-50dc-11ee-a933-236cb4402701','2023-09-12 11:49:59','2023-09-12 11:49:59','30adc962-7109-11ed-a880-040300000000','30adc962-7109-11ed-a880-040300000000','2023-03-30 17:50:35','DCCP-0322-2023','466/2023, 572 - O/2023, 466/2023, y 172/2023','2023-03-30 17:50:35','2023-03-30 17:50:35','2023-03-30 17:50:35','cf96124a-41fa-11ee-a8c9-3cd92b4d9bf4','8c9d201c-41fb-11ee-a8c9-3cd92b4d9bf4'),
('2d587f13-51a0-11ee-a933-236cb4402701','0','ac388667-50df-11ee-a933-236cb4402701','2023-09-12 12:11:29','2023-09-12 12:11:29','30adc962-7109-11ed-a880-040300000000','30adc962-7109-11ed-a880-040300000000','2023-03-22 18:11:29','DCCP-0273-2023','398/2023','2023-03-22 18:11:29','2023-03-22 18:11:29','2023-03-22 18:11:29','cf96124a-41fa-11ee-a8c9-3cd92b4d9bf4','8c9d206e-41fb-11ee-a8c9-3cd92b4d9bf4'),
('305cee59-519a-11ee-a933-236cb4402701','0','7b16c673-50e3-11ee-a933-236cb4402701','2023-09-12 11:28:37','2023-09-12 11:28:37','30adc962-7109-11ed-a880-040300000000','30adc962-7109-11ed-a880-040300000000','2023-03-23 17:28:32','DCCP-0285-2023','409/2023','2023-03-23 17:28:32','2023-03-23 17:28:32','2023-03-23 17:28:32','cf96124a-41fa-11ee-a8c9-3cd92b4d9bf4','8c9d225d-41fb-11ee-a8c9-3cd92b4d9bf4'),
('3eaf9200-519a-11ee-a933-236cb4402701','0','7b16c673-50e3-11ee-a933-236cb4402701','2023-09-12 11:29:01','2023-09-12 11:29:01','30adc962-7109-11ed-a880-040300000000','30adc962-7109-11ed-a880-040300000000','2023-03-23 17:29:38','DCCP-0284-2023','409/2023','2023-03-23 17:29:38','2023-03-23 17:29:38','2023-03-23 17:29:38','cf96124a-41fa-11ee-a8c9-3cd92b4d9bf4','8c9d201c-41fb-11ee-a8c9-3cd92b4d9bf4'),
('40caa984-5191-11ee-a933-236cb4402701','0','84594571-4e82-11ee-a933-236cb4402701','2023-09-14 13:02:18','2023-09-12 10:24:39','30adc962-7109-11ed-a880-040300000000','30adc962-7109-11ed-a880-040300000000','2023-05-26 16:24:53','DASA-0082-2023','65/2023','2023-05-26 16:24:53','2023-05-26 16:24:53','2023-05-26 16:24:53','cf96124a-41fa-11ee-a8c9-3cd92b4d9bf4','8c9d201c-41fb-11ee-a8c9-3cd92b4d9bf4'),
('4571e74e-519f-11ee-a933-236cb4402701','0','6eb2cc21-50de-11ee-a933-236cb4402701','2023-09-14 13:02:15','2023-09-12 12:05:00','30adc962-7109-11ed-a880-040300000000','30adc962-7109-11ed-a880-040300000000','2023-05-19 18:05:25','DASA-0026-2023','17/2023','2023-05-19 18:05:25','2023-05-19 18:05:25','2023-05-19 18:05:25','cf96124a-41fa-11ee-a8c9-3cd92b4d9bf4','8c9d201c-41fb-11ee-a8c9-3cd92b4d9bf4'),
('465bec2e-5196-11ee-a933-236cb4402701','0','81d3d166-50d3-11ee-a933-236cb4402701','2023-09-14 13:02:10','2023-09-12 11:00:36','30adc962-7109-11ed-a880-040300000000','30adc962-7109-11ed-a880-040300000000','2023-05-19 17:00:05','DASA-0016-2023','16/2023','2023-05-19 17:00:05','2023-05-19 17:00:05','2023-05-19 17:00:05','cf96124a-41fa-11ee-a8c9-3cd92b4d9bf4','8c9d201c-41fb-11ee-a8c9-3cd92b4d9bf4'),
('4e94b408-5194-11ee-a933-236cb4402701','0','d3eebe77-4e8e-11ee-a933-236cb4402701','2023-09-14 13:02:03','2023-09-12 10:46:31','30adc962-7109-11ed-a880-040300000000','30adc962-7109-11ed-a880-040300000000','2023-02-07 16:45:39','DCCP-104-2023','150/2023 Y 453/2023','2023-02-07 16:45:39','2023-02-07 16:45:39','2023-02-07 16:45:39','cf96124a-41fa-11ee-a8c9-3cd92b4d9bf4','8c9d2677-41fb-11ee-a8c9-3cd92b4d9bf4'),
('5022c4ec-519e-11ee-a933-236cb4402701','0','56ea8155-50dd-11ee-a933-236cb4402701','2023-09-12 11:58:08','2023-09-12 11:58:08','30adc962-7109-11ed-a880-040300000000','30adc962-7109-11ed-a880-040300000000','2023-03-30 17:58:14','DCCP-0320-2023','467/2023','2023-03-30 17:58:14','2023-03-30 17:58:14','2023-03-30 17:58:14','cf96124a-41fa-11ee-a8c9-3cd92b4d9bf4','8c9d201c-41fb-11ee-a8c9-3cd92b4d9bf4'),
('50a9cd89-5195-11ee-a933-236cb4402701','0','976d73e9-4e91-11ee-a933-236cb4402701','2023-09-14 13:02:00','2023-09-12 10:53:44','30adc962-7109-11ed-a880-040300000000','30adc962-7109-11ed-a880-040300000000','2023-02-07 16:52:31','DCCP-108-2023','151 - O/2023 y 54 - O/2023','2023-02-07 16:52:31','2023-02-07 16:52:31','2023-02-07 16:52:31','cf96124a-41fa-11ee-a8c9-3cd92b4d9bf4','8c9d2167-41fb-11ee-a8c9-3cd92b4d9bf4'),
('57e819ef-519f-11ee-a933-236cb4402701','0','6eb2cc21-50de-11ee-a933-236cb4402701','2023-09-14 13:01:56','2023-09-12 12:05:31','30adc962-7109-11ed-a880-040300000000','30adc962-7109-11ed-a880-040300000000','2023-05-19 18:06:01','DASA-0029-2023','17/2023','2023-05-19 18:06:01','2023-05-19 18:06:01','2023-05-19 18:06:01','cf96124a-41fa-11ee-a8c9-3cd92b4d9bf4','8c9d225d-41fb-11ee-a8c9-3cd92b4d9bf4'),
('57f9bdde-519d-11ee-a933-236cb4402701','0','0a162f08-50dc-11ee-a933-236cb4402701','2023-09-12 11:51:12','2023-09-12 11:51:12','30adc962-7109-11ed-a880-040300000000','30adc962-7109-11ed-a880-040300000000','2023-05-25 17:51:01','DASA-0068-2023','466/2023, 572 - O/2023, 466/2023, y 172/2023','2023-05-25 17:51:01','2023-05-25 17:51:01','2023-05-25 17:51:01','cf96124a-41fa-11ee-a8c9-3cd92b4d9bf4','8c9d2677-41fb-11ee-a8c9-3cd92b4d9bf4'),
('5ed7ff70-519e-11ee-a933-236cb4402701','0','56ea8155-50dd-11ee-a933-236cb4402701','2023-09-12 11:58:33','2023-09-12 11:58:33','30adc962-7109-11ed-a880-040300000000','30adc962-7109-11ed-a880-040300000000','2023-03-30 17:59:10','DCCP-0319-2023','467/2023','2023-03-30 17:59:10','2023-03-30 17:59:10','2023-03-30 17:59:10','cf96124a-41fa-11ee-a8c9-3cd92b4d9bf4','8c9d23a1-41fb-11ee-a8c9-3cd92b4d9bf4'),
('5ef05540-5196-11ee-a933-236cb4402701','0','81d3d166-50d3-11ee-a933-236cb4402701','2023-09-14 13:01:53','2023-09-12 11:01:17','30adc962-7109-11ed-a880-040300000000','30adc962-7109-11ed-a880-040300000000','2023-05-19 17:01:37','DASA-0020-2023','16/2023','2023-05-19 17:01:37','2023-05-19 17:01:37','2023-05-19 17:01:37','cf96124a-41fa-11ee-a8c9-3cd92b4d9bf4','8c9d225d-41fb-11ee-a8c9-3cd92b4d9bf4'),
('60f750fa-5199-11ee-a933-236cb4402701','0','fcb3bf39-50d4-11ee-a933-236cb4402701','2023-09-12 11:23:39','2023-09-12 11:22:49','30adc962-7109-11ed-a880-040300000000','30adc962-7109-11ed-a880-040300000000','2023-03-24 05:23:01','DCCP-0279-2023','410/2023','2023-03-24 05:23:01','2023-03-24 05:23:01','2023-03-24 05:23:01',NULL,NULL),
('6299e9de-5195-11ee-a933-236cb4402701','0','976d73e9-4e91-11ee-a933-236cb4402701','2023-09-14 13:01:46','2023-09-12 10:54:14','30adc962-7109-11ed-a880-040300000000','30adc962-7109-11ed-a880-040300000000','2023-02-07 16:54:45','DCCP-0106-2023','151 - O/2023 y 54 - O/2023','2023-02-07 16:54:45','2023-02-07 16:54:45','2023-02-07 16:54:45','cf96124a-41fa-11ee-a8c9-3cd92b4d9bf4','8c9d201c-41fb-11ee-a8c9-3cd92b4d9bf4'),
('6646f3ee-5193-11ee-a933-236cb4402701','0','d3eebe77-4e8e-11ee-a933-236cb4402701','2023-09-14 13:01:43','2023-09-12 10:40:01','30adc962-7109-11ed-a880-040300000000','30adc962-7109-11ed-a880-040300000000','2023-02-07 16:34:38','DCCP-102-2023','150/2023 Y 453/2023','2023-02-07 16:34:38','2023-02-07 16:34:38','2023-02-07 16:34:38','cf96124a-41fa-11ee-a8c9-3cd92b4d9bf4','8c9d2167-41fb-11ee-a8c9-3cd92b4d9bf4'),
('66c25bd7-519f-11ee-a933-236cb4402701','0','6eb2cc21-50de-11ee-a933-236cb4402701','2023-09-14 13:01:40','2023-09-12 12:05:56','30adc962-7109-11ed-a880-040300000000','30adc962-7109-11ed-a880-040300000000','2023-05-19 18:06:32','DASA-0027-2023','17/2023','2023-05-19 18:06:32','2023-05-19 18:06:32','2023-05-19 18:06:32','cf96124a-41fa-11ee-a8c9-3cd92b4d9bf4','8c9d206e-41fb-11ee-a8c9-3cd92b4d9bf4'),
('73751be5-5196-11ee-a933-236cb4402701','0','81d3d166-50d3-11ee-a933-236cb4402701','2023-09-14 13:01:36','2023-09-12 11:01:51','30adc962-7109-11ed-a880-040300000000','30adc962-7109-11ed-a880-040300000000','2023-05-19 17:02:20','DASA-0017-2023','16/2023','2023-05-19 17:02:20','2023-05-19 17:02:20','2023-05-19 17:02:20','cf96124a-41fa-11ee-a8c9-3cd92b4d9bf4','8c9d206e-41fb-11ee-a8c9-3cd92b4d9bf4'),
('7af826c3-519a-11ee-a933-236cb4402701','0','9654af7f-50da-11ee-a933-236cb4402701','2023-09-12 11:30:42','2023-09-12 11:30:42','30adc962-7109-11ed-a880-040300000000','30adc962-7109-11ed-a880-040300000000','2023-03-22 17:30:28','DCCP-0267-2023','396/2023','2023-03-22 17:30:28','2023-03-22 17:30:28','2023-03-22 17:30:28','cf96124a-41fa-11ee-a8c9-3cd92b4d9bf4','8c9d201c-41fb-11ee-a8c9-3cd92b4d9bf4'),
('8407c433-5191-11ee-a933-236cb4402701','0','84594571-4e82-11ee-a933-236cb4402701','2023-09-14 13:01:33','2023-09-12 10:26:32','30adc962-7109-11ed-a880-040300000000','30adc962-7109-11ed-a880-040300000000','2023-05-26 16:26:03','DASA-0079-2023','65/2023','2023-05-26 16:26:03','2023-05-26 16:26:03','2023-05-26 16:26:03','cf96124a-41fa-11ee-a8c9-3cd92b4d9bf4','8c9d225d-41fb-11ee-a8c9-3cd92b4d9bf4'),
('85875b11-519f-11ee-a933-236cb4402701','0','6eb2cc21-50de-11ee-a933-236cb4402701','2023-09-14 13:01:30','2023-09-12 12:06:47','30adc962-7109-11ed-a880-040300000000','30adc962-7109-11ed-a880-040300000000','2023-05-19 18:06:58','DASA-0028-2023','17/2023','2023-05-19 18:06:58','2023-05-19 18:06:58','2023-05-19 18:06:58','cf96124a-41fa-11ee-a8c9-3cd92b4d9bf4','8c9d2167-41fb-11ee-a8c9-3cd92b4d9bf4'),
('8a0ac6a7-5198-11ee-a933-236cb4402701','0','81d3d166-50d3-11ee-a933-236cb4402701','2023-09-14 13:01:27','2023-09-12 11:16:48','30adc962-7109-11ed-a880-040300000000','30adc962-7109-11ed-a880-040300000000','2023-05-19 17:12:18','DASA-0018-2023','16/2023','2023-05-19 17:12:18','2023-05-19 17:12:18','2023-05-19 17:12:18','cf96124a-41fa-11ee-a8c9-3cd92b4d9bf4','8c9d2167-41fb-11ee-a8c9-3cd92b4d9bf4'),
('8dd94ffa-5195-11ee-a933-236cb4402701','0','976d73e9-4e91-11ee-a933-236cb4402701','2023-09-14 13:01:24','2023-09-12 10:55:26','30adc962-7109-11ed-a880-040300000000','30adc962-7109-11ed-a880-040300000000','2023-02-07 16:55:22','DCCP-107-2023','151 - O/2023 y 54 - O/2023','2023-02-07 16:55:22','2023-02-07 16:55:22','2023-02-07 16:55:22','cf96124a-41fa-11ee-a8c9-3cd92b4d9bf4','8c9d206e-41fb-11ee-a8c9-3cd92b4d9bf4'),
('924b018a-5194-11ee-a933-236cb4402701','0','cb0cc245-4e90-11ee-a933-236cb4402701','2023-09-14 13:01:20','2023-09-12 10:48:24','30adc962-7109-11ed-a880-040300000000','30adc962-7109-11ed-a880-040300000000','2023-02-07 16:48:16','DCCP-112-2023','55 - O/2023 y 149 - O/2023','2023-02-07 16:48:16','2023-02-07 16:48:16','2023-02-07 16:48:16','cf96124a-41fa-11ee-a8c9-3cd92b4d9bf4','8c9d2167-41fb-11ee-a8c9-3cd92b4d9bf4'),
('92537229-519a-11ee-a933-236cb4402701','0','9654af7f-50da-11ee-a933-236cb4402701','2023-09-12 11:31:21','2023-09-12 11:31:21','30adc962-7109-11ed-a880-040300000000','30adc962-7109-11ed-a880-040300000000','2023-03-22 17:31:43','DCCP-0268-2023','396/2023','2023-03-22 17:31:43','2023-03-22 17:31:43','2023-03-22 17:31:43','cf96124a-41fa-11ee-a8c9-3cd92b4d9bf4','8c9d225d-41fb-11ee-a8c9-3cd92b4d9bf4'),
('937f93be-5193-11ee-a933-236cb4402701','0','d3eebe77-4e8e-11ee-a933-236cb4402701','2023-09-14 13:01:17','2023-09-12 10:41:17','30adc962-7109-11ed-a880-040300000000','30adc962-7109-11ed-a880-040300000000','2023-02-07 16:41:16','DCCP-0100-2023','150/2023 Y 453/2023','2023-02-07 16:41:16','2023-02-07 16:41:16','2023-02-07 16:41:16','cf96124a-41fa-11ee-a8c9-3cd92b4d9bf4','8c9d201c-41fb-11ee-a8c9-3cd92b4d9bf4'),
('9a5fbd36-519e-11ee-a933-236cb4402701','0','ee6227d6-50dd-11ee-a933-236cb4402701','2023-09-14 13:01:14','2023-09-12 12:00:13','30adc962-7109-11ed-a880-040300000000','30adc962-7109-11ed-a880-040300000000','2023-05-30 17:59:46','DASA-0097-2023','430/2023','2023-05-30 17:59:46','2023-05-30 17:59:46','2023-05-30 17:59:46','cf96124a-41fa-11ee-a8c9-3cd92b4d9bf4','8c9d225d-41fb-11ee-a8c9-3cd92b4d9bf4'),
('a2826923-5195-11ee-a933-236cb4402701','0','976d73e9-4e91-11ee-a933-236cb4402701','2023-09-14 13:01:11','2023-09-12 10:56:01','30adc962-7109-11ed-a880-040300000000','30adc962-7109-11ed-a880-040300000000','2023-02-07 16:56:30','DCCP-0105-2023','151 - O/2023 y 54 - O/2023','2023-02-07 16:56:30','2023-02-07 16:56:30','2023-02-07 16:56:30','cf96124a-41fa-11ee-a8c9-3cd92b4d9bf4','8c9d23a1-41fb-11ee-a8c9-3cd92b4d9bf4'),
('a4c2c14e-519f-11ee-a933-236cb4402701','0','025c8a88-50df-11ee-a933-236cb4402701','2023-09-21 16:43:22','2023-09-12 12:07:40','05edb872-4919-11ee-8002-d89d6776f970','05edb872-4919-11ee-8002-d89d6776f970','2023-03-23 00:08:05','DCCP-0269-2023','397/2023','2023-03-23 00:08:05','2023-03-23 00:08:05','2023-03-23 00:08:05','cf96124a-41fa-11ee-a8c9-3cd92b4d9bf4','8c9d201c-41fb-11ee-a8c9-3cd92b4d9bf4'),
('a4f20aac-519c-11ee-a933-236cb4402701','0','9584d8ad-50db-11ee-a933-236cb4402701','2023-09-14 13:01:07','2023-09-12 11:46:11','30adc962-7109-11ed-a880-040300000000','30adc962-7109-11ed-a880-040300000000','2023-05-19 17:46:15','DASA-022-2023','18/2023','2023-05-19 17:46:15','2023-05-19 17:46:15','2023-05-19 17:46:15','cf96124a-41fa-11ee-a8c9-3cd92b4d9bf4','8c9d201c-41fb-11ee-a8c9-3cd92b4d9bf4'),
('aba2f4de-5198-11ee-a933-236cb4402701','0','81d3d166-50d3-11ee-a933-236cb4402701','2023-09-14 13:01:04','2023-09-12 11:17:45','30adc962-7109-11ed-a880-040300000000','30adc962-7109-11ed-a880-040300000000','2023-05-20 05:17:55','DASA-0021-2023','16/2023','2023-05-20 05:17:55','2023-05-20 05:17:55','2023-05-20 05:17:55','cf96124a-41fa-11ee-a8c9-3cd92b4d9bf4','8c9d2677-41fb-11ee-a8c9-3cd92b4d9bf4'),
('ad6cc427-5193-11ee-a933-236cb4402701','0','d3eebe77-4e8e-11ee-a933-236cb4402701','2023-09-14 13:01:01','2023-09-12 10:42:00','30adc962-7109-11ed-a880-040300000000','30adc962-7109-11ed-a880-040300000000','2023-02-07 16:42:18','DCCP-0101-2023','150/2023 Y 453/2023','2023-02-07 16:42:18','2023-02-07 16:42:18','2023-02-07 16:42:18','cf96124a-41fa-11ee-a8c9-3cd92b4d9bf4','8c9d206e-41fb-11ee-a8c9-3cd92b4d9bf4'),
('b816aeb3-519f-11ee-a933-236cb4402701','0','025c8a88-50df-11ee-a933-236cb4402701','2023-09-12 12:08:12','2023-09-12 12:08:12','30adc962-7109-11ed-a880-040300000000','30adc962-7109-11ed-a880-040300000000','2023-03-22 18:08:43','DCCP-0270-2023','397/2023','2023-03-22 18:08:43','2023-03-22 18:08:43','2023-03-22 18:08:43','cf96124a-41fa-11ee-a8c9-3cd92b4d9bf4','8c9d2677-41fb-11ee-a8c9-3cd92b4d9bf4'),
('b82708cf-5194-11ee-a933-236cb4402701','0','cb0cc245-4e90-11ee-a933-236cb4402701','2023-09-14 13:00:58','2023-09-12 10:49:28','30adc962-7109-11ed-a880-040300000000','30adc962-7109-11ed-a880-040300000000','2023-02-07 16:49:27','DCCP-110-2023','55 - O/2023 y 149 - O/2023','2023-02-07 16:49:27','2023-02-07 16:49:27','2023-02-07 16:49:27','cf96124a-41fa-11ee-a8c9-3cd92b4d9bf4','8c9d201c-41fb-11ee-a8c9-3cd92b4d9bf4'),
('b9d11d43-519e-11ee-a933-236cb4402701','0','ee6227d6-50dd-11ee-a933-236cb4402701','2023-09-14 13:00:54','2023-09-12 12:01:05','30adc962-7109-11ed-a880-040300000000','30adc962-7109-11ed-a880-040300000000','2023-05-30 06:01:14','DASA-0099-2023','430/2023','2023-05-30 06:01:14','2023-05-30 06:01:14','2023-05-30 06:01:14','cf96124a-41fa-11ee-a8c9-3cd92b4d9bf4','8c9d2771-41fb-11ee-a8c9-3cd92b4d9bf4'),
('bc6da0e6-519d-11ee-a933-236cb4402701','0','cded7817-50dc-11ee-a933-236cb4402701','2023-09-14 13:00:50','2023-09-12 11:54:00','30adc962-7109-11ed-a880-040300000000','30adc962-7109-11ed-a880-040300000000','2023-05-22 17:53:35','DASA-033-2023','25/2023','2023-05-22 17:53:35','2023-05-22 17:53:35','2023-05-22 17:53:35','cf96124a-41fa-11ee-a8c9-3cd92b4d9bf4','8c9d201c-41fb-11ee-a8c9-3cd92b4d9bf4'),
('bee547bf-5199-11ee-a933-236cb4402701','0','fcb3bf39-50d4-11ee-a933-236cb4402701','2023-09-12 11:25:26','2023-09-12 11:25:26','30adc962-7109-11ed-a880-040300000000','30adc962-7109-11ed-a880-040300000000','2023-03-23 17:25:46','DCCP-0279-2023','410/2023','2023-03-23 17:25:46','2023-03-23 17:25:46','2023-03-23 17:25:46','cf96124a-41fa-11ee-a8c9-3cd92b4d9bf4','8c9d206e-41fb-11ee-a8c9-3cd92b4d9bf4'),
('bf61778e-518f-11ee-a933-236cb4402701','0','84594571-4e82-11ee-a933-236cb4402701','2023-09-14 13:00:46','2023-09-12 10:13:52','30adc962-7109-11ed-a880-040300000000','30adc962-7109-11ed-a880-040300000000','2023-05-31 16:11:40','DASA-0100-2023','65/2023','2023-05-31 16:11:40','2023-05-31 16:11:40','2023-05-31 16:11:40','cf96124a-41fa-11ee-a8c9-3cd92b4d9bf4','8c9d2167-41fb-11ee-a8c9-3cd92b4d9bf4'),
('c02ab12b-519c-11ee-a933-236cb4402701','0','9584d8ad-50db-11ee-a933-236cb4402701','2023-09-14 13:00:43','2023-09-12 11:46:57','30adc962-7109-11ed-a880-040300000000','30adc962-7109-11ed-a880-040300000000','2023-05-19 17:47:13','DASA-025-2023','18/2023','2023-05-19 17:47:13','2023-05-19 17:47:13','2023-05-19 17:47:13','cf96124a-41fa-11ee-a8c9-3cd92b4d9bf4','8c9d225d-41fb-11ee-a8c9-3cd92b4d9bf4'),
('c283c766-5191-11ee-a933-236cb4402701','0','84594571-4e82-11ee-a933-236cb4402701','2023-09-14 13:00:40','2023-09-12 10:28:17','30adc962-7109-11ed-a880-040300000000','30adc962-7109-11ed-a880-040300000000','2023-05-26 16:27:34','DASA-0078-2023','65/2023','2023-05-26 16:27:34','2023-05-26 16:27:34','2023-05-26 16:27:34','cf96124a-41fa-11ee-a8c9-3cd92b4d9bf4','8c9d21b8-41fb-11ee-a8c9-3cd92b4d9bf4'),
('cb01ee22-5193-11ee-a933-236cb4402701','0','d3eebe77-4e8e-11ee-a933-236cb4402701','2023-09-14 13:00:36','2023-09-12 10:42:50','30adc962-7109-11ed-a880-040300000000','30adc962-7109-11ed-a880-040300000000','2023-02-07 16:43:02','DCCP-0101-2023','150/2023 Y 453/2023','2023-02-07 16:43:02','2023-02-07 16:43:02','2023-02-07 16:43:02','cf96124a-41fa-11ee-a8c9-3cd92b4d9bf4','8c9d23a1-41fb-11ee-a8c9-3cd92b4d9bf4'),
('d042e1bf-5194-11ee-a933-236cb4402701','0','cb0cc245-4e90-11ee-a933-236cb4402701','2023-09-14 13:00:32','2023-09-12 10:50:08','30adc962-7109-11ed-a880-040300000000','30adc962-7109-11ed-a880-040300000000','2023-02-07 16:50:39','DCCP-0111-2023','55 - O/2023 y 149 - O/2023','2023-02-07 16:50:39','2023-02-07 16:50:39','2023-02-07 16:50:39','cf96124a-41fa-11ee-a8c9-3cd92b4d9bf4','8c9d206e-41fb-11ee-a8c9-3cd92b4d9bf4'),
('d3c33551-519d-11ee-a933-236cb4402701','0','cded7817-50dc-11ee-a933-236cb4402701','2023-09-14 13:00:29','2023-09-12 11:54:39','30adc962-7109-11ed-a880-040300000000','30adc962-7109-11ed-a880-040300000000','2023-05-22 17:55:05','DASA-034-2023','25/2023','2023-05-22 17:55:05','2023-05-22 17:55:05','2023-05-22 17:55:05','cf96124a-41fa-11ee-a8c9-3cd92b4d9bf4','8c9d2677-41fb-11ee-a8c9-3cd92b4d9bf4'),
('d43e1a3e-519e-11ee-a933-236cb4402701','0','ee6227d6-50dd-11ee-a933-236cb4402701','2023-09-14 13:00:25','2023-09-12 12:01:50','30adc962-7109-11ed-a880-040300000000','30adc962-7109-11ed-a880-040300000000','2023-05-30 18:02:07','DASA-0095-2023','430/2023','2023-05-30 18:02:07','2023-05-30 18:02:07','2023-05-30 18:02:07','cf96124a-41fa-11ee-a8c9-3cd92b4d9bf4','8c9d201c-41fb-11ee-a8c9-3cd92b4d9bf4'),
('d52d02ae-5195-11ee-a933-236cb4402701','0','980981ef-50d1-11ee-a933-236cb4402701','2023-09-12 10:57:26','2023-09-12 10:57:26','30adc962-7109-11ed-a880-040300000000','30adc962-7109-11ed-a880-040300000000','2023-03-23 16:57:37','DCCP-0281-2023','408/2023','2023-03-23 16:57:37','2023-03-23 16:57:37','2023-03-23 16:57:37','cf96124a-41fa-11ee-a8c9-3cd92b4d9bf4','8c9d201c-41fb-11ee-a8c9-3cd92b4d9bf4'),
('da3b4295-519c-11ee-a933-236cb4402701','0','9584d8ad-50db-11ee-a933-236cb4402701','2023-09-14 13:00:20','2023-09-12 11:47:41','30adc962-7109-11ed-a880-040300000000','30adc962-7109-11ed-a880-040300000000','2023-05-19 17:47:58','DASA-023-2023','18/2023','2023-05-19 17:47:58','2023-05-19 17:47:58','2023-05-19 17:47:58','cf96124a-41fa-11ee-a8c9-3cd92b4d9bf4','8c9d206e-41fb-11ee-a8c9-3cd92b4d9bf4'),
('e2958c4c-5194-11ee-a933-236cb4402701','0','cb0cc245-4e90-11ee-a933-236cb4402701','2023-09-14 13:00:17','2023-09-12 10:50:39','30adc962-7109-11ed-a880-040300000000','30adc962-7109-11ed-a880-040300000000','2023-02-07 16:51:11','DCCP-0109-2023','55 - O/2023 y 149 - O/2023','2023-02-07 16:51:11','2023-02-07 16:51:11','2023-02-07 16:51:11','cf96124a-41fa-11ee-a8c9-3cd92b4d9bf4','8c9d23a1-41fb-11ee-a8c9-3cd92b4d9bf4'),
('e8f07932-5195-11ee-a933-236cb4402701','0','980981ef-50d1-11ee-a933-236cb4402701','2023-09-12 10:57:59','2023-09-12 10:57:59','30adc962-7109-11ed-a880-040300000000','30adc962-7109-11ed-a880-040300000000','2023-03-23 16:58:27','DCCP-0282-2023','408/2023','2023-03-23 16:58:27','2023-03-23 16:58:27','2023-03-23 16:58:27','cf96124a-41fa-11ee-a8c9-3cd92b4d9bf4','8c9d206e-41fb-11ee-a8c9-3cd92b4d9bf4'),
('e9ef0ced-519e-11ee-a933-236cb4402701','0','ee6227d6-50dd-11ee-a933-236cb4402701','2023-09-14 13:00:14','2023-09-12 12:02:26','30adc962-7109-11ed-a880-040300000000','30adc962-7109-11ed-a880-040300000000','2023-05-30 18:02:54','DASA-0098-2023','430/2023','2023-05-30 18:02:54','2023-05-30 18:02:54','2023-05-30 18:02:54','cf96124a-41fa-11ee-a8c9-3cd92b4d9bf4','8c9d2677-41fb-11ee-a8c9-3cd92b4d9bf4'),
('ef6014a3-519f-11ee-a933-236cb4402701','0','ac388667-50df-11ee-a933-236cb4402701','2023-09-12 12:09:45','2023-09-12 12:09:45','30adc962-7109-11ed-a880-040300000000','30adc962-7109-11ed-a880-040300000000','2023-03-22 18:10:03','DCCP-0271-2023','398/2023','2023-03-22 18:10:03','2023-03-22 18:10:03','2023-03-22 18:10:03','cf96124a-41fa-11ee-a8c9-3cd92b4d9bf4','8c9d201c-41fb-11ee-a8c9-3cd92b4d9bf4'),
('f0fe8e9b-519c-11ee-a933-236cb4402701','0','9584d8ad-50db-11ee-a933-236cb4402701','2023-09-14 13:00:11','2023-09-12 11:48:19','30adc962-7109-11ed-a880-040300000000','30adc962-7109-11ed-a880-040300000000','2023-05-19 17:48:52','DASA-024-2023','18/2023','2023-05-19 17:48:52','2023-05-19 17:48:52','2023-05-19 17:48:52','cf96124a-41fa-11ee-a8c9-3cd92b4d9bf4','8c9d2167-41fb-11ee-a8c9-3cd92b4d9bf4'),
('f336e82b-519d-11ee-a933-236cb4402701','0','cded7817-50dc-11ee-a933-236cb4402701','2023-09-14 13:00:07','2023-09-12 11:55:32','30adc962-7109-11ed-a880-040300000000','30adc962-7109-11ed-a880-040300000000','2023-05-22 17:55:41','DASA-035-2023','25/2023','2023-05-22 17:55:41','2023-05-22 17:55:41','2023-05-22 17:55:41','cf96124a-41fa-11ee-a8c9-3cd92b4d9bf4','8c9d21b8-41fb-11ee-a8c9-3cd92b4d9bf4'),
('fbcc86a2-519e-11ee-a933-236cb4402701','0','ee6227d6-50dd-11ee-a933-236cb4402701','2023-09-14 13:00:03','2023-09-12 12:02:56','30adc962-7109-11ed-a880-040300000000','30adc962-7109-11ed-a880-040300000000','2023-05-31 18:03:32','DASA-0104-2023','430/2023','2023-05-31 18:03:32','2023-05-31 18:03:32','2023-05-31 18:03:32','cf96124a-41fa-11ee-a8c9-3cd92b4d9bf4','8c9d206e-41fb-11ee-a8c9-3cd92b4d9bf4'),
('fe3f8594-5199-11ee-a933-236cb4402701','0','fcb3bf39-50d4-11ee-a933-236cb4402701','2023-09-12 11:27:13','2023-09-12 11:27:13','30adc962-7109-11ed-a880-040300000000','30adc962-7109-11ed-a880-040300000000','2023-03-23 17:27:18','DCCP-0280-2023','410/2023','2023-03-23 17:27:18','2023-03-23 17:27:18','2023-03-23 17:27:18','cf96124a-41fa-11ee-a8c9-3cd92b4d9bf4','8c9d225d-41fb-11ee-a8c9-3cd92b4d9bf4');
/*!40000 ALTER TABLE `C_Notificacion_area` ENABLE KEYS */;
UNLOCK TABLES;

--
-- Table structure for table `Cat_Anios`
--

DROP TABLE IF EXISTS `Cat_Anios`;
/*!40101 SET @saved_cs_client     = @@character_set_client */;
/*!40101 SET character_set_client = utf8 */;
CREATE TABLE `Cat_Anios` (
  `id` char(36) NOT NULL DEFAULT uuid(),
  `deleted` binary(1) NOT NULL DEFAULT '0',
  `UltimaActualizacion` datetime NOT NULL DEFAULT current_timestamp() ON UPDATE current_timestamp(),
  `FechaCreacion` datetime NOT NULL DEFAULT current_timestamp(),
  `ModificadoPor` char(36) NOT NULL,
  `CreadoPor` char(36) NOT NULL DEFAULT '',
  `anio` int(11) NOT NULL DEFAULT 0,
  PRIMARY KEY (`id`) USING BTREE,
  UNIQUE KEY `catanio` (`anio`)
) ENGINE=InnoDB DEFAULT CHARSET=utf8mb3 COLLATE=utf8mb3_general_ci COMMENT='tabla para guardar informacin de los aos Fiscales';
/*!40101 SET character_set_client = @saved_cs_client */;

--
-- Dumping data for table `Cat_Anios`
--

LOCK TABLES `Cat_Anios` WRITE;
/*!40000 ALTER TABLE `Cat_Anios` DISABLE KEYS */;
INSERT INTO `Cat_Anios` VALUES
('022446ce-1f71-11ee-ac66-3cd92b4d9bf4','0','2023-08-18 17:40:57','2023-07-10 16:27:52','30adc962-7109-11ed-a880-040300000000','30adc962-7109-11ed-a880-040300000000',2018),
('0a055a50-1f71-11ee-ac66-3cd92b4d9bf4','0','2023-08-18 17:40:57','2023-07-10 16:28:05','30adc962-7109-11ed-a880-040300000000','30adc962-7109-11ed-a880-040300000000',2019),
('107fa42d-1f71-11ee-ac66-3cd92b4d9bf4','0','2023-08-18 17:40:56','2023-07-10 16:28:16','30adc962-7109-11ed-a880-040300000000','30adc962-7109-11ed-a880-040300000000',2020),
('1abdd481-1f71-11ee-ac66-3cd92b4d9bf4','0','2023-08-18 17:40:56','2023-07-10 16:28:33','30adc962-7109-11ed-a880-040300000000','30adc962-7109-11ed-a880-040300000000',2022),
('216f9174-1f71-11ee-ac66-3cd92b4d9bf4','0','2023-08-18 17:40:55','2023-07-10 16:28:44','30adc962-7109-11ed-a880-040300000000','30adc962-7109-11ed-a880-040300000000',2023),
('3e3b79c9-3709-11ee-af0d-3cd92b4d9bf4','0','2023-09-06 11:37:50','2023-08-09 17:05:33','30adc962-7109-11ed-a880-040300000000','30adc962-7109-11ed-a880-040300000000',2021),
('f6b6f223-40a9-11ee-a8c9-3cd92b4d9bf4','0','2023-09-06 11:37:51','2023-08-21 23:08:42','30adc962-7109-11ed-a880-040300000000','30adc962-7109-11ed-a880-040300000000',2024),
('f70e513c-1f70-11ee-ac66-3cd92b4d9bf4','0','2023-08-18 17:40:59','2023-07-10 16:27:33','30adc962-7109-11ed-a880-040300000000','30adc962-7109-11ed-a880-040300000000',2016),
('fd2b1169-1f70-11ee-ac66-3cd92b4d9bf4','0','2023-08-18 17:40:58','2023-07-10 16:27:43','30adc962-7109-11ed-a880-040300000000','30adc962-7109-11ed-a880-040300000000',2017);
/*!40000 ALTER TABLE `Cat_Anios` ENABLE KEYS */;
UNLOCK TABLES;

--
-- Table structure for table `Cat_Entidad_Fiscalizada`
--

DROP TABLE IF EXISTS `Cat_Entidad_Fiscalizada`;
/*!40101 SET @saved_cs_client     = @@character_set_client */;
/*!40101 SET character_set_client = utf8 */;
CREATE TABLE `Cat_Entidad_Fiscalizada` (
  `id` char(36) NOT NULL DEFAULT uuid(),
  `deleted` binary(1) NOT NULL DEFAULT '0',
  `UltimaActualizacion` datetime NOT NULL DEFAULT current_timestamp() ON UPDATE current_timestamp(),
  `FechaCreacion` datetime NOT NULL DEFAULT current_timestamp(),
  `ModificadoPor` char(36) NOT NULL,
  `CreadoPor` char(36) NOT NULL DEFAULT '',
  `Descripcion` varchar(100) DEFAULT NULL,
  PRIMARY KEY (`id`) USING BTREE,
  UNIQUE KEY `ndice 2` (`Descripcion`)
) ENGINE=InnoDB DEFAULT CHARSET=utf8mb3 COLLATE=utf8mb3_general_ci COMMENT='tabla para guardar informacin del catalgo de Entidad Fiscalizada';
/*!40101 SET character_set_client = @saved_cs_client */;

--
-- Dumping data for table `Cat_Entidad_Fiscalizada`
--

LOCK TABLES `Cat_Entidad_Fiscalizada` WRITE;
/*!40000 ALTER TABLE `Cat_Entidad_Fiscalizada` DISABLE KEYS */;
INSERT INTO `Cat_Entidad_Fiscalizada` VALUES
('06e7fe39-2a9a-11ee-ab48-3cd92b4d9bf4','0','2023-07-24 21:19:12','2023-07-24 21:19:12','1','1','Gobierno del Estado de Nuevo Len\r\n'),
('a7a87885-4179-11ee-a8c9-3cd92b4d9bf4','0','2023-07-24 21:19:12','2023-07-24 21:19:12','1','1','Auditora Superior de la Federacin'),
('a7afa7f2-4179-11ee-a8c9-3cd92b4d9bf4','0','2023-07-24 21:19:12','2023-07-24 21:19:12','1','1','Auditora Superior del Estado de Nuevo Len'),
('a7b14deb-4179-11ee-a8c9-3cd92b4d9bf4','0','2023-07-24 21:19:12','2023-07-24 21:19:12','1','1','Caminos y Puentes Federales de Ingresos y Servicios Conexos'),
('a7b37558-4179-11ee-a8c9-3cd92b4d9bf4','0','2023-07-24 21:19:12','2023-07-24 21:19:12','1','1','Centro Nacional de Control del Gas Natural'),
('a7b54057-4179-11ee-a8c9-3cd92b4d9bf4','0','2023-07-24 21:19:12','2023-07-24 21:19:12','1','1','CFE Consolidado'),
('a7b7dfc3-4179-11ee-a8c9-3cd92b4d9bf4','0','2023-07-24 21:19:12','2023-07-24 21:19:12','1','1','CFE Corporativo'),
('a7b9d18e-4179-11ee-a8c9-3cd92b4d9bf4','0','2023-07-24 21:19:12','2023-07-24 21:19:12','1','1','CFE Generacin II'),
('a7bbb8c5-4179-11ee-a8c9-3cd92b4d9bf4','0','2023-07-24 21:19:12','2023-07-24 21:19:12','1','1','CFE Generacin IV'),
('a7bd8372-4179-11ee-a8c9-3cd92b4d9bf4','0','2023-07-24 21:19:12','2023-07-24 21:19:12','1','1','Colegio de Estudios Cientficos y Tecnolgicos del Estado de Nuevo Len'),
('a7bf6a8b-4179-11ee-a8c9-3cd92b4d9bf4','0','2023-07-24 21:19:12','2023-07-24 21:19:12','1','1','Comisin Nacional del Agua'),
('a7c1da23-4179-11ee-a8c9-3cd92b4d9bf4','0','2023-07-24 21:19:12','2023-07-24 21:19:12','1','1','Congreso del Estado de Nuevo Len'),
('a7c46636-4179-11ee-a8c9-3cd92b4d9bf4','0','2023-07-24 21:19:12','2023-07-24 21:19:12','1','1','Consejo de la Judicatura Federal'),
('a7c78607-4179-11ee-a8c9-3cd92b4d9bf4','0','2023-07-24 21:19:12','2023-07-24 21:19:12','1','1','Fideicomiso de Fomento Minero'),
('a7c92952-4179-11ee-a8c9-3cd92b4d9bf4','0','2023-07-24 21:19:12','2023-07-24 21:19:12','1','1','Financiera Nacional de Desarrollo Agropecuario, Rural, Forestal y Pesquero'),
('a7cbe69e-4179-11ee-a8c9-3cd92b4d9bf4','0','2023-07-24 21:19:12','2023-07-24 21:19:12','1','1','Fiscala General de la Repblica'),
('a7d0b34c-4179-11ee-a8c9-3cd92b4d9bf4','0','2023-07-24 21:19:12','2023-07-24 21:19:12','1','1','Instituto de Salud para el Bienestar'),
('a7d335fe-4179-11ee-a8c9-3cd92b4d9bf4','0','2023-07-24 21:19:12','2023-07-24 21:19:12','1','1','Instituto de Seguridad Social para las Fuerzas Armadas Mexicanas'),
('a7d4d80c-4179-11ee-a8c9-3cd92b4d9bf4','0','2023-07-24 21:19:12','2023-07-24 21:19:12','1','1','Instituto de Seguridad y Servicios Sociales de los Trabajadores del Estado'),
('a7d72b8e-4179-11ee-a8c9-3cd92b4d9bf4','0','2023-07-24 21:19:12','2023-07-24 21:19:12','1','1','Instituto de Seguridad y Servicios Sociales de los Trabajadores del Estado de Nuevo Len'),
('a7d8ce5e-4179-11ee-a8c9-3cd92b4d9bf4','0','2023-07-24 21:19:12','2023-07-24 21:19:12','1','1','Instituto Mexicano del Seguro Social'),
('a7dadbdb-4179-11ee-a8c9-3cd92b4d9bf4','0','2023-07-24 21:19:12','2023-07-24 21:19:12','1','1','Instituto Nacional de la Infraestructura Fsica Educativa (En proceso de desincorporacin)'),
('a7dca68b-4179-11ee-a8c9-3cd92b4d9bf4','0','2023-07-24 21:19:12','2023-07-24 21:19:12','1','1','Instituto Nacional para el Desarrollo de Capacidades del Sector Rural, A.C.'),
('a7df1fbc-4179-11ee-a8c9-3cd92b4d9bf4','0','2023-07-24 21:19:12','2023-07-24 21:19:12','1','1','Municipio de Anhuac, Nuevo Len'),
('a7e1ad18-4179-11ee-a8c9-3cd92b4d9bf4','0','2023-07-24 21:19:12','2023-07-24 21:19:12','1','1','Municipio de Apodaca, Nuevo Len'),
('a7e46163-4179-11ee-a8c9-3cd92b4d9bf4','0','2023-07-24 21:19:12','2023-07-24 21:19:12','1','1','Municipio de Aramberri, Nuevo Len'),
('a7e7019a-4179-11ee-a8c9-3cd92b4d9bf4','0','2023-07-24 21:19:12','2023-07-24 21:19:12','1','1','Municipio de Cadereyta Jimnez, Nuevo Len'),
('a7e9c8c8-4179-11ee-a8c9-3cd92b4d9bf4','0','2023-07-24 21:19:12','2023-07-24 21:19:12','1','1','Municipio de Cerralvo, Nuevo Len'),
('a7eb87f8-4179-11ee-a8c9-3cd92b4d9bf4','0','2023-07-24 21:19:12','2023-07-24 21:19:12','1','1','Municipio de China, Nuevo Len'),
('a7ed35e4-4179-11ee-a8c9-3cd92b4d9bf4','0','2023-07-24 21:19:12','2023-07-24 21:19:12','1','1','Municipio de Doctor Arroyo, Nuevo Len'),
('a7efc2c7-4179-11ee-a8c9-3cd92b4d9bf4','0','2023-07-24 21:19:12','2023-07-24 21:19:12','1','1','Municipio de El Carmen, Nuevo Len'),
('a7f2328b-4179-11ee-a8c9-3cd92b4d9bf4','0','2023-07-24 21:19:12','2023-07-24 21:19:12','1','1','Municipio de Galeana, Nuevo Len'),
('a7f46827-4179-11ee-a8c9-3cd92b4d9bf4','0','2023-07-24 21:19:12','2023-07-24 21:19:12','1','1','Municipio de Garca, Nuevo Len'),
('a7f662f3-4179-11ee-a8c9-3cd92b4d9bf4','0','2023-07-24 21:19:12','2023-07-24 21:19:12','1','1','Municipio de General Bravo, Nuevo Len'),
('a7f8dc35-4179-11ee-a8c9-3cd92b4d9bf4','0','2023-07-24 21:19:12','2023-07-24 21:19:12','1','1','Municipio de General Escobedo, Nuevo Len'),
('a7fb1a2f-4179-11ee-a8c9-3cd92b4d9bf4','0','2023-07-24 21:19:12','2023-07-24 21:19:12','1','1','Municipio de General Zaragoza, Nuevo Len'),
('a7fd76a7-4179-11ee-a8c9-3cd92b4d9bf4','0','2023-07-24 21:19:12','2023-07-24 21:19:12','1','1','Municipio de General Zuazua, Nuevo Len'),
('a7ffbf85-4179-11ee-a8c9-3cd92b4d9bf4','0','2023-07-24 21:19:12','2023-07-24 21:19:12','1','1','Municipio de Guadalupe, Nuevo Len'),
('a801eb19-4179-11ee-a8c9-3cd92b4d9bf4','0','2023-07-24 21:19:12','2023-07-24 21:19:12','1','1','Municipio de Jurez, Nuevo Len'),
('a803db3a-4179-11ee-a8c9-3cd92b4d9bf4','0','2023-07-24 21:19:12','2023-07-24 21:19:12','1','1','Municipio de Linares, Nuevo Len'),
('a80699ed-4179-11ee-a8c9-3cd92b4d9bf4','0','2023-07-24 21:19:12','2023-07-24 21:19:12','1','1','Municipio de Montemorelos, Nuevo Len'),
('a8091ca2-4179-11ee-a8c9-3cd92b4d9bf4','0','2023-07-24 21:19:12','2023-07-24 21:19:12','1','1','Municipio de Monterrey, Nuevo Len'),
('a80b51d3-4179-11ee-a8c9-3cd92b4d9bf4','0','2023-07-24 21:19:12','2023-07-24 21:19:12','1','1','Municipio de Sabinas Hidalgo, Nuevo Len'),
('a80d11c9-4179-11ee-a8c9-3cd92b4d9bf4','0','2023-07-24 21:19:12','2023-07-24 21:19:12','1','1','Municipio de San Nicols de los Garza, Nuevo Len'),
('a80fc5ca-4179-11ee-a8c9-3cd92b4d9bf4','0','2023-07-24 21:19:12','2023-07-24 21:19:12','1','1','Municipio de San Pedro Garza Garca, Nuevo Len'),
('a8122c1e-4179-11ee-a8c9-3cd92b4d9bf4','0','2023-07-24 21:19:12','2023-07-24 21:19:12','1','1','Municipio de Santa Catarina, Nuevo Len'),
('a814aeea-4179-11ee-a8c9-3cd92b4d9bf4','0','2023-07-24 21:19:12','2023-07-24 21:19:12','1','1','Pemex Corporativo'),
('a81780ec-4179-11ee-a8c9-3cd92b4d9bf4','0','2023-07-24 21:19:12','2023-07-24 21:19:12','1','1','Pemex Exploracin y Produccin'),
('a81953d2-4179-11ee-a8c9-3cd92b4d9bf4','0','2023-07-24 21:19:12','2023-07-24 21:19:12','1','1','Pemex Transformacin Industrial'),
('a81b087b-4179-11ee-a8c9-3cd92b4d9bf4','0','2023-07-24 21:19:12','2023-07-24 21:19:12','1','1','Pemex-Gas y Petroqumica Bsica'),
('a81d6ec8-4179-11ee-a8c9-3cd92b4d9bf4','0','2023-07-24 21:19:12','2023-07-24 21:19:12','1','1','Pemex-Refinacin'),
('a8200ff4-4179-11ee-a8c9-3cd92b4d9bf4','0','2023-07-24 21:19:12','2023-07-24 21:19:12','1','1','Poder Judicial del Estado de Nuevo Len'),
('a822bab7-4179-11ee-a8c9-3cd92b4d9bf4','0','2023-07-24 21:19:12','2023-07-24 21:19:12','1','1','Secretara de Agricultura y Desarrollo Rural'),
('a824e61c-4179-11ee-a8c9-3cd92b4d9bf4','0','2023-07-24 21:19:12','2023-07-24 21:19:12','1','1','Secretara de Bienestar'),
('a8271b54-4179-11ee-a8c9-3cd92b4d9bf4','0','2023-07-24 21:19:12','2023-07-24 21:19:12','1','1','Secretara de Cultura'),
('a828d20e-4179-11ee-a8c9-3cd92b4d9bf4','0','2023-07-24 21:19:12','2023-07-24 21:19:12','1','1','Secretara de Economa'),
('a82b3837-4179-11ee-a8c9-3cd92b4d9bf4','0','2023-07-24 21:19:12','2023-07-24 21:19:12','1','1','Secretara de Educacin Pblica'),
('a82dbb78-4179-11ee-a8c9-3cd92b4d9bf4','0','2023-07-24 21:19:12','2023-07-24 21:19:12','1','1','Secretara de Gobernacin'),
('a830652d-4179-11ee-a8c9-3cd92b4d9bf4','0','2023-07-24 21:19:12','2023-07-24 21:19:12','1','1','Secretara de Hacienda y Crdito Pblico'),
('a833236e-4179-11ee-a8c9-3cd92b4d9bf4','0','2023-07-24 21:19:12','2023-07-24 21:19:12','1','1','Secretara de Infraestructura, Comunicaciones y Transportes'),
('a8365566-4179-11ee-a8c9-3cd92b4d9bf4','0','2023-07-24 21:19:12','2023-07-24 21:19:12','1','1','Secretara de Salud'),
('a837e5c7-4179-11ee-a8c9-3cd92b4d9bf4','0','2023-07-24 21:19:12','2023-07-24 21:19:12','1','1','Secretara de Seguridad y Proteccin Ciudadana'),
('a83b492e-4179-11ee-a8c9-3cd92b4d9bf4','0','2023-07-24 21:19:12','2023-07-24 21:19:12','1','1','Secretariado Ejecutivo del Sistema Nacional de Seguridad Pblica'),
('a83f0480-4179-11ee-a8c9-3cd92b4d9bf4','0','2023-07-24 21:19:12','2023-07-24 21:19:12','1','1','Servicio de Administracin Tributaria'),
('a840eb3b-4179-11ee-a8c9-3cd92b4d9bf4','0','2023-07-24 21:19:12','2023-07-24 21:19:12','1','1','Universidad Autnoma de Nuevo Len'),
('a8438bdf-4179-11ee-a8c9-3cd92b4d9bf4','0','2023-07-24 21:19:12','2023-07-24 21:19:12','1','1','Universidad Tecnolgica Gral. Mariano Escobedo');
/*!40000 ALTER TABLE `Cat_Entidad_Fiscalizada` ENABLE KEYS */;
UNLOCK TABLES;

--
-- Table structure for table `Cat_Estatus_Acciones`
--

DROP TABLE IF EXISTS `Cat_Estatus_Acciones`;
/*!40101 SET @saved_cs_client     = @@character_set_client */;
/*!40101 SET character_set_client = utf8 */;
CREATE TABLE `Cat_Estatus_Acciones` (
  `id` char(36) NOT NULL DEFAULT uuid(),
  `deleted` binary(1) NOT NULL DEFAULT '0',
  `UltimaActualizacion` datetime NOT NULL DEFAULT current_timestamp() ON UPDATE current_timestamp(),
  `FechaCreacion` datetime NOT NULL DEFAULT current_timestamp(),
  `ModificadoPor` char(36) NOT NULL,
  `CreadoPor` char(36) NOT NULL DEFAULT '',
  `Descripcion` varchar(100) DEFAULT NULL,
  PRIMARY KEY (`id`) USING BTREE,
  UNIQUE KEY `ndice 2` (`Descripcion`)
) ENGINE=InnoDB DEFAULT CHARSET=utf8mb3 COLLATE=utf8mb3_general_ci COMMENT='tabla para guardar informacin de estatus de las acciones';
/*!40101 SET character_set_client = @saved_cs_client */;

--
-- Dumping data for table `Cat_Estatus_Acciones`
--

LOCK TABLES `Cat_Estatus_Acciones` WRITE;
/*!40000 ALTER TABLE `Cat_Estatus_Acciones` DISABLE KEYS */;
INSERT INTO `Cat_Estatus_Acciones` VALUES
('38ec9e65-1f72-11ee-ac66-3cd92b4d9bf4','0','2023-07-10 16:36:33','2023-07-10 16:36:33','1','1','Con Seguimiento Concluido\r\n'),
('3f356b43-1f72-11ee-ac66-3cd92b4d9bf4','0','2023-07-10 16:36:44','2023-07-10 16:36:44','1','1','Sustituida por Nueva Accin'),
('45586aad-1f72-11ee-ac66-3cd92b4d9bf4','0','2023-07-10 16:36:54','2023-07-10 16:36:54','1','1','Dio Lugar a un Procedimiento Resarcitorio\r\n'),
('4a9acd20-1f72-11ee-ac66-3cd92b4d9bf4','0','2023-07-10 16:37:03','2023-07-10 16:37:03','1','1','Presentada'),
('50094d3a-1f72-11ee-ac66-3cd92b4d9bf4','0','2023-07-10 16:37:12','2023-07-10 16:37:12','1','1','En seguimiento'),
('54def494-1f72-11ee-ac66-3cd92b4d9bf4','0','2023-07-10 16:37:20','2023-07-10 16:37:20','1','1','En DGI\r\n'),
('59ac37dc-1f72-11ee-ac66-3cd92b4d9bf4','0','2023-07-10 16:37:28','2023-07-10 16:37:28','1','1','En trnsito de notificacin'),
('758e0a4a-420d-11ee-a8c9-3cd92b4d9bf4','0','2023-08-23 17:33:26','2023-08-23 17:33:26','1','1','Concluido');
/*!40000 ALTER TABLE `Cat_Estatus_Acciones` ENABLE KEYS */;
UNLOCK TABLES;

--
-- Table structure for table `Cat_Grupo_Funcional`
--

DROP TABLE IF EXISTS `Cat_Grupo_Funcional`;
/*!40101 SET @saved_cs_client     = @@character_set_client */;
/*!40101 SET character_set_client = utf8 */;
CREATE TABLE `Cat_Grupo_Funcional` (
  `id` char(36) NOT NULL DEFAULT uuid(),
  `deleted` binary(1) NOT NULL DEFAULT '0',
  `UltimaActualizacion` datetime NOT NULL DEFAULT current_timestamp() ON UPDATE current_timestamp(),
  `FechaCreacion` datetime NOT NULL DEFAULT current_timestamp(),
  `ModificadoPor` char(36) NOT NULL,
  `CreadoPor` char(36) NOT NULL DEFAULT '',
  `Descripcion` varchar(100) DEFAULT NULL,
  PRIMARY KEY (`id`) USING BTREE,
  UNIQUE KEY `ndice 2` (`Descripcion`)
) ENGINE=InnoDB DEFAULT CHARSET=utf8mb3 COLLATE=utf8mb3_general_ci COMMENT='tabla para guardar informacin del catalgo de Grupo Funcional';
/*!40101 SET character_set_client = @saved_cs_client */;

--
-- Dumping data for table `Cat_Grupo_Funcional`
--

LOCK TABLES `Cat_Grupo_Funcional` WRITE;
/*!40000 ALTER TABLE `Cat_Grupo_Funcional` DISABLE KEYS */;
INSERT INTO `Cat_Grupo_Funcional` VALUES
('73ad84f0-1f72-11ee-ac66-3cd92b4d9bf4','0','2023-07-10 16:38:12','2023-07-10 16:38:12','1','1','Gobierno\r\n'),
('7b5d3a91-1f72-11ee-ac66-3cd92b4d9bf4','0','2023-07-10 16:38:25','2023-07-10 16:38:25','1','1','Desarrollo Econmico\r\n'),
('81809c96-1f72-11ee-ac66-3cd92b4d9bf4','0','2023-07-10 16:38:35','2023-07-10 16:38:35','1','1','Desarrollo Social\r\n'),
('8768c812-1f72-11ee-ac66-3cd92b4d9bf4','0','2023-07-10 16:38:45','2023-07-10 16:38:45','1','1','Gasto Federalizado'),
('8d2a2cfb-1f72-11ee-ac66-3cd92b4d9bf4','0','2023-07-10 16:38:55','2023-07-10 16:38:55','1','1','No Aplica');
/*!40000 ALTER TABLE `Cat_Grupo_Funcional` ENABLE KEYS */;
UNLOCK TABLES;

--
-- Table structure for table `Cat_Informes`
--

DROP TABLE IF EXISTS `Cat_Informes`;
/*!40101 SET @saved_cs_client     = @@character_set_client */;
/*!40101 SET character_set_client = utf8 */;
CREATE TABLE `Cat_Informes` (
  `id` char(36) NOT NULL DEFAULT uuid(),
  `deleted` binary(1) NOT NULL DEFAULT '0',
  `UltimaActualizacion` datetime NOT NULL DEFAULT current_timestamp() ON UPDATE current_timestamp(),
  `FechaCreacion` datetime NOT NULL DEFAULT current_timestamp(),
  `ModificadoPor` char(36) NOT NULL,
  `CreadoPor` char(36) NOT NULL DEFAULT '',
  `Descripcion` varchar(100) DEFAULT NULL,
  PRIMARY KEY (`id`) USING BTREE,
  UNIQUE KEY `ndice 2` (`Descripcion`)
) ENGINE=InnoDB DEFAULT CHARSET=utf8mb3 COLLATE=utf8mb3_general_ci COMMENT='tabla para guardar informacin de los Tipos de Informes';
/*!40101 SET character_set_client = @saved_cs_client */;

--
-- Dumping data for table `Cat_Informes`
--

LOCK TABLES `Cat_Informes` WRITE;
/*!40000 ALTER TABLE `Cat_Informes` DISABLE KEYS */;
INSERT INTO `Cat_Informes` VALUES
('32ca665c-1f71-11ee-ac66-3cd92b4d9bf4','0','2023-07-10 16:29:42','2023-07-10 16:29:13','1','1','Entrega 1'),
('4aa4377f-1f71-11ee-ac66-3cd92b4d9bf4','0','2023-07-10 16:29:53','2023-07-10 16:29:53','1','1','Entrega 2'),
('51f95cf6-1f71-11ee-ac66-3cd92b4d9bf4','0','2023-07-10 16:30:06','2023-07-10 16:30:06','1','1','Entrega 3'),
('8cdfafb3-251a-11ee-977e-3cd92b4d9bf4','0','2023-08-29 17:21:50','2023-07-17 15:23:53','30adc962-7109-11ed-a880-040300000000','1','Otros');
/*!40000 ALTER TABLE `Cat_Informes` ENABLE KEYS */;
UNLOCK TABLES;

--
-- Table structure for table `Cat_Modalidad`
--

DROP TABLE IF EXISTS `Cat_Modalidad`;
/*!40101 SET @saved_cs_client     = @@character_set_client */;
/*!40101 SET character_set_client = utf8 */;
CREATE TABLE `Cat_Modalidad` (
  `id` char(36) NOT NULL DEFAULT uuid(),
  `deleted` binary(1) NOT NULL DEFAULT '0',
  `UltimaActualizacion` datetime NOT NULL DEFAULT current_timestamp(),
  `FechaCreacion` datetime NOT NULL DEFAULT current_timestamp(),
  `ModificadoPor` char(36) NOT NULL,
  `CreadoPor` char(36) NOT NULL DEFAULT '',
  `Descripcion` varchar(100) DEFAULT NULL,
  PRIMARY KEY (`id`) USING BTREE
) ENGINE=InnoDB DEFAULT CHARSET=utf8mb3 COLLATE=utf8mb3_general_ci;
/*!40101 SET character_set_client = @saved_cs_client */;

--
-- Dumping data for table `Cat_Modalidad`
--

LOCK TABLES `Cat_Modalidad` WRITE;
/*!40000 ALTER TABLE `Cat_Modalidad` DISABLE KEYS */;
INSERT INTO `Cat_Modalidad` VALUES
('38184bc5-5322-11ee-b06d-3cd92b4d9bf4','0','2023-09-14 11:14:53','2023-09-14 11:14:53','30adc962-7109-11ed-a880-040300000000','30adc962-7109-11ed-a880-040300000000','Oficio'),
('b9d9615e-5331-11ee-b06d-3cd92b4d9bf4','0','2023-09-14 13:05:53','2023-09-14 13:05:53','30adc962-7109-11ed-a880-040300000000','30adc962-7109-11ed-a880-040300000000','Presencial'),
('c748097a-5331-11ee-b06d-3cd92b4d9bf4','0','2023-09-14 13:06:15','2023-09-14 13:06:15','30adc962-7109-11ed-a880-040300000000','30adc962-7109-11ed-a880-040300000000','Por Medios Electrnicos');
/*!40000 ALTER TABLE `Cat_Modalidad` ENABLE KEYS */;
UNLOCK TABLES;

--
-- Table structure for table `Cat_Origen_Auditoria`
--

DROP TABLE IF EXISTS `Cat_Origen_Auditoria`;
/*!40101 SET @saved_cs_client     = @@character_set_client */;
/*!40101 SET character_set_client = utf8 */;
CREATE TABLE `Cat_Origen_Auditoria` (
  `id` char(36) NOT NULL DEFAULT uuid(),
  `deleted` binary(1) NOT NULL DEFAULT '0',
  `UltimaActualizacion` datetime NOT NULL DEFAULT current_timestamp() ON UPDATE current_timestamp(),
  `FechaCreacion` datetime NOT NULL DEFAULT current_timestamp(),
  `ModificadoPor` char(36) NOT NULL,
  `CreadoPor` char(36) NOT NULL DEFAULT '',
  `Descripcion` varchar(100) NOT NULL,
  `idOrigenAuditoria` char(36) DEFAULT NULL,
  PRIMARY KEY (`id`) USING BTREE,
  UNIQUE KEY `ndice 2` (`Descripcion`)
) ENGINE=InnoDB DEFAULT CHARSET=utf8mb3 COLLATE=utf8mb3_general_ci COMMENT='tabla para guardar informacin del catalgo de Grupo Funcional';
/*!40101 SET character_set_client = @saved_cs_client */;

--
-- Dumping data for table `Cat_Origen_Auditoria`
--

LOCK TABLES `Cat_Origen_Auditoria` WRITE;
/*!40000 ALTER TABLE `Cat_Origen_Auditoria` DISABLE KEYS */;
INSERT INTO `Cat_Origen_Auditoria` VALUES
('16cf5f89-4202-11ee-a8c9-3cd92b4d9bf4','0','2023-09-14 16:39:38','2023-08-23 16:12:03','30adc962-7109-11ed-a880-040300000000','30adc962-7109-11ed-a880-040300000000','Secretara de la Funcin Pblica SFP','df988d71-3d7b-11ee-aedd-3cd92b4d9bf4'),
('398fd56a-4202-11ee-a8c9-3cd92b4d9bf4','0','2023-09-14 16:39:51','2023-08-23 16:13:01','30adc962-7109-11ed-a880-040300000000','30adc962-7109-11ed-a880-040300000000','Auditoria Superior del Estado de Nuevo Leon ASE','e64df55b-3d7b-11ee-aedd-3cd92b4d9bf4'),
('437435f5-2c35-11ee-aea6-3cd92b4d9bf4','0','2023-09-14 16:39:39','2023-07-26 22:22:57','30adc962-7109-11ed-a880-040300000000','30adc962-7109-11ed-a880-040300000000','Auditora Superior de la Federacin ASF','df988d71-3d7b-11ee-aedd-3cd92b4d9bf4'),
('540eefdc-4202-11ee-a8c9-3cd92b4d9bf4','0','2023-09-14 16:39:51','2023-08-23 16:13:46','30adc962-7109-11ed-a880-040300000000','30adc962-7109-11ed-a880-040300000000','Contralora y Transparencia Gubernamental Gobierno del Estado de Nuevo Len CTG','e64df55b-3d7b-11ee-aedd-3cd92b4d9bf4');
/*!40000 ALTER TABLE `Cat_Origen_Auditoria` ENABLE KEYS */;
UNLOCK TABLES;

--
-- Table structure for table `Cat_Sector`
--

DROP TABLE IF EXISTS `Cat_Sector`;
/*!40101 SET @saved_cs_client     = @@character_set_client */;
/*!40101 SET character_set_client = utf8 */;
CREATE TABLE `Cat_Sector` (
  `id` char(36) NOT NULL DEFAULT uuid(),
  `deleted` binary(1) NOT NULL DEFAULT '0',
  `UltimaActualizacion` datetime NOT NULL DEFAULT current_timestamp() ON UPDATE current_timestamp(),
  `FechaCreacion` datetime NOT NULL DEFAULT current_timestamp(),
  `ModificadoPor` char(36) NOT NULL,
  `CreadoPor` char(36) NOT NULL DEFAULT '',
  `Descripcion` varchar(100) DEFAULT NULL,
  PRIMARY KEY (`id`) USING BTREE,
  UNIQUE KEY `ndice 2` (`Descripcion`)
) ENGINE=InnoDB DEFAULT CHARSET=utf8mb3 COLLATE=utf8mb3_general_ci COMMENT='tabla para guardar informacin del catalgoo de Sector';
/*!40101 SET character_set_client = @saved_cs_client */;

--
-- Dumping data for table `Cat_Sector`
--

LOCK TABLES `Cat_Sector` WRITE;
/*!40000 ALTER TABLE `Cat_Sector` DISABLE KEYS */;
INSERT INTO `Cat_Sector` VALUES
('a9d60a67-1f72-11ee-ac66-3cd92b4d9bf4','0','2023-07-10 16:39:59','2023-07-10 16:39:43','1','1','Agricultura y Desarrollo Rural'),
('f0c43a11-1f72-11ee-ac66-3cd92b4d9bf4','0','2023-07-10 16:41:42','2023-07-10 16:41:42','1','1','Aportaciones A Seguridad Social'),
('f0c754b8-1f72-11ee-ac66-3cd92b4d9bf4','0','2023-07-10 16:41:42','2023-07-10 16:41:42','1','1','Bienestar'),
('f0c96673-1f72-11ee-ac66-3cd92b4d9bf4','0','2023-07-10 16:41:42','2023-07-10 16:41:42','1','1','Comisin Nacional de Hidrocarburos'),
('f0cae6ec-1f72-11ee-ac66-3cd92b4d9bf4','0','2023-07-10 16:41:42','2023-07-10 16:41:42','1','1','Comisin Reguladora de Energa'),
('f0cbe20b-1f72-11ee-ac66-3cd92b4d9bf4','0','2023-07-10 16:41:42','2023-07-10 16:41:42','1','1','Consejera Jurdica Del Ejecutivo Federal'),
('f0cdd4a3-1f72-11ee-ac66-3cd92b4d9bf4','0','2023-07-10 16:41:42','2023-07-10 16:41:42','1','1','Consejo Nacional de Ciencia y Tecnologa'),
('f0cfb2e0-1f72-11ee-ac66-3cd92b4d9bf4','0','2023-07-10 16:41:42','2023-07-10 16:41:42','1','1','Cultura'),
('f0d17c35-1f72-11ee-ac66-3cd92b4d9bf4','0','2023-07-10 16:41:42','2023-07-10 16:41:42','1','1','Defensa Nacional'),
('f0d39c81-1f72-11ee-ac66-3cd92b4d9bf4','0','2023-07-10 16:41:42','2023-07-10 16:41:42','1','1','Desarrollo Agrario, Territorial y Urbano'),
('f0d543cb-1f72-11ee-ac66-3cd92b4d9bf4','0','2023-07-10 16:41:42','2023-07-10 16:41:42','1','1','Economa'),
('f0d751c2-1f72-11ee-ac66-3cd92b4d9bf4','0','2023-07-10 16:41:42','2023-07-10 16:41:42','1','1','Educacin Pblica'),
('f0d8b689-1f72-11ee-ac66-3cd92b4d9bf4','0','2023-07-10 16:41:42','2023-07-10 16:41:42','1','1','Empresas Productivas Del Estado'),
('f0dacce3-1f72-11ee-ac66-3cd92b4d9bf4','0','2023-07-10 16:41:42','2023-07-10 16:41:42','1','1','Energa'),
('f0dca1c2-1f72-11ee-ac66-3cd92b4d9bf4','0','2023-07-10 16:41:42','2023-07-10 16:41:42','1','1','Entidades No Coordinadas Sectorialmente'),
('f0de92e8-1f72-11ee-ac66-3cd92b4d9bf4','0','2023-07-10 16:41:42','2023-07-10 16:41:42','1','1','Entidades No Sectorizadas'),
('f0e09103-1f72-11ee-ac66-3cd92b4d9bf4','0','2023-07-10 16:41:42','2023-07-10 16:41:42','1','1','Fiscala General de la Repblica'),
('f0e2c220-1f72-11ee-ac66-3cd92b4d9bf4','0','2023-07-10 16:41:42','2023-07-10 16:41:42','1','1','Funcin Pblica'),
('f0e4c095-1f72-11ee-ac66-3cd92b4d9bf4','0','2023-07-10 16:41:42','2023-07-10 16:41:42','1','1','Gobernacin'),
('f0e79b86-1f72-11ee-ac66-3cd92b4d9bf4','0','2023-07-10 16:41:42','2023-07-10 16:41:42','1','1','Hacienda y Crdito Pblico'),
('f0e9d817-1f72-11ee-ac66-3cd92b4d9bf4','0','2023-07-10 16:41:42','2023-07-10 16:41:42','1','1','Infraestructura, Comunicaciones y Transportes'),
('f0ec5a89-1f72-11ee-ac66-3cd92b4d9bf4','0','2023-07-10 16:41:42','2023-07-10 16:41:42','1','1','Instituciones Pblicas de Educacin Superior'),
('f0eee252-1f72-11ee-ac66-3cd92b4d9bf4','0','2023-07-10 16:41:42','2023-07-10 16:41:42','1','1','Instituto Nacional de Estadstica y Geografa'),
('f0f10c9b-1f72-11ee-ac66-3cd92b4d9bf4','0','2023-07-10 16:41:42','2023-07-10 16:41:42','1','1','Marina'),
('f0f38d42-1f72-11ee-ac66-3cd92b4d9bf4','0','2023-07-10 16:41:42','2023-07-10 16:41:42','1','1','Medio Ambiente y Recursos Naturales'),
('f0f5d9de-1f72-11ee-ac66-3cd92b4d9bf4','0','2023-07-10 16:41:42','2023-07-10 16:41:42','1','1','rganos Autnomos'),
('f0f844fc-1f72-11ee-ac66-3cd92b4d9bf4','0','2023-07-10 16:41:42','2023-07-10 16:41:42','1','1','Poder Judicial'),
('f0fab730-1f72-11ee-ac66-3cd92b4d9bf4','0','2023-07-10 16:41:42','2023-07-10 16:41:42','1','1','Poder Legislativo'),
('f0fd2bb6-1f72-11ee-ac66-3cd92b4d9bf4','0','2023-07-10 16:41:42','2023-07-10 16:41:42','1','1','Presidencia de la Repblica'),
('f0ff69c6-1f72-11ee-ac66-3cd92b4d9bf4','0','2023-07-10 16:41:42','2023-07-10 16:41:42','1','1','Previsiones y Aportaciones Para Los Sistemas de Educacin Bsica, Normal, Tecnolgica y de Adultos'),
('f101b1d2-1f72-11ee-ac66-3cd92b4d9bf4','0','2023-07-10 16:41:42','2023-07-10 16:41:42','1','1','Ramos Generales 23, 33 y Otros'),
('f103fae2-1f72-11ee-ac66-3cd92b4d9bf4','0','2023-07-10 16:41:42','2023-07-10 16:41:42','1','1','Relaciones Exteriores'),
('f10685df-1f72-11ee-ac66-3cd92b4d9bf4','0','2023-07-10 16:41:42','2023-07-10 16:41:42','1','1','Salud'),
('f108f28f-1f72-11ee-ac66-3cd92b4d9bf4','0','2023-07-10 16:41:42','2023-07-10 16:41:42','1','1','Seguridad y Proteccin Ciudadana'),
('f10b1ffe-1f72-11ee-ac66-3cd92b4d9bf4','0','2023-07-10 16:41:42','2023-07-10 16:41:42','1','1','Trabajo y Previsin Social'),
('f10d46b7-1f72-11ee-ac66-3cd92b4d9bf4','0','2023-07-10 16:41:42','2023-07-10 16:41:42','1','1','Turismo');
/*!40000 ALTER TABLE `Cat_Sector` ENABLE KEYS */;
UNLOCK TABLES;

--
-- Table structure for table `Cat_Tipos_Accion`
--

DROP TABLE IF EXISTS `Cat_Tipos_Accion`;
/*!40101 SET @saved_cs_client     = @@character_set_client */;
/*!40101 SET character_set_client = utf8 */;
CREATE TABLE `Cat_Tipos_Accion` (
  `id` char(36) NOT NULL DEFAULT uuid(),
  `deleted` binary(1) NOT NULL DEFAULT '0',
  `UltimaActualizacion` datetime NOT NULL DEFAULT current_timestamp() ON UPDATE current_timestamp(),
  `FechaCreacion` datetime NOT NULL DEFAULT current_timestamp(),
  `ModificadoPor` char(36) NOT NULL,
  `CreadoPor` char(36) NOT NULL DEFAULT '',
  `Descripcion` varchar(100) NOT NULL,
  `Abreviatura` varchar(20) DEFAULT NULL,
  PRIMARY KEY (`id`) USING BTREE,
  UNIQUE KEY `ndice 2` (`Descripcion`,`Abreviatura`)
) ENGINE=InnoDB DEFAULT CHARSET=utf8mb3 COLLATE=utf8mb3_general_ci COMMENT='tabla para guardar informacin de tipos de accioon';
/*!40101 SET character_set_client = @saved_cs_client */;

--
-- Dumping data for table `Cat_Tipos_Accion`
--

LOCK TABLES `Cat_Tipos_Accion` WRITE;
/*!40000 ALTER TABLE `Cat_Tipos_Accion` DISABLE KEYS */;
INSERT INTO `Cat_Tipos_Accion` VALUES
('2f6aceb6-1f73-11ee-ac66-3cd92b4d9bf4','0','2023-07-17 21:53:58','2023-07-10 16:43:27','1','1','Recomendacin','R'),
('2f6e0143-1f73-11ee-ac66-3cd92b4d9bf4','0','2023-07-17 21:54:05','2023-07-10 16:43:27','1','1','Recomendacin al Desempeo','RD'),
('2f711cad-1f73-11ee-ac66-3cd92b4d9bf4','0','2023-07-17 21:54:47','2023-07-10 16:43:27','1','1','Promocin de Intervencin de la Instancia de Control',''),
('2f732526-1f73-11ee-ac66-3cd92b4d9bf4','0','2023-07-17 21:54:37','2023-07-10 16:43:27','1','1','Promocin del Ejercicio de la Facultad de Comprobacin Fiscal','PEFCF'),
('2f7608bf-1f73-11ee-ac66-3cd92b4d9bf4','0','2023-07-17 21:54:55','2023-07-10 16:43:27','1','1','Solicitud de Aclaracin','SA'),
('2f77c0e1-1f73-11ee-ac66-3cd92b4d9bf4','0','2023-07-17 21:55:03','2023-07-10 16:43:27','1','1','Promocin de Responsabilidad Administrativa Sancionatoria','PRAS'),
('2f799c1d-1f73-11ee-ac66-3cd92b4d9bf4','0','2023-07-17 21:55:09','2023-07-10 16:43:27','1','1','Pliego de Observaciones','PO'),
('2f7c69cc-1f73-11ee-ac66-3cd92b4d9bf4','0','2023-07-10 16:43:27','2023-07-10 16:43:27','1','1','Denuncia de Hechos',NULL),
('e02f55c6-45fd-11ee-9014-3cd92b4d9bf4','0','2023-08-28 17:51:58','2023-08-28 17:51:58','30adc962-7109-11ed-a880-040300000000','30adc962-7109-11ed-a880-040300000000','Solventado','DGI');
/*!40000 ALTER TABLE `Cat_Tipos_Accion` ENABLE KEYS */;
UNLOCK TABLES;

--
-- Table structure for table `Cat_Tipos_Auditoria`
--

DROP TABLE IF EXISTS `Cat_Tipos_Auditoria`;
/*!40101 SET @saved_cs_client     = @@character_set_client */;
/*!40101 SET character_set_client = utf8 */;
CREATE TABLE `Cat_Tipos_Auditoria` (
  `id` char(36) NOT NULL DEFAULT uuid(),
  `deleted` binary(1) NOT NULL DEFAULT '0',
  `UltimaActualizacion` datetime NOT NULL DEFAULT current_timestamp() ON UPDATE current_timestamp(),
  `FechaCreacion` datetime NOT NULL DEFAULT current_timestamp(),
  `ModificadoPor` char(36) NOT NULL,
  `CreadoPor` char(36) NOT NULL DEFAULT '',
  `Descripcion` varchar(100) NOT NULL,
  PRIMARY KEY (`id`) USING BTREE,
  UNIQUE KEY `ndice 2` (`Descripcion`)
) ENGINE=InnoDB DEFAULT CHARSET=utf8mb3 COLLATE=utf8mb3_general_ci COMMENT='tabla para guardar informacin de estatus de las acciones';
/*!40101 SET character_set_client = @saved_cs_client */;

--
-- Dumping data for table `Cat_Tipos_Auditoria`
--

LOCK TABLES `Cat_Tipos_Auditoria` WRITE;
/*!40000 ALTER TABLE `Cat_Tipos_Auditoria` DISABLE KEYS */;
INSERT INTO `Cat_Tipos_Auditoria` VALUES
('0201e835-46c4-11ee-9014-3cd92b4d9bf4','1','2023-08-29 17:30:53','2023-08-29 17:30:15','30adc962-7109-11ed-a880-040300000000','30adc962-7109-11ed-a880-040300000000','prueba'),
('0f10fccb-1f72-11ee-ac66-3cd92b4d9bf4','0','2023-08-29 17:20:54','2023-07-10 16:35:23','30adc962-7109-11ed-a880-040300000000','1','Cumplimiento Financiero'),
('0f14f35b-1f72-11ee-ac66-3cd92b4d9bf4','0','2023-07-10 16:35:23','2023-07-10 16:35:23','1','1','Cumplimiento Financiero con Enfoque de Desempeo'),
('0f1711cb-1f72-11ee-ac66-3cd92b4d9bf4','0','2023-07-10 16:35:23','2023-07-10 16:35:23','1','1','De Cumplimiento'),
('0f188fca-1f72-11ee-ac66-3cd92b4d9bf4','0','2023-07-10 16:35:23','2023-07-10 16:35:23','1','1','De Cumplimiento a Inversiones Fsicas'),
('0f1ae80b-1f72-11ee-ac66-3cd92b4d9bf4','0','2023-07-10 16:35:23','2023-07-10 16:35:23','1','1','De Cumplimiento a Tecnologas de Informacin y Comunicaciones'),
('0f1c0ed0-1f72-11ee-ac66-3cd92b4d9bf4','0','2023-07-10 16:35:23','2023-07-10 16:35:23','1','1','De Cumplimiento Forense'),
('0f1d9911-1f72-11ee-ac66-3cd92b4d9bf4','0','2023-07-10 16:35:23','2023-07-10 16:35:23','1','1','Desempeo'),
('0f1ebda4-1f72-11ee-ac66-3cd92b4d9bf4','0','2023-07-10 16:35:23','2023-07-10 16:35:23','1','1','Especial'),
('0f2086ee-1f72-11ee-ac66-3cd92b4d9bf4','0','2023-07-10 16:35:23','2023-07-10 16:35:23','1','1','Estudios'),
('0f2286cf-1f72-11ee-ac66-3cd92b4d9bf4','0','2023-07-10 16:35:23','2023-07-10 16:35:23','1','1','Evaluaciones de Polticas Pblicas'),
('0f23e399-1f72-11ee-ac66-3cd92b4d9bf4','0','2023-07-10 16:35:23','2023-07-10 16:35:23','1','1','Financiera y de Cumplimiento'),
('0f251ab8-1f72-11ee-ac66-3cd92b4d9bf4','0','2023-07-10 16:35:23','2023-07-10 16:35:23','1','1','Forense'),
('0f2659e0-1f72-11ee-ac66-3cd92b4d9bf4','0','2023-07-10 16:35:23','2023-07-10 16:35:23','1','1','Inversiones Fsicas'),
('0f27cbc6-1f72-11ee-ac66-3cd92b4d9bf4','0','2023-07-10 16:35:23','2023-07-10 16:35:23','1','1','Revisin de Situacin Excepcional'),
('0f290f47-1f72-11ee-ac66-3cd92b4d9bf4','0','2023-07-10 16:35:23','2023-07-10 16:35:23','1','1','Seguimiento'),
('0f2a677a-1f72-11ee-ac66-3cd92b4d9bf4','0','2023-07-10 16:35:23','2023-07-10 16:35:23','1','1','Sistemas'),
('0f2cb72c-1f72-11ee-ac66-3cd92b4d9bf4','0','2023-07-10 16:35:23','2023-07-10 16:35:23','1','1','Visita e Inspeccin'),
('e3769999-1f71-11ee-ac66-3cd92b4d9bf4','0','2023-07-10 16:34:10','2023-07-10 16:34:10','1','1','Combinada de Cumplimiento y Desempeo');
/*!40000 ALTER TABLE `Cat_Tipos_Auditoria` ENABLE KEYS */;
UNLOCK TABLES;

--
-- Table structure for table `Cat_Unidad_Admin_Auditora`
--

DROP TABLE IF EXISTS `Cat_Unidad_Admin_Auditora`;
/*!40101 SET @saved_cs_client     = @@character_set_client */;
/*!40101 SET character_set_client = utf8 */;
CREATE TABLE `Cat_Unidad_Admin_Auditora` (
  `id` char(36) NOT NULL DEFAULT uuid(),
  `deleted` binary(1) NOT NULL DEFAULT '0',
  `UltimaActualizacion` datetime NOT NULL DEFAULT current_timestamp() ON UPDATE current_timestamp(),
  `FechaCreacion` datetime NOT NULL DEFAULT current_timestamp(),
  `ModificadoPor` char(36) NOT NULL,
  `CreadoPor` char(36) NOT NULL DEFAULT '',
  `Descripcion` varchar(100) NOT NULL,
  PRIMARY KEY (`id`) USING BTREE,
  UNIQUE KEY `ndice 2` (`Descripcion`)
) ENGINE=InnoDB DEFAULT CHARSET=utf8mb3 COLLATE=utf8mb3_general_ci COMMENT='tabla para guardar informacin del catalgo de Unidad Administrativa Auditora';
/*!40101 SET character_set_client = @saved_cs_client */;

--
-- Dumping data for table `Cat_Unidad_Admin_Auditora`
--

LOCK TABLES `Cat_Unidad_Admin_Auditora` WRITE;
/*!40000 ALTER TABLE `Cat_Unidad_Admin_Auditora` DISABLE KEYS */;
INSERT INTO `Cat_Unidad_Admin_Auditora` VALUES
('6419a941-1f73-11ee-ac66-3cd92b4d9bf4','0','2023-07-10 16:44:55','2023-07-10 16:44:55','1','1','AECF Auditora Especial de Cumplimiento Financiero'),
('641cee4c-1f73-11ee-ac66-3cd92b4d9bf4','0','2023-07-10 16:44:55','2023-07-10 16:44:55','1','1','AED Auditora Especial de Desempeo'),
('641ffc67-1f73-11ee-ac66-3cd92b4d9bf4','0','2023-07-10 16:44:55','2023-07-10 16:44:55','1','1','AEGF Auditora Especial del Gasto Federalizado'),
('6421c885-1f73-11ee-ac66-3cd92b4d9bf4','0','2023-07-10 16:44:55','2023-07-10 16:44:55','1','1','UAJ Unidad de Asuntos Jurdicos');
/*!40000 ALTER TABLE `Cat_Unidad_Admin_Auditora` ENABLE KEYS */;
UNLOCK TABLES;

--
-- Table structure for table `Municipios`
--

DROP TABLE IF EXISTS `Municipios`;
/*!40101 SET @saved_cs_client     = @@character_set_client */;
/*!40101 SET character_set_client = utf8 */;
CREATE TABLE `Municipios` (
  `id` char(36) NOT NULL DEFAULT uuid(),
  `deleted` binary(1) NOT NULL DEFAULT '0',
  `UltimaActualizacion` timestamp NOT NULL DEFAULT current_timestamp() ON UPDATE current_timestamp(),
  `FechaCreacion` timestamp NOT NULL DEFAULT current_timestamp() ON UPDATE current_timestamp(),
  `ModificadoPor` char(36) NOT NULL DEFAULT '0',
  `CreadoPor` char(36) NOT NULL DEFAULT '0',
  `Nombre` varchar(100) NOT NULL,
  `ClaveEstado` int(5) NOT NULL DEFAULT 0,
  `ClaveINEGI` int(11) DEFAULT 0,
  PRIMARY KEY (`id`) USING BTREE
) ENGINE=InnoDB DEFAULT CHARSET=utf8mb3 COLLATE=utf8mb3_general_ci COMMENT='tabla para guardar informacin de los municipios';
/*!40101 SET character_set_client = @saved_cs_client */;

--
-- Dumping data for table `Municipios`
--

LOCK TABLES `Municipios` WRITE;
/*!40000 ALTER TABLE `Municipios` DISABLE KEYS */;
INSERT INTO `Municipios` VALUES
('439c7e45-3f7f-11ed-af5a-040300000000','0','2022-12-01 01:47:20','2022-12-01 01:47:20','30adc962-7109-11ed-a880-040300000000','30adc962-7109-11ed-a880-040300000000','Abasolo',15,19001),
('6b92a8dd-3f7f-11ed-af5a-040300000000','0','2022-12-01 01:47:20','2022-12-01 01:47:20','30adc962-7109-11ed-a880-040300000000','30adc962-7109-11ed-a880-040300000000','Agualeguas',11,19002),
('6b9560c4-3f7f-11ed-af5a-040300000000','0','2022-12-01 01:47:20','2022-12-01 01:47:20','30adc962-7109-11ed-a880-040300000000','30adc962-7109-11ed-a880-040300000000','Los Aldamas',12,19003),
('6b975d07-3f7f-11ed-af5a-040300000000','0','2022-12-01 01:47:20','2022-12-01 01:47:20','30adc962-7109-11ed-a880-040300000000','30adc962-7109-11ed-a880-040300000000','Allende',13,19004),
('6b98700b-3f7f-11ed-af5a-040300000000','0','2022-12-01 01:47:20','2022-12-01 01:47:20','30adc962-7109-11ed-a880-040300000000','30adc962-7109-11ed-a880-040300000000','Anhuac',14,19005),
('6b99d325-3f7f-11ed-af5a-040300000000','0','2022-12-01 01:47:20','2022-12-01 01:47:20','30adc962-7109-11ed-a880-040300000000','30adc962-7109-11ed-a880-040300000000','Apodaca',17,19006),
('6b9b21c4-3f7f-11ed-af5a-040300000000','0','2023-01-13 20:31:08','2023-01-13 20:31:08','5430da9a-71da-11ed-a880-040300000000','5430da9a-71da-11ed-a880-040300000000','Aramberri',16,19007),
('6b9e451b-3f7f-11ed-af5a-040300000000','0','2022-12-01 01:47:20','2022-12-01 01:47:20','30adc962-7109-11ed-a880-040300000000','30adc962-7109-11ed-a880-040300000000','Bustamante',18,19008),
('6ba03086-3f7f-11ed-af5a-040300000000','0','2022-12-01 01:47:20','2022-12-01 01:47:20','30adc962-7109-11ed-a880-040300000000','30adc962-7109-11ed-a880-040300000000','Cadereyta Jimnez',19,19009),
('6ba17c08-3f7f-11ed-af5a-040300000000','0','2022-12-01 01:47:20','2022-12-01 01:47:20','30adc962-7109-11ed-a880-040300000000','30adc962-7109-11ed-a880-040300000000','Carmen',20,19010),
('6ba2e96b-3f7f-11ed-af5a-040300000000','0','2022-12-01 01:47:20','2022-12-01 01:47:20','30adc962-7109-11ed-a880-040300000000','30adc962-7109-11ed-a880-040300000000','Cerralvo',23,19011),
('6ba43e11-3f7f-11ed-af5a-040300000000','0','2022-12-01 01:47:20','2022-12-01 01:47:20','30adc962-7109-11ed-a880-040300000000','30adc962-7109-11ed-a880-040300000000','Cinega de Flores',22,19012),
('6ba5ab0d-3f7f-11ed-af5a-040300000000','0','2022-12-01 01:47:20','2022-12-01 01:47:20','30adc962-7109-11ed-a880-040300000000','30adc962-7109-11ed-a880-040300000000','China',21,19013),
('6ba7e05c-3f7f-11ed-af5a-040300000000','0','2022-12-01 01:47:20','2022-12-01 01:47:20','30adc962-7109-11ed-a880-040300000000','30adc962-7109-11ed-a880-040300000000','Dr. Arroyo',25,19014),
('6ba914a7-3f7f-11ed-af5a-040300000000','0','2022-12-01 01:47:20','2022-12-01 01:47:20','30adc962-7109-11ed-a880-040300000000','30adc962-7109-11ed-a880-040300000000','Dr. Coss',27,19015),
('6baa5c5d-3f7f-11ed-af5a-040300000000','0','2022-12-01 01:47:20','2022-12-01 01:47:20','30adc962-7109-11ed-a880-040300000000','30adc962-7109-11ed-a880-040300000000','Dr. Gonzlez',26,19016),
('6baba78d-3f7f-11ed-af5a-040300000000','0','2022-12-01 01:47:20','2022-12-01 01:47:20','30adc962-7109-11ed-a880-040300000000','30adc962-7109-11ed-a880-040300000000','Galeana',29,19017),
('6bace8a7-3f7f-11ed-af5a-040300000000','0','2022-12-01 01:47:20','2022-12-01 01:47:20','30adc962-7109-11ed-a880-040300000000','30adc962-7109-11ed-a880-040300000000','Garca',30,19018),
('6bae311a-3f7f-11ed-af5a-040300000000','0','2022-12-01 01:47:20','2022-12-01 01:47:20','30adc962-7109-11ed-a880-040300000000','30adc962-7109-11ed-a880-040300000000','San Pedro Garza Garca',31,19019),
('6baf6479-3f7f-11ed-af5a-040300000000','0','2022-12-01 01:47:20','2022-12-01 01:47:20','30adc962-7109-11ed-a880-040300000000','30adc962-7109-11ed-a880-040300000000','Gral. Bravo',32,19020),
('6bb0b6b8-3f7f-11ed-af5a-040300000000','0','2022-12-01 01:47:20','2022-12-01 01:47:20','30adc962-7109-11ed-a880-040300000000','30adc962-7109-11ed-a880-040300000000','Gral. Escobedo',33,19021),
('6bb46826-3f7f-11ed-af5a-040300000000','0','2022-12-01 01:47:20','2022-12-01 01:47:20','30adc962-7109-11ed-a880-040300000000','30adc962-7109-11ed-a880-040300000000','Gral. Tern',34,19022),
('6bb713f4-3f7f-11ed-af5a-040300000000','0','2022-12-01 01:47:20','2022-12-01 01:47:20','30adc962-7109-11ed-a880-040300000000','30adc962-7109-11ed-a880-040300000000','Gral. Trevio',35,19023),
('6bb864f7-3f7f-11ed-af5a-040300000000','0','2022-12-01 01:47:20','2022-12-01 01:47:20','30adc962-7109-11ed-a880-040300000000','30adc962-7109-11ed-a880-040300000000','Gral. Zaragoza',61,19024),
('6bb994cf-3f7f-11ed-af5a-040300000000','0','2022-12-01 01:47:20','2022-12-01 01:47:20','30adc962-7109-11ed-a880-040300000000','30adc962-7109-11ed-a880-040300000000','Gral. Zuazua',36,19025),
('6bbaefc2-3f7f-11ed-af5a-040300000000','0','2022-12-01 01:47:20','2022-12-01 01:47:20','30adc962-7109-11ed-a880-040300000000','30adc962-7109-11ed-a880-040300000000','Guadalupe',28,19026),
('6bbc448d-3f7f-11ed-af5a-040300000000','0','2022-12-01 01:47:20','2022-12-01 01:47:20','30adc962-7109-11ed-a880-040300000000','30adc962-7109-11ed-a880-040300000000','Los Herreras',37,19027),
('6bbd7c87-3f7f-11ed-af5a-040300000000','0','2022-12-01 01:47:20','2022-12-01 01:47:20','30adc962-7109-11ed-a880-040300000000','30adc962-7109-11ed-a880-040300000000','Higueras',38,19028),
('6bbec6ee-3f7f-11ed-af5a-040300000000','0','2022-12-01 01:47:20','2022-12-01 01:47:20','30adc962-7109-11ed-a880-040300000000','30adc962-7109-11ed-a880-040300000000','Hualahuises',40,19029),
('6bc013f1-3f7f-11ed-af5a-040300000000','0','2022-12-01 01:47:20','2022-12-01 01:47:20','30adc962-7109-11ed-a880-040300000000','30adc962-7109-11ed-a880-040300000000','Iturbide',41,19030),
('6bc12bb9-3f7f-11ed-af5a-040300000000','0','2023-01-13 20:31:42','2023-01-13 20:31:42','5430da9a-71da-11ed-a880-040300000000','5430da9a-71da-11ed-a880-040300000000','Jurez',42,19031),
('6bc2ad7d-3f7f-11ed-af5a-040300000000','0','2022-12-01 01:47:20','2022-12-01 01:47:20','30adc962-7109-11ed-a880-040300000000','30adc962-7109-11ed-a880-040300000000','Lampazos de Naranjo',43,19032),
('6bc400e5-3f7f-11ed-af5a-040300000000','0','2022-12-01 01:47:20','2022-12-01 01:47:20','30adc962-7109-11ed-a880-040300000000','30adc962-7109-11ed-a880-040300000000','Linares',44,19033),
('6bc5a124-3f7f-11ed-af5a-040300000000','0','2022-12-01 01:47:20','2022-12-01 01:47:20','30adc962-7109-11ed-a880-040300000000','30adc962-7109-11ed-a880-040300000000','Marn',46,19034),
('6bc799cd-3f7f-11ed-af5a-040300000000','0','2022-12-01 01:47:20','2022-12-01 01:47:20','30adc962-7109-11ed-a880-040300000000','30adc962-7109-11ed-a880-040300000000','Melchor Ocampo',49,19035),
('6bc90c6a-3f7f-11ed-af5a-040300000000','0','2022-12-01 01:47:20','2022-12-01 01:47:20','30adc962-7109-11ed-a880-040300000000','30adc962-7109-11ed-a880-040300000000','Mier y Noriega',48,19036),
('6bcc1fd2-3f7f-11ed-af5a-040300000000','0','2022-12-01 01:47:20','2022-12-01 01:47:20','30adc962-7109-11ed-a880-040300000000','30adc962-7109-11ed-a880-040300000000','Mina',47,19037),
('6bcdfa52-3f7f-11ed-af5a-040300000000','0','2022-12-01 01:47:20','2022-12-01 01:47:20','30adc962-7109-11ed-a880-040300000000','30adc962-7109-11ed-a880-040300000000','Montemorelos',45,19038),
('6bcf4613-3f7f-11ed-af5a-040300000000','0','2022-12-01 01:47:20','2022-12-01 01:47:20','30adc962-7109-11ed-a880-040300000000','30adc962-7109-11ed-a880-040300000000','Monterrey',70,19039),
('6bd08873-3f7f-11ed-af5a-040300000000','0','2022-12-01 01:47:20','2022-12-01 01:47:20','30adc962-7109-11ed-a880-040300000000','30adc962-7109-11ed-a880-040300000000','Pars',50,19040),
('6bd1e78a-3f7f-11ed-af5a-040300000000','0','2022-12-01 01:47:20','2022-12-01 01:47:20','30adc962-7109-11ed-a880-040300000000','30adc962-7109-11ed-a880-040300000000','Pesquera',51,19041),
('6bd31279-3f7f-11ed-af5a-040300000000','0','2022-12-01 01:47:20','2022-12-01 01:47:20','30adc962-7109-11ed-a880-040300000000','30adc962-7109-11ed-a880-040300000000','Los Ramones',52,19042),
('6bd4557d-3f7f-11ed-af5a-040300000000','0','2022-12-01 01:47:20','2022-12-01 01:47:20','30adc962-7109-11ed-a880-040300000000','30adc962-7109-11ed-a880-040300000000','Rayones',53,19043),
('6bd5b305-3f7f-11ed-af5a-040300000000','0','2022-12-01 01:47:20','2022-12-01 01:47:20','30adc962-7109-11ed-a880-040300000000','30adc962-7109-11ed-a880-040300000000','Sabinas Hidalgo',54,19044),
('6bd71bff-3f7f-11ed-af5a-040300000000','0','2022-12-01 01:47:20','2022-12-01 01:47:20','30adc962-7109-11ed-a880-040300000000','30adc962-7109-11ed-a880-040300000000','Salinas Victoria',55,19045),
('6bd90efa-3f7f-11ed-af5a-040300000000','0','2022-12-01 01:47:20','2022-12-01 01:47:20','30adc962-7109-11ed-a880-040300000000','30adc962-7109-11ed-a880-040300000000','San Nicols de los Garza',58,19046),
('6bdaedb7-3f7f-11ed-af5a-040300000000','0','2022-12-01 01:47:20','2022-12-01 01:47:20','30adc962-7109-11ed-a880-040300000000','30adc962-7109-11ed-a880-040300000000','Hidalgo',39,19047),
('6bdbf494-3f7f-11ed-af5a-040300000000','0','2022-12-01 01:47:20','2022-12-01 01:47:20','30adc962-7109-11ed-a880-040300000000','30adc962-7109-11ed-a880-040300000000','Santa Catarina',57,19048),
('6bdd341d-3f7f-11ed-af5a-040300000000','0','2022-12-01 01:47:20','2022-12-01 01:47:20','30adc962-7109-11ed-a880-040300000000','30adc962-7109-11ed-a880-040300000000','Santiago',56,19049),
('6bde79ea-3f7f-11ed-af5a-040300000000','0','2022-12-01 01:47:20','2022-12-01 01:47:20','30adc962-7109-11ed-a880-040300000000','30adc962-7109-11ed-a880-040300000000','Vallecillo',59,19050),
('6bdfe068-3f7f-11ed-af5a-040300000000','0','2022-12-01 01:47:20','2022-12-01 01:47:20','30adc962-7109-11ed-a880-040300000000','30adc962-7109-11ed-a880-040300000000','Villaldama',60,19051),
('7041d538-4178-11ee-a8c9-3cd92b4d9bf4','0','2023-08-23 05:46:54','2023-08-23 05:46:54','30adc962-7109-11ed-a880-040300000000','30adc962-7109-11ed-a880-040300000000','No Aplica',0,0),
('7832d7e4-4e82-11ee-a933-236cb4402701','0','2023-09-08 20:01:22','2023-09-08 20:01:22','30adc962-7109-11ed-a880-040300000000','30adc962-7109-11ed-a880-040300000000','Gobierno del Estado de Nuevo Len',0,0);
/*!40000 ALTER TABLE `Municipios` ENABLE KEYS */;
UNLOCK TABLES;

--
-- Table structure for table `OficiosA`
--

DROP TABLE IF EXISTS `OficiosA`;
/*!40101 SET @saved_cs_client     = @@character_set_client */;
/*!40101 SET character_set_client = utf8 */;
CREATE TABLE `OficiosA` (
  `id` char(36) NOT NULL DEFAULT uuid(),
  `deleted` binary(1) NOT NULL DEFAULT '0',
  `UltimaActualizacion` datetime NOT NULL DEFAULT current_timestamp() ON UPDATE current_timestamp(),
  `FechaCreacion` datetime NOT NULL DEFAULT current_timestamp(),
  `ModificadoPor` char(36) NOT NULL,
  `CreadoPor` char(36) NOT NULL DEFAULT '',
  `idAuditoria` char(36) NOT NULL DEFAULT '0',
  `Oficio` varchar(100) DEFAULT NULL,
  `FechaRecibido` datetime DEFAULT NULL,
  `FechaVencimiento` datetime DEFAULT NULL,
  `FechaEntrega` datetime DEFAULT NULL,
  PRIMARY KEY (`id`) USING BTREE,
  KEY `FK1_AUDITORIA_OFICIO` (`idAuditoria`),
  CONSTRAINT `FK1_AUDITORIA_OFICIO` FOREIGN KEY (`idAuditoria`) REFERENCES `auditoria` (`id`) ON DELETE NO ACTION ON UPDATE NO ACTION
) ENGINE=InnoDB DEFAULT CHARSET=utf8mb3 COLLATE=utf8mb3_general_ci COMMENT='tabla para guardar informacin de los aos Fiscales';
/*!40101 SET character_set_client = @saved_cs_client */;

--
-- Dumping data for table `OficiosA`
--

LOCK TABLES `OficiosA` WRITE;
/*!40000 ALTER TABLE `OficiosA` DISABLE KEYS */;
INSERT INTO `OficiosA` VALUES
('0df6b6da-50e6-11ee-a933-236cb4402701','0','2023-09-11 13:59:10','2023-09-11 13:59:10','30adc962-7109-11ed-a880-040300000000','30adc962-7109-11ed-a880-040300000000','976d73e9-4e91-11ee-a933-236cb4402701','CTG-DCASC-113-2023','2023-02-03 06:00:00','2023-02-13 06:00:00',NULL),
('19bf57e6-50e6-11ee-a933-236cb4402701','0','2023-09-11 13:59:29','2023-09-11 13:59:29','30adc962-7109-11ed-a880-040300000000','30adc962-7109-11ed-a880-040300000000','976d73e9-4e91-11ee-a933-236cb4402701','CTG-DCASC-457-2023','2023-02-03 06:00:00','2023-02-13 06:00:00',NULL),
('2f887649-50e6-11ee-a933-236cb4402701','0','2023-09-11 14:00:06','2023-09-11 14:00:06','30adc962-7109-11ed-a880-040300000000','30adc962-7109-11ed-a880-040300000000','980981ef-50d1-11ee-a933-236cb4402701','CTG-DCASC-206-2023','2023-03-23 06:00:00','2023-03-30 06:00:00',NULL),
('31afc9ea-50f5-11ee-a933-236cb4402701','0','2023-09-21 16:53:48','2023-09-11 15:47:32','05edb872-4919-11ee-8002-d89d6776f970','30adc962-7109-11ed-a880-040300000000','025c8a88-50df-11ee-a933-236cb4402701','CTG-DCASC-204/2023','2023-03-23 00:00:00','2023-03-31 00:00:00',NULL),
('3c724f54-50e5-11ee-a933-236cb4402701','0','2023-09-11 13:53:18','2023-09-11 13:53:18','30adc962-7109-11ed-a880-040300000000','30adc962-7109-11ed-a880-040300000000','84594571-4e82-11ee-a933-236cb4402701','CTG-DCASC-459/2023','2023-05-26 06:00:00','2023-06-05 06:00:00',NULL),
('4328f289-50f5-11ee-a933-236cb4402701','0','2023-09-11 15:48:01','2023-09-11 15:48:01','30adc962-7109-11ed-a880-040300000000','30adc962-7109-11ed-a880-040300000000','ac388667-50df-11ee-a933-236cb4402701','CTG-DCASC-203-2023','2023-03-22 06:00:00','2023-03-30 06:00:00',NULL),
('46857e29-50e6-11ee-a933-236cb4402701','0','2023-09-11 14:00:45','2023-09-11 14:00:45','30adc962-7109-11ed-a880-040300000000','30adc962-7109-11ed-a880-040300000000','81d3d166-50d3-11ee-a933-236cb4402701','CTG-DCASP-223/2023','2023-05-17 06:00:00','2023-05-24 06:00:00',NULL),
('5283cb15-50e6-11ee-a933-236cb4402701','0','2023-09-11 14:01:05','2023-09-11 14:01:05','30adc962-7109-11ed-a880-040300000000','30adc962-7109-11ed-a880-040300000000','fcb3bf39-50d4-11ee-a933-236cb4402701','CTG-DCASC-212-2023','2023-03-23 06:00:00','2023-03-30 06:00:00',NULL),
('64db4c5e-50e5-11ee-a933-236cb4402701','1','2023-09-11 13:55:20','2023-09-11 13:54:26','30adc962-7109-11ed-a880-040300000000','30adc962-7109-11ed-a880-040300000000','53dfb0df-4e8e-11ee-a933-236cb4402701','CTG-DCASC-112-2023','2023-02-03 06:00:00','2023-02-13 06:00:00',NULL),
('6f8ce998-50e6-11ee-a933-236cb4402701','0','2023-09-11 14:01:53','2023-09-11 14:01:53','30adc962-7109-11ed-a880-040300000000','30adc962-7109-11ed-a880-040300000000','7b16c673-50e3-11ee-a933-236cb4402701','CTG-DCASC-210-2023','2023-03-23 06:00:00','2023-03-30 06:00:00',NULL),
('7478afaa-50e5-11ee-a933-236cb4402701','1','2023-09-11 13:55:23','2023-09-11 13:54:52','30adc962-7109-11ed-a880-040300000000','30adc962-7109-11ed-a880-040300000000','53dfb0df-4e8e-11ee-a933-236cb4402701','CTG-DCASC-233-2023','2023-02-03 06:00:00','2023-02-13 06:00:00',NULL),
('8c113cf8-50e6-11ee-a933-236cb4402701','0','2023-09-11 14:02:41','2023-09-11 14:02:41','30adc962-7109-11ed-a880-040300000000','30adc962-7109-11ed-a880-040300000000','9654af7f-50da-11ee-a933-236cb4402701','CTG-DCASC-200-2023','2023-03-22 06:00:00','2023-03-30 06:00:00',NULL),
('96f34507-50e5-11ee-a933-236cb4402701','0','2023-09-11 13:55:50','2023-09-11 13:55:50','30adc962-7109-11ed-a880-040300000000','30adc962-7109-11ed-a880-040300000000','53dfb0df-4e8e-11ee-a933-236cb4402701','CTG-DCASC-226-2023','2023-03-30 06:00:00','2023-04-17 06:00:00',NULL),
('a883de5b-50e5-11ee-a933-236cb4402701','0','2023-09-11 13:56:20','2023-09-11 13:56:20','30adc962-7109-11ed-a880-040300000000','30adc962-7109-11ed-a880-040300000000','d3eebe77-4e8e-11ee-a933-236cb4402701','CTG-DCASC-112-2023','2023-02-03 06:00:00','2023-02-13 06:00:00',NULL),
('aa369ec9-50e6-11ee-a933-236cb4402701','0','2023-09-11 14:03:32','2023-09-11 14:03:32','30adc962-7109-11ed-a880-040300000000','30adc962-7109-11ed-a880-040300000000','9584d8ad-50db-11ee-a933-236cb4402701','CTG-DCASP-219-2023','2023-05-17 06:00:00','2023-05-24 06:00:00',NULL),
('b3405ed6-50e5-11ee-a933-236cb4402701','0','2023-09-11 13:56:38','2023-09-11 13:56:38','30adc962-7109-11ed-a880-040300000000','30adc962-7109-11ed-a880-040300000000','d3eebe77-4e8e-11ee-a933-236cb4402701','CTG-DCASC-233-2023','2023-02-03 06:00:00','2023-02-13 06:00:00',NULL),
('bbf03bfb-50e6-11ee-a933-236cb4402701','0','2023-09-11 14:04:02','2023-09-11 14:04:02','30adc962-7109-11ed-a880-040300000000','30adc962-7109-11ed-a880-040300000000','0a162f08-50dc-11ee-a933-236cb4402701','DCAOP-0112-2023','2023-03-30 06:00:00','2023-04-19 06:00:00',NULL),
('bf439f4d-50f4-11ee-a933-236cb4402701','0','2023-09-11 15:44:20','2023-09-11 15:44:20','30adc962-7109-11ed-a880-040300000000','30adc962-7109-11ed-a880-040300000000','cded7817-50dc-11ee-a933-236cb4402701','CTG-DCASC-378-2023','2023-05-22 06:00:00','2023-05-29 06:00:00',NULL),
('ccb4e7a4-50e6-11ee-a933-236cb4402701','0','2023-09-14 12:57:43','2023-09-11 14:04:30','30adc962-7109-11ed-a880-040300000000','30adc962-7109-11ed-a880-040300000000','0a162f08-50dc-11ee-a933-236cb4402701','DCAOP-0236-2023','2023-05-09 06:00:00','2023-05-19 06:00:00',NULL),
('cd0824d7-50f4-11ee-a933-236cb4402701','0','2023-09-11 15:44:43','2023-09-11 15:44:43','30adc962-7109-11ed-a880-040300000000','30adc962-7109-11ed-a880-040300000000','56ea8155-50dd-11ee-a933-236cb4402701','CTG-DCASC-227-2023','2023-03-30 06:00:00','2023-04-17 06:00:00',NULL),
('dfda3b91-50e6-11ee-a933-236cb4402701','0','2023-09-11 14:05:02','2023-09-11 14:05:02','30adc962-7109-11ed-a880-040300000000','30adc962-7109-11ed-a880-040300000000','0a162f08-50dc-11ee-a933-236cb4402701','DCAOP-0112-2023','2023-03-30 06:00:00','2023-04-19 06:00:00',NULL),
('e0260d35-50f4-11ee-a933-236cb4402701','0','2023-09-11 15:45:15','2023-09-11 15:45:15','30adc962-7109-11ed-a880-040300000000','30adc962-7109-11ed-a880-040300000000','ee6227d6-50dd-11ee-a933-236cb4402701','CTG-DCASP-247-2023','2023-05-30 06:00:00','2023-06-05 06:00:00',NULL),
('eb71b3c4-50e6-11ee-a933-236cb4402701','0','2023-09-11 14:05:21','2023-09-11 14:05:21','30adc962-7109-11ed-a880-040300000000','30adc962-7109-11ed-a880-040300000000','0a162f08-50dc-11ee-a933-236cb4402701','DCAOP-0321-2023','2023-06-13 06:00:00','2023-06-23 06:00:00',NULL),
('eca45a8c-50e5-11ee-a933-236cb4402701','0','2023-09-11 13:58:14','2023-09-11 13:58:14','30adc962-7109-11ed-a880-040300000000','30adc962-7109-11ed-a880-040300000000','cb0cc245-4e90-11ee-a933-236cb4402701','CTG-DCASC-456-2023','2023-02-03 06:00:00','2023-02-13 06:00:00',NULL),
('f1e037d1-50f4-11ee-a933-236cb4402701','0','2023-09-11 15:45:45','2023-09-11 15:45:45','30adc962-7109-11ed-a880-040300000000','30adc962-7109-11ed-a880-040300000000','6eb2cc21-50de-11ee-a933-236cb4402701','CTG-DCASP-221 U013','2023-05-17 06:00:00','2023-05-24 06:00:00',NULL),
('f6f45083-50e5-11ee-a933-236cb4402701','0','2023-09-11 13:58:31','2023-09-11 13:58:31','30adc962-7109-11ed-a880-040300000000','30adc962-7109-11ed-a880-040300000000','cb0cc245-4e90-11ee-a933-236cb4402701','CTG-DCASC-114-2023','2023-02-03 06:00:00','2023-02-13 06:00:00',NULL);
/*!40000 ALTER TABLE `OficiosA` ENABLE KEYS */;
UNLOCK TABLES;

--
-- Table structure for table `acciones`
--

DROP TABLE IF EXISTS `acciones`;
/*!40101 SET @saved_cs_client     = @@character_set_client */;
/*!40101 SET character_set_client = utf8 */;
CREATE TABLE `acciones` (
  `id` char(36) NOT NULL DEFAULT uuid(),
  `deleted` binary(1) NOT NULL DEFAULT '0',
  `UltimaActualizacion` datetime NOT NULL DEFAULT current_timestamp() ON UPDATE current_timestamp(),
  `FechaCreacion` datetime NOT NULL DEFAULT current_timestamp(),
  `ModificadoPor` char(36) NOT NULL,
  `CreadoPor` char(36) NOT NULL,
  `anio` int(11) DEFAULT NULL,
  `idTipoAccion` char(36) DEFAULT NULL,
  `idAuditoria` char(36) DEFAULT NULL,
  `idEstatusAccion` char(36) DEFAULT NULL,
  `ClaveAccion` varchar(100) DEFAULT NULL,
  `TextoAccion` longtext DEFAULT NULL,
  `Valor` decimal(20,0) DEFAULT NULL,
  `accionSuperviviente` varchar(100) DEFAULT NULL,
  `numeroResultado` int(11) DEFAULT NULL,
  `monto` decimal(20,2) DEFAULT NULL,
  PRIMARY KEY (`id`) USING BTREE,
  KEY `FK1_ACCIONES_AUDITORIA` (`idAuditoria`),
  KEY `FK2_ACCIONES_TIPOACCION` (`idTipoAccion`),
  KEY `FK3_ACCIONES_ESSTATUSACCION` (`idEstatusAccion`),
  CONSTRAINT `FK1_ACCIONES_AUDITORIA` FOREIGN KEY (`idAuditoria`) REFERENCES `auditoria` (`id`) ON DELETE NO ACTION ON UPDATE NO ACTION,
  CONSTRAINT `FK2_ACCIONES_TIPOACCION` FOREIGN KEY (`idTipoAccion`) REFERENCES `Cat_Tipos_Accion` (`id`) ON DELETE NO ACTION ON UPDATE NO ACTION,
  CONSTRAINT `FK3_ACCIONES_ESSTATUSACCION` FOREIGN KEY (`idEstatusAccion`) REFERENCES `Cat_Estatus_Acciones` (`id`) ON DELETE NO ACTION ON UPDATE NO ACTION
) ENGINE=InnoDB DEFAULT CHARSET=utf8mb3 COLLATE=utf8mb3_general_ci COMMENT='tabla para guardar informacin de las acciones';
/*!40101 SET character_set_client = @saved_cs_client */;

--
-- Dumping data for table `acciones`
--

LOCK TABLES `acciones` WRITE;
/*!40000 ALTER TABLE `acciones` DISABLE KEYS */;
INSERT INTO `acciones` VALUES
('8de922f4-58bd-11ee-a933-236cb4402701','0','2023-09-21 16:00:50','2023-09-21 13:29:24','05edb872-4919-11ee-8002-d89d6776f970','91f94f4d-57f1-11ee-a933-236cb4402701',NULL,'2f6aceb6-1f73-11ee-ac66-3cd92b4d9bf4','025c8a88-50df-11ee-a933-236cb4402701','50094d3a-1f72-11ee-ac66-3cd92b4d9bf4','2022-A-19000-19-1342-01-001','Para que el Gobierno del Estado de Nuevo Len instrumente mecanismos de control y seguimiento que permitan conciliar, actualizar y validar el importe reportado a la Secretara de Educacin Pblica de las transferencias de recursos estatales convenidos de los Subsidios Federales para Organismos Descentralizados Estatales, con el propsito de contribuir de manera proactiva al cumplimiento de los objetivos del programa y del marco normativo que lo rige.Los trminos de esta recomendacin y los mecanismos para su atencin, por parte de la entidad fiscalizada, quedan asentados en el Acta de la Reunin de Presentacin de Resultados Finales y Observaciones Preliminares en los trminos del artculo 42 de la Ley de Fiscalizacin y Rendicin de Cuentas de la Federacin.',NULL,'N/A',1,0.00);
/*!40000 ALTER TABLE `acciones` ENABLE KEYS */;
UNLOCK TABLES;

--
-- Table structure for table `auditoria`
--

DROP TABLE IF EXISTS `auditoria`;
/*!40101 SET @saved_cs_client     = @@character_set_client */;
/*!40101 SET character_set_client = utf8 */;
CREATE TABLE `auditoria` (
  `id` char(36) NOT NULL DEFAULT uuid(),
  `deleted` binary(1) NOT NULL DEFAULT '0',
  `UltimaActualizacion` datetime NOT NULL DEFAULT current_timestamp() ON UPDATE current_timestamp(),
  `FechaCreacion` datetime NOT NULL DEFAULT current_timestamp(),
  `ModificadoPor` char(36) NOT NULL,
  `CreadoPor` char(36) NOT NULL DEFAULT '',
  `anio` int(11) DEFAULT NULL,
  `NAUDITORIA` int(11) DEFAULT NULL,
  `FolioSIGA` varchar(100) DEFAULT NULL,
  `idModalidad` char(36) DEFAULT NULL,
  `Consecutivo` int(11) NOT NULL DEFAULT 0,
  `ActaInicio` varchar(500) DEFAULT NULL,
  `NombreAudoria` varchar(500) DEFAULT NULL,
  `Encargado` longtext DEFAULT NULL,
  `PersonalEncargado` longtext DEFAULT NULL,
  `idClasificacion` char(36) DEFAULT NULL,
  `idcatorigenaud` char(36) DEFAULT NULL,
  `idCatGrupoFuncional` char(36) DEFAULT NULL,
  `idCatSector` char(36) DEFAULT NULL,
  `idCatEntidadFiscalizada` char(36) DEFAULT NULL,
  `idTipoAuditoria` char(36) DEFAULT NULL,
  `idCatInforme` char(36) DEFAULT NULL,
  `idUnidadAdm` char(36) DEFAULT NULL,
  `idAreaAdm` char(36) DEFAULT NULL,
  `idRamo` char(36) DEFAULT NULL,
  `universopesos` decimal(20,2) DEFAULT NULL,
  `muestrapesos` decimal(20,2) DEFAULT NULL,
  `idInicioauditoria` char(36) DEFAULT NULL,
  `idmunicipio` char(36) DEFAULT NULL,
  `idEstatus` char(36) DEFAULT NULL,
  `montoauditado` decimal(20,2) DEFAULT NULL,
  PRIMARY KEY (`id`) USING BTREE,
  UNIQUE KEY `validacion` (`NAUDITORIA`),
  KEY `FK1_CAT_CLASIF` (`idClasificacion`),
  KEY `FK2_CAT_ORIGEN` (`idcatorigenaud`),
  KEY `FK3_CAT_GRUPOFUNCIONAL` (`idCatGrupoFuncional`),
  KEY `FK4_CAT_SECTOR` (`idCatSector`),
  KEY `FK5_CAT_ENTIDAD_FISC` (`idCatEntidadFiscalizada`),
  KEY `FK6_CAT_TIPO_AUD` (`idTipoAuditoria`),
  KEY `FK7_CAT_INFORME` (`idCatInforme`),
  KEY `FK8_CAT_UNIODADADMIN` (`idUnidadAdm`),
  KEY `FK9_CAT_AREADM` (`idAreaAdm`),
  KEY `FK10_CAT_RAMO` (`idRamo`),
  KEY `FK11_CAT_INICIO` (`idInicioauditoria`),
  KEY `FK12_municipios` (`idmunicipio`),
  KEY `FK13_CAT_ESTATUS` (`idEstatus`),
  KEY `FK14_CAT_MODALIDAD` (`idModalidad`),
  CONSTRAINT `FK10_CAT_RAMO` FOREIGN KEY (`idRamo`) REFERENCES `cat_ramo` (`id`) ON DELETE NO ACTION ON UPDATE NO ACTION,
  CONSTRAINT `FK11_CAT_INICIO` FOREIGN KEY (`idInicioauditoria`) REFERENCES `cat_inicio_auditoria` (`id`) ON DELETE NO ACTION ON UPDATE NO ACTION,
  CONSTRAINT `FK12_municipios` FOREIGN KEY (`idmunicipio`) REFERENCES `Municipios` (`id`) ON DELETE NO ACTION ON UPDATE NO ACTION,
  CONSTRAINT `FK13_CAT_ESTATUS` FOREIGN KEY (`idEstatus`) REFERENCES `cat_estatus_auditoria` (`id`) ON DELETE NO ACTION ON UPDATE NO ACTION,
  CONSTRAINT `FK14_CAT_MODALIDAD` FOREIGN KEY (`idModalidad`) REFERENCES `Cat_Modalidad` (`id`) ON DELETE NO ACTION ON UPDATE NO ACTION,
  CONSTRAINT `FK1_CAT_CLASIF` FOREIGN KEY (`idClasificacion`) REFERENCES `cat_tipo` (`id`) ON DELETE NO ACTION ON UPDATE NO ACTION,
  CONSTRAINT `FK2_CAT_ORIGEN` FOREIGN KEY (`idcatorigenaud`) REFERENCES `Cat_Origen_Auditoria` (`id`) ON DELETE NO ACTION ON UPDATE NO ACTION,
  CONSTRAINT `FK3_CAT_GRUPOFUNCIONAL` FOREIGN KEY (`idCatGrupoFuncional`) REFERENCES `Cat_Grupo_Funcional` (`id`) ON DELETE NO ACTION ON UPDATE NO ACTION,
  CONSTRAINT `FK4_CAT_SECTOR` FOREIGN KEY (`idCatSector`) REFERENCES `Cat_Sector` (`id`) ON DELETE NO ACTION ON UPDATE NO ACTION,
  CONSTRAINT `FK5_CAT_ENTIDAD_FISC` FOREIGN KEY (`idCatEntidadFiscalizada`) REFERENCES `Cat_Entidad_Fiscalizada` (`id`) ON DELETE NO ACTION ON UPDATE NO ACTION,
  CONSTRAINT `FK6_CAT_TIPO_AUD` FOREIGN KEY (`idTipoAuditoria`) REFERENCES `Cat_Tipos_Auditoria` (`id`) ON DELETE NO ACTION ON UPDATE NO ACTION,
  CONSTRAINT `FK7_CAT_INFORME` FOREIGN KEY (`idCatInforme`) REFERENCES `Cat_Informes` (`id`) ON DELETE NO ACTION ON UPDATE NO ACTION,
  CONSTRAINT `FK8_CAT_UNIODADADMIN` FOREIGN KEY (`idUnidadAdm`) REFERENCES `Cat_Unidad_Admin_Auditora` (`id`) ON DELETE NO ACTION ON UPDATE NO ACTION,
  CONSTRAINT `FK9_CAT_AREADM` FOREIGN KEY (`idAreaAdm`) REFERENCES `cat_area_auditoras` (`id`) ON DELETE NO ACTION ON UPDATE NO ACTION
) ENGINE=InnoDB DEFAULT CHARSET=utf8mb3 COLLATE=utf8mb3_general_ci COMMENT='tabla para guardar informacin de auditorias';
/*!40101 SET character_set_client = @saved_cs_client */;

--
-- Dumping data for table `auditoria`
--

LOCK TABLES `auditoria` WRITE;
/*!40000 ALTER TABLE `auditoria` DISABLE KEYS */;
INSERT INTO `auditoria` VALUES
('025c8a88-50df-11ee-a933-236cb4402701','0','2023-09-21 15:40:17','2023-09-11 13:08:44','05edb872-4919-11ee-8002-d89d6776f970','30adc962-7109-11ed-a880-040300000000',2022,1342,'397/2023','38184bc5-5322-11ee-b06d-3cd92b4d9bf4',17,'ACTA DE INICIO 1342','Transferencia de Recursos de los\nSubsidios Federales para Organismos\nDescentralizados Estatales de Educacin\nMedia Superior y Superior en su Vertiente\nTecnolgica y Politcnica\nU006','Lic. Juan Carlos Hernndez Durn. Director General de Auditora del Gasto Federalizado \"A\"','C.P. Jos Luis Bravo Mercado, Director de Auditora\nL.C. Toms Zamora Cruz, Subdirector de Auditora\nL.C. Sergio Snchez Lozano, Subdirector de Auditora\nC.P. Lizeth Margot Medina Surez, Auditor\nC.P. Juan Carlos Morales Arenas, Auditor\nL.C. Karina Zinahi Romero Ros, Auditor\nL.A. Samantha Yazmn Snchez Snchez, Auditor\nArq. Silvia Salazar Gonzlez, Auditor\nL.E. Ramn Natanael Moreno Granados, Auditor\nLic. Juan Ramn Luna Carmona, Auditor\nIng. Arq. Hugo Montao lvarez, Coordinador de Auditores de Fiscalizacin\nC.P. Juan Flores Galicia, Auditor\nL.C. Omar Mora Amado, Auditor de Fiscalizacin \"A\"\nL.C. Claudia Cecilia Chora Martnez, Auditor\nL.A. Carolina Reyes Bernab, Auditor\nC. Claudia Lilian Ortiz Solano, Auditor','df988d71-3d7b-11ee-aedd-3cd92b4d9bf4','437435f5-2c35-11ee-aea6-3cd92b4d9bf4','8768c812-1f72-11ee-ac66-3cd92b4d9bf4','f0ec5a89-1f72-11ee-ac66-3cd92b4d9bf4','06e7fe39-2a9a-11ee-ab48-3cd92b4d9bf4','0f1711cb-1f72-11ee-ac66-3cd92b4d9bf4','32ca665c-1f71-11ee-ac66-3cd92b4d9bf4','641ffc67-1f73-11ee-ac66-3cd92b4d9bf4','70cc584b-3c90-11ee-aedd-3cd92b4d9bf4','4c57920d-2a9c-11ee-ab48-3cd92b4d9bf4',0.00,0.00,'1f7f6e8c-4177-11ee-a8c9-3cd92b4d9bf4','7832d7e4-4e82-11ee-a933-236cb4402701','ac6ba5e6-4176-11ee-a8c9-3cd92b4d9bf4',NULL),
('0a162f08-50dc-11ee-a933-236cb4402701','0','2023-09-14 15:49:51','2023-09-11 12:47:28','30adc962-7109-11ed-a880-040300000000','30adc962-7109-11ed-a880-040300000000',2022,1337,'466/2023, 572 - O/2023, 466/2023, y 172/2023','c748097a-5331-11ee-b06d-3cd92b4d9bf4',12,NULL,'Fondo de Infraestructura Social para las\nEntidades','Lic. Marciano Cruz ngeles, Director General de Auditora del Gasto Federalizado \"C\"','Fermin Luz Bustos:\nL.C. Oswaldo Fuente Lugo, Director de Auditora\nC.P. Fernando Mandujano Campos, Auditor\nL.C. Jessica Paola Meza Ramrez, Auditor\nMtro. Carlos Gonzlez Estrada, Jefe de Departamento\nIng. Eber Emanuel Cuevas Garnica, Auditor\nLic. Omar Alberto Estrada Trejo, Auditor','df988d71-3d7b-11ee-aedd-3cd92b4d9bf4','437435f5-2c35-11ee-aea6-3cd92b4d9bf4','8768c812-1f72-11ee-ac66-3cd92b4d9bf4','f101b1d2-1f72-11ee-ac66-3cd92b4d9bf4','06e7fe39-2a9a-11ee-ab48-3cd92b4d9bf4','0f1711cb-1f72-11ee-ac66-3cd92b4d9bf4','32ca665c-1f71-11ee-ac66-3cd92b4d9bf4','641ffc67-1f73-11ee-ac66-3cd92b4d9bf4','8d5836e3-3c90-11ee-aedd-3cd92b4d9bf4','4c57920d-2a9c-11ee-ab48-3cd92b4d9bf4',0.00,0.00,'1f7f6e8c-4177-11ee-a8c9-3cd92b4d9bf4','7832d7e4-4e82-11ee-a933-236cb4402701','ac6ba5e6-4176-11ee-a8c9-3cd92b4d9bf4',NULL),
('53dfb0df-4e8e-11ee-a933-236cb4402701','0','2023-09-21 13:48:50','2023-09-08 14:26:09','05edb872-4919-11ee-8002-d89d6776f970','30adc962-7109-11ed-a880-040300000000',2022,1327,'468/2023','38184bc5-5322-11ee-b06d-3cd92b4d9bf4',2,NULL,'Disponibilidades de Recursos de Transferencias Federales Etiquetadas (Principio de Anualidad)','Lic. Marciano Cruz ngeles, Director General de Auditora del Gasto Federalizado \"C\"','Lic. Oswaldo Fuentes Lugo-Director de Auditora\nC.P. Fernando Mandujano Campos, Auditor\nL.C. Jessica Paola Meza Ramrez, Auditor\nMtro. Carlos Gonzlez Estrada, Jefe de Departamento\nIng. Eber Emanuel Cuevas Garnica, Auditor\nLic. Omar Alberto estrada Trejo-Auditor','df988d71-3d7b-11ee-aedd-3cd92b4d9bf4','437435f5-2c35-11ee-aea6-3cd92b4d9bf4','8768c812-1f72-11ee-ac66-3cd92b4d9bf4','f101b1d2-1f72-11ee-ac66-3cd92b4d9bf4','06e7fe39-2a9a-11ee-ab48-3cd92b4d9bf4','0f1711cb-1f72-11ee-ac66-3cd92b4d9bf4','32ca665c-1f71-11ee-ac66-3cd92b4d9bf4','641ffc67-1f73-11ee-ac66-3cd92b4d9bf4','8d5836e3-3c90-11ee-aedd-3cd92b4d9bf4','4c57920d-2a9c-11ee-ab48-3cd92b4d9bf4',0.00,0.00,'1f7f6e8c-4177-11ee-a8c9-3cd92b4d9bf4','7832d7e4-4e82-11ee-a933-236cb4402701','ac6ba5e6-4176-11ee-a8c9-3cd92b4d9bf4',NULL),
('56ea8155-50dd-11ee-a933-236cb4402701','0','2023-09-14 15:49:52','2023-09-11 12:56:47','30adc962-7109-11ed-a880-040300000000','30adc962-7109-11ed-a880-040300000000',2022,1339,'467/2023','c748097a-5331-11ee-b06d-3cd92b4d9bf4',14,NULL,'Participaciones Federales a Entidades\nFederativas (Cumplimiento del Artculo 3-\nB de la Ley de Coordinacin Fiscal)','Lic. Marciano Cruz ngeles, Director General de Auditora del Gasto Federalizado \"C\"','Fermin Luz Bustos:\nL.C. Oswaldo Fuentes Lugo, Director de Auditora\nC.P. Fernando Mandujano Campos, Auditor\nL.C. Jessica Paola Meza Ramrez, Auditora\nMtro. Carlos Gonzlez Estrada, Jefe de Departamento\nIng. Eber Emanuel Cuevas Garnica, Auditor\nLic. Omar Alberto Estrada Trejo, Auditor','df988d71-3d7b-11ee-aedd-3cd92b4d9bf4','437435f5-2c35-11ee-aea6-3cd92b4d9bf4','8768c812-1f72-11ee-ac66-3cd92b4d9bf4','f101b1d2-1f72-11ee-ac66-3cd92b4d9bf4','06e7fe39-2a9a-11ee-ab48-3cd92b4d9bf4','0f1711cb-1f72-11ee-ac66-3cd92b4d9bf4','32ca665c-1f71-11ee-ac66-3cd92b4d9bf4','641ffc67-1f73-11ee-ac66-3cd92b4d9bf4','8d5836e3-3c90-11ee-aedd-3cd92b4d9bf4','4c57920d-2a9c-11ee-ab48-3cd92b4d9bf4',0.00,0.00,'1f7f6e8c-4177-11ee-a8c9-3cd92b4d9bf4','7832d7e4-4e82-11ee-a933-236cb4402701','ac6ba5e6-4176-11ee-a8c9-3cd92b4d9bf4',NULL),
('6eb2cc21-50de-11ee-a933-236cb4402701','0','2023-09-21 17:51:55','2023-09-11 13:04:36','91f94f4d-57f1-11ee-a933-236cb4402701','30adc962-7109-11ed-a880-040300000000',2022,1341,'17/2023','38184bc5-5322-11ee-b06d-3cd92b4d9bf4',16,NULL,'Programa de Atencin a la Salud y\nMedicamentos Gratuitos para la Poblacin\nsin Seguridad Social Laboral\nU013','Octavio Mena Alarcn, Director General de Auditoria del Gasto Federalizado \'B\"','Lic. Leonor Anglica Gonzlez Vzquez, Directora de Auditora\nL.C. Ivette Garca Snchez, Subdirectora del Auditora\nIng. Arq. y L.E. Adn Hernndez de Coss, Jefe de Departamento\nL.E. Omar Alexis Ortega Lpez, Auditor\nC.P. Lorena Ledesma Camacho, Auditora\nC.P. Mara Guadalupe Fragoso Cruz, Auditora','df988d71-3d7b-11ee-aedd-3cd92b4d9bf4','437435f5-2c35-11ee-aea6-3cd92b4d9bf4','8768c812-1f72-11ee-ac66-3cd92b4d9bf4','f10685df-1f72-11ee-ac66-3cd92b4d9bf4','06e7fe39-2a9a-11ee-ab48-3cd92b4d9bf4','0f1711cb-1f72-11ee-ac66-3cd92b4d9bf4','32ca665c-1f71-11ee-ac66-3cd92b4d9bf4','641ffc67-1f73-11ee-ac66-3cd92b4d9bf4','7f368419-3c90-11ee-aedd-3cd92b4d9bf4','4c57920d-2a9c-11ee-ab48-3cd92b4d9bf4',0.00,0.00,'1f7f6e8c-4177-11ee-a8c9-3cd92b4d9bf4','7832d7e4-4e82-11ee-a933-236cb4402701','ac6ba5e6-4176-11ee-a8c9-3cd92b4d9bf4',NULL),
('7b16c673-50e3-11ee-a933-236cb4402701','0','2023-09-14 15:49:53','2023-09-11 13:40:44','30adc962-7109-11ed-a880-040300000000','30adc962-7109-11ed-a880-040300000000',2022,1334,'409/2023','c748097a-5331-11ee-b06d-3cd92b4d9bf4',9,NULL,'Fondo de Aportaciones para la Nmina\nEducativa y Gasto Operativo','Lic. Juan Carlos Hernandez Duran. Director General de Auditoria del Gasto Federalizado \"A\"','C.P. Guillermo Cortez Ortega-Director de Auditora\nL.C. Daro Hernndez Vargas-Subdirector de Auditora\nM.A. Csar Mndez Hernndez-Subdirector de Auditora\nL.A. Carla Alejandra Alarcn Mena-Subdirector de Auditora\nMtro. Juan Antonio Zendejas Gervacio-Subdirector de rea\nLic. Iris Anglica Aguilar Snchez-Auditor\nLic. Patricia Salinas Snchez-Auditor\nLic. Annel Viridiana Gonzlez Garca-Auditor\nL.C. Magali Gonzlez Acevedo-Auditor\nMtra. Virginia ngeles Vzquez Ramrez-Auditor\nArq. Juan Carlos Herrera Ortega\nLic. Jorge Alberto Prez Snchez\nL.C. Gilberto Ramrez Tllez-Jefe de Departamento\nM.A.P. Alejandro Gmez Snchez-Auditor\nM.A.P. Jess Alfredo Lpez Snchez\nL.A. Jaime Luna Mendoza-Auditor de Fsicalizacin \"A\"\nM.A.P. Yolanda Evangelista Hernndez-Auditor\nC.P. Nallely Saavedra Perea-Auditor\nIng. Oscar Osorio Ortiz-Auditor\nL.A. Cesly Beatriz Becerril Molina-Auditor\nM.F. Christian Alan Flores Palomares-Auditor\nC.P. Gardenia Gutirrez Medina-Auditor\nLic. Brenda Lizette Prez Romero\nL.A. Alma Lorena Resndiz Galvn-Auditor\nL.C. Nubia Itzel Pineda Toledo-Auditor\nC. Viridiana Moreno Morales-Supervisor Administrativo\nLic. Anna Laura Estrada Argello-Auditor\nL.A. Martha Margarita Garca Casillas-Auditor\nAct. Maricela Nuez Valencia-Auditor\nLic. Rafael Victoria Mendoza-Auditor\nIng. Vicente Gonzlez Osorno-Auditor\nL.A. Sergio Chvez Villavicencio-Auditor\nIng. Mario Alberto Gmez Hernndez-Auditor\nIng. Ana Valeria Gonzlez Jurez-Auditor\nLic. Kimberly Contreras Y Izguerra-Auditor\nL.C. ngel Ortega Castellanos-Jefe de Departamento\nL.A. Pablo Alberto Rocha Rodrguez-Auditor\nL.C. Humberto Javier Hernndez Silva-Auditor','df988d71-3d7b-11ee-aedd-3cd92b4d9bf4','437435f5-2c35-11ee-aea6-3cd92b4d9bf4','8768c812-1f72-11ee-ac66-3cd92b4d9bf4','f101b1d2-1f72-11ee-ac66-3cd92b4d9bf4','06e7fe39-2a9a-11ee-ab48-3cd92b4d9bf4','0f1711cb-1f72-11ee-ac66-3cd92b4d9bf4','32ca665c-1f71-11ee-ac66-3cd92b4d9bf4','641ffc67-1f73-11ee-ac66-3cd92b4d9bf4','70cc584b-3c90-11ee-aedd-3cd92b4d9bf4','4c57920d-2a9c-11ee-ab48-3cd92b4d9bf4',0.00,0.00,'1f7f6e8c-4177-11ee-a8c9-3cd92b4d9bf4','7832d7e4-4e82-11ee-a933-236cb4402701','ac6ba5e6-4176-11ee-a8c9-3cd92b4d9bf4',NULL),
('81d3d166-50d3-11ee-a933-236cb4402701','0','2023-09-14 15:49:54','2023-09-11 11:46:24','30adc962-7109-11ed-a880-040300000000','30adc962-7109-11ed-a880-040300000000',2022,1332,'16/2023','c748097a-5331-11ee-b06d-3cd92b4d9bf4',7,NULL,'Fondo de Aportaciones para el\nFortalecimiento de las Entidades\nFederativas','Mtro. Aureliano Hernndez Palacios Cardel, Director General de Auditora del Gasto Federalizado \"D\"','Fermin Luz Bustos:\nLic. Guillermo Orozco Lara, Director de rea\nMtra. Joanna Ediressel Gamboa Silveira, Director de rea\nMtro. Juan Roberto Castillo Cruz, Director de rea\nLic. Luis Alberto Melndez Herrera, Auditor\nMtro. Rafael Olivares Morales, Auditor\nLic. Mario Alberto Rodrguez Martell, Subdirector de rea\nL.C. Milka Betzaida Gutirrez Figueroa, Jefe de Departamento\nDr. Kristobal Miguel Melendez Aguilar, Subdirector de rea','df988d71-3d7b-11ee-aedd-3cd92b4d9bf4','437435f5-2c35-11ee-aea6-3cd92b4d9bf4','8768c812-1f72-11ee-ac66-3cd92b4d9bf4','f101b1d2-1f72-11ee-ac66-3cd92b4d9bf4','06e7fe39-2a9a-11ee-ab48-3cd92b4d9bf4','0f1711cb-1f72-11ee-ac66-3cd92b4d9bf4','32ca665c-1f71-11ee-ac66-3cd92b4d9bf4','641ffc67-1f73-11ee-ac66-3cd92b4d9bf4','9dedbc00-3c90-11ee-aedd-3cd92b4d9bf4','4c57920d-2a9c-11ee-ab48-3cd92b4d9bf4',0.00,0.00,'1f7f6e8c-4177-11ee-a8c9-3cd92b4d9bf4','7832d7e4-4e82-11ee-a933-236cb4402701','ac6ba5e6-4176-11ee-a8c9-3cd92b4d9bf4',NULL),
('84594571-4e82-11ee-a933-236cb4402701','0','2023-09-21 13:48:42','2023-09-08 13:01:36','05edb872-4919-11ee-8002-d89d6776f970','30adc962-7109-11ed-a880-040300000000',2022,1326,'65/2023','38184bc5-5322-11ee-b06d-3cd92b4d9bf4',1,NULL,'Cumplimiento de las Disposiciones Establecidas en la Ley de Disciplina Financiera de las Entidades Federativas y\nlos Municipios','Lic. Marciano Cruz ngeles, Director General de Auditora del Gasto Federalizado \"C\"','Mtra. Vernica Lpez Gallegos, Directora de Auditora\nMtro. Jos Luis Rodrguez Miranda, Subdirector de Auditora\nC.P. Agustn Nez Machuca, Coordinador de Auditores de Fiscalizacin\nL.A.E. Gregorio Garca Hernndez, Auditor de Fiscalizacin \"A\"\nArq. Uriel Alejandro Salazar Vzquez, Auditor','df988d71-3d7b-11ee-aedd-3cd92b4d9bf4','437435f5-2c35-11ee-aea6-3cd92b4d9bf4','8768c812-1f72-11ee-ac66-3cd92b4d9bf4','f101b1d2-1f72-11ee-ac66-3cd92b4d9bf4','06e7fe39-2a9a-11ee-ab48-3cd92b4d9bf4','0f1711cb-1f72-11ee-ac66-3cd92b4d9bf4','32ca665c-1f71-11ee-ac66-3cd92b4d9bf4','641ffc67-1f73-11ee-ac66-3cd92b4d9bf4','8d5836e3-3c90-11ee-aedd-3cd92b4d9bf4','4c57920d-2a9c-11ee-ab48-3cd92b4d9bf4',0.00,0.00,'1f7f6e8c-4177-11ee-a8c9-3cd92b4d9bf4','7832d7e4-4e82-11ee-a933-236cb4402701','ac6ba5e6-4176-11ee-a8c9-3cd92b4d9bf4',NULL),
('9584d8ad-50db-11ee-a933-236cb4402701','0','2023-09-14 15:49:55','2023-09-11 12:44:13','30adc962-7109-11ed-a880-040300000000','30adc962-7109-11ed-a880-040300000000',2022,1336,'18/2023','c748097a-5331-11ee-b06d-3cd92b4d9bf4',11,NULL,'Fondo de Aportaciones para los Servicios\nde Salud','Octavio Mena Alarcn, Director General de Auditoria del Gasto Federalizado \'B\"','Fermin Luz Bustos:\nLic. Leonor Anglica Gonzlez Vzquez, Director de Auditora\nL.C. Ivette Garca Snchez, Subdirector de Auditora\nIng. Arq. y L.E. Adn Hernndez Coss, Jefe de Departamento\nL.E. Omar Alexis Ortega Lpez, Auditor\nC.P. Lorena Ledesma Camacho, Auditora\nC.P. Mara Guadalupe Fragoso Cruz, Auditora','df988d71-3d7b-11ee-aedd-3cd92b4d9bf4','437435f5-2c35-11ee-aea6-3cd92b4d9bf4','8768c812-1f72-11ee-ac66-3cd92b4d9bf4','f10685df-1f72-11ee-ac66-3cd92b4d9bf4','06e7fe39-2a9a-11ee-ab48-3cd92b4d9bf4','0f1711cb-1f72-11ee-ac66-3cd92b4d9bf4','32ca665c-1f71-11ee-ac66-3cd92b4d9bf4','641ffc67-1f73-11ee-ac66-3cd92b4d9bf4','7f368419-3c90-11ee-aedd-3cd92b4d9bf4','4c57920d-2a9c-11ee-ab48-3cd92b4d9bf4',0.00,0.00,'1f7f6e8c-4177-11ee-a8c9-3cd92b4d9bf4','7832d7e4-4e82-11ee-a933-236cb4402701','ac6ba5e6-4176-11ee-a8c9-3cd92b4d9bf4',NULL),
('9654af7f-50da-11ee-a933-236cb4402701','0','2023-09-14 15:49:56','2023-09-11 12:37:05','30adc962-7109-11ed-a880-040300000000','30adc962-7109-11ed-a880-040300000000',2022,1335,'396/2023','c748097a-5331-11ee-b06d-3cd92b4d9bf4',10,NULL,'Fondo de Aportaciones para la Seguridad','Octavio Mena Alarcn, Director General de Auditoria del Gasto Federalizado \'B\"','Blanca Nelly Snchez Gutierrez:\nLic. Leonor Anglica Gonzlez Vzquez Directora de Auditora\nL.C. Ivette Garca Snchez  Subdirectora de Auditora\nlng. Arq. y L.E. Adn Hernndez de Coss   Jefe de Departamento \nLE. Ornar Alexis Ortega Lpez   Auditor \nC.P. Lorena Ledesma Camacho Auditora \nC.P. Mara Guadalupe Fragoso Cruz   Auditora','df988d71-3d7b-11ee-aedd-3cd92b4d9bf4','437435f5-2c35-11ee-aea6-3cd92b4d9bf4','8768c812-1f72-11ee-ac66-3cd92b4d9bf4','f101b1d2-1f72-11ee-ac66-3cd92b4d9bf4','06e7fe39-2a9a-11ee-ab48-3cd92b4d9bf4','e3769999-1f71-11ee-ac66-3cd92b4d9bf4','32ca665c-1f71-11ee-ac66-3cd92b4d9bf4','641ffc67-1f73-11ee-ac66-3cd92b4d9bf4','7f368419-3c90-11ee-aedd-3cd92b4d9bf4','4c57920d-2a9c-11ee-ab48-3cd92b4d9bf4',0.00,0.00,'1f7f6e8c-4177-11ee-a8c9-3cd92b4d9bf4','7832d7e4-4e82-11ee-a933-236cb4402701','ac6ba5e6-4176-11ee-a8c9-3cd92b4d9bf4',NULL),
('976d73e9-4e91-11ee-a933-236cb4402701','0','2023-09-21 13:49:54','2023-09-08 14:49:31','05edb872-4919-11ee-8002-d89d6776f970','30adc962-7109-11ed-a880-040300000000',2022,1330,'151 - O/2023, 54 - O/2023','38184bc5-5322-11ee-b06d-3cd92b4d9bf4',5,NULL,'Distribucin del Fondo de Aportaciones para la Infraestructura Social Municipal y de las Demarcaciones Territoriales del\nDistrito Federal','Dr. Constantino Alberto Prez Morales, Director General de Evaluacin del Gasto Federalizado','Mira. Berenice Ledezma Mndez Directora de rea.\nLic. Alejandro Iturriaga Velasco-Auditor\nLic. Milton Adrin Mosco Hernndez-Jefe de Departamento\nLic. Fabiola Cruz Luciano-Auditora\nLic. Estefana Alarcn Lpez-Auditora\nC.Donaldo Lpez Estrada-Auditor','df988d71-3d7b-11ee-aedd-3cd92b4d9bf4','437435f5-2c35-11ee-aea6-3cd92b4d9bf4','8768c812-1f72-11ee-ac66-3cd92b4d9bf4','f101b1d2-1f72-11ee-ac66-3cd92b4d9bf4','06e7fe39-2a9a-11ee-ab48-3cd92b4d9bf4','0f1711cb-1f72-11ee-ac66-3cd92b4d9bf4','32ca665c-1f71-11ee-ac66-3cd92b4d9bf4','641ffc67-1f73-11ee-ac66-3cd92b4d9bf4','b0929ef7-3c90-11ee-aedd-3cd92b4d9bf4','4c57920d-2a9c-11ee-ab48-3cd92b4d9bf4',0.00,0.00,'1f7f6e8c-4177-11ee-a8c9-3cd92b4d9bf4','7832d7e4-4e82-11ee-a933-236cb4402701','ac6ba5e6-4176-11ee-a8c9-3cd92b4d9bf4',NULL),
('980981ef-50d1-11ee-a933-236cb4402701','0','2023-09-21 13:50:08','2023-09-11 11:32:42','05edb872-4919-11ee-8002-d89d6776f970','30adc962-7109-11ed-a880-040300000000',2022,1331,'408/2023','38184bc5-5322-11ee-b06d-3cd92b4d9bf4',6,NULL,'Fondo de Aportaciones Mltiples','Lic. Juan Carlos Hernndez Duran. Director General de Auditoria del Gasto Federalizado \"A\"','C.P. Jos Luis Bravo Mercado, Director de Auditora\nL.C. Toms Zamora Cruz, Subdirector de Auditora\nL.C. Sergio Snchez Lozano, Subdirector de Auditora\nC.P. Lizeth Margot Medina Surez, Auditor\nC.P. Juan Carlos Morales Arenas, Auditor\nL.C. Karina Zinahi Romero Ros, Auditor\nL.A. Samantha Yazmn Snchez Snchez, Auditor\nArq. Silvia Salazar Gonzlez, Auditor\nL.E. Ramn Natanael Moreno Granados, Auditor\nLic. Juan Ramn Luna Carmona, Auditor\nIng. Arq. Hugo Montao lvarez, Coordinador de Auditores de Fiscalizacin\nC.P. Juan Flores Galicia, Auditor\nL.C. Omar Mora Amado, Auditor de Fiscalizacin \"A\"\nL.C. Claudia Cecilia Chora Martnez, Auditor\nL.A. Carolina Reyes Bernab, Auditor\nC. Claudia Lilian Ortiz Solano, Auditor','df988d71-3d7b-11ee-aedd-3cd92b4d9bf4','437435f5-2c35-11ee-aea6-3cd92b4d9bf4','8768c812-1f72-11ee-ac66-3cd92b4d9bf4','f101b1d2-1f72-11ee-ac66-3cd92b4d9bf4','06e7fe39-2a9a-11ee-ab48-3cd92b4d9bf4','0f1711cb-1f72-11ee-ac66-3cd92b4d9bf4','32ca665c-1f71-11ee-ac66-3cd92b4d9bf4','641ffc67-1f73-11ee-ac66-3cd92b4d9bf4','70cc584b-3c90-11ee-aedd-3cd92b4d9bf4','4c57920d-2a9c-11ee-ab48-3cd92b4d9bf4',0.00,0.00,'1f7f6e8c-4177-11ee-a8c9-3cd92b4d9bf4','7832d7e4-4e82-11ee-a933-236cb4402701','ac6ba5e6-4176-11ee-a8c9-3cd92b4d9bf4',NULL),
('ac388667-50df-11ee-a933-236cb4402701','0','2023-09-14 15:49:58','2023-09-11 13:13:29','30adc962-7109-11ed-a880-040300000000','30adc962-7109-11ed-a880-040300000000',2022,1343,'398/2023','c748097a-5331-11ee-b06d-3cd92b4d9bf4',18,'ACTA DE INICIO 1343','Transferencia de Recursos de los\nSubsidios Federales para Organismos\nDescentralizados Estatales de Educacin\nSuperior en las Universidades Pblicas\nEstatales\nUANL','Octavio Mena Alarcn, Director General de Auditoria del Gasto Federalizado \'B\"','Blanca Nelly Snchez Gutierrez:\nLic. Leonor Anglica Gonzlez Vzquez Directora de Auditora\nL.C. Ivette Garca Snchez  Subdirectora de Auditora\nlng. Arq. y L.E. Adn Hernndez de Coss   Jefe de Departamento \nLE. Ornar Alexis Ortega Lpez   Auditor \nC.P. Lorena Ledesma Camacho Auditora \nC.P. Mara Guadalupe Fragoso Cruz   Auditora','df988d71-3d7b-11ee-aedd-3cd92b4d9bf4','437435f5-2c35-11ee-aea6-3cd92b4d9bf4','8768c812-1f72-11ee-ac66-3cd92b4d9bf4','f0ec5a89-1f72-11ee-ac66-3cd92b4d9bf4','06e7fe39-2a9a-11ee-ab48-3cd92b4d9bf4','0f1711cb-1f72-11ee-ac66-3cd92b4d9bf4','32ca665c-1f71-11ee-ac66-3cd92b4d9bf4','641ffc67-1f73-11ee-ac66-3cd92b4d9bf4','7f368419-3c90-11ee-aedd-3cd92b4d9bf4','4c57920d-2a9c-11ee-ab48-3cd92b4d9bf4',0.00,0.00,'1f7f6e8c-4177-11ee-a8c9-3cd92b4d9bf4','7832d7e4-4e82-11ee-a933-236cb4402701','ac6ba5e6-4176-11ee-a8c9-3cd92b4d9bf4',NULL),
('cb0cc245-4e90-11ee-a933-236cb4402701','0','2023-09-21 13:49:04','2023-09-08 14:43:48','05edb872-4919-11ee-8002-d89d6776f970','30adc962-7109-11ed-a880-040300000000',2022,1329,'55-O/2023,149-O/2023','38184bc5-5322-11ee-b06d-3cd92b4d9bf4',4,NULL,'Distribucin del Fondo de Aportaciones para el Fortalecimiento de los Municipios y de las Demarcaciones Territoriales del Distrito Federal','Dr. Constantino Alberto Prez Morales, Director General de Evaluacin del Gasto Federalizado','Mira. Berenice Ledezma Mndez Directora de rea.\nLic. Alejandro Iturriaga Velasco-Auditor\nLic. Milton Adrin Mosco Hernndez-Jefe de Departamento\nLic. Fabiola Cruz Luciano-Auditora\nLic. Estefana Alarcn Lpez-Auditora\nC.Donaldo Lpez Estrada-Auditor','df988d71-3d7b-11ee-aedd-3cd92b4d9bf4','437435f5-2c35-11ee-aea6-3cd92b4d9bf4','8768c812-1f72-11ee-ac66-3cd92b4d9bf4','f101b1d2-1f72-11ee-ac66-3cd92b4d9bf4','06e7fe39-2a9a-11ee-ab48-3cd92b4d9bf4','0f1711cb-1f72-11ee-ac66-3cd92b4d9bf4','32ca665c-1f71-11ee-ac66-3cd92b4d9bf4','641ffc67-1f73-11ee-ac66-3cd92b4d9bf4','b0929ef7-3c90-11ee-aedd-3cd92b4d9bf4','4c57920d-2a9c-11ee-ab48-3cd92b4d9bf4',0.00,0.00,'1f7f6e8c-4177-11ee-a8c9-3cd92b4d9bf4','7832d7e4-4e82-11ee-a933-236cb4402701','ac6ba5e6-4176-11ee-a8c9-3cd92b4d9bf4',NULL),
('cded7817-50dc-11ee-a933-236cb4402701','0','2023-09-14 15:49:59','2023-09-11 12:52:57','30adc962-7109-11ed-a880-040300000000','30adc962-7109-11ed-a880-040300000000',2022,1338,'25/2023','c748097a-5331-11ee-b06d-3cd92b4d9bf4',13,NULL,'Participaciones Federales a Entidades\nFederativas','Mtro. Aureliano Hernndez Palacios Cardel, Director General de Auditora del Gasto Federalizado \"D\"','Fermin Luz Bustos:\nLic. Guillermo Orozco Lara, Director de rea\nMtra. Joanna Ediressel Gamboa Silveira, Directora de rea\nMtro. Juan Roberto Castillo Cruz, Director de rea\nLic. Luis Alberto Melndez Herrera, Auditor\nMtro. Rafael Olivares Morales, Auditor\nLic. Mario Alberto Rodrguez Martell, Subdirector de rea\nL.C. Milka Betzaida Gutirrez Figueroa, Jefa de Departamento\nDr. Kristobal Miguel Melndez Aguilar, Subdirector de rea','df988d71-3d7b-11ee-aedd-3cd92b4d9bf4','437435f5-2c35-11ee-aea6-3cd92b4d9bf4','8768c812-1f72-11ee-ac66-3cd92b4d9bf4','f101b1d2-1f72-11ee-ac66-3cd92b4d9bf4','06e7fe39-2a9a-11ee-ab48-3cd92b4d9bf4','0f1711cb-1f72-11ee-ac66-3cd92b4d9bf4','32ca665c-1f71-11ee-ac66-3cd92b4d9bf4','641ffc67-1f73-11ee-ac66-3cd92b4d9bf4','9dedbc00-3c90-11ee-aedd-3cd92b4d9bf4','4c57920d-2a9c-11ee-ab48-3cd92b4d9bf4',0.00,0.00,'1f7f6e8c-4177-11ee-a8c9-3cd92b4d9bf4','7832d7e4-4e82-11ee-a933-236cb4402701','ac6ba5e6-4176-11ee-a8c9-3cd92b4d9bf4',NULL),
('d3eebe77-4e8e-11ee-a933-236cb4402701','0','2023-09-21 13:48:58','2023-09-08 14:29:44','05edb872-4919-11ee-8002-d89d6776f970','30adc962-7109-11ed-a880-040300000000',2022,1328,'150/2023,453/2023','38184bc5-5322-11ee-b06d-3cd92b4d9bf4',3,NULL,'Distribucin de las Participaciones Federales','Dr. Constantino Alberto Prez Morales, Director General de Evaluacin del Gasto Federalizado','Mira. Berenice Ledezma Mndez Directora de rea.\nLic. Alejandro Iturriaga Velasco-Auditor\nLic. Milton Adrin Mosco Hernndez-Jefe de Departamento\nLic. Fabiola Cruz Luciano-Auditora\nLic, Estefana Alarcn Lpez-Auditora\nC.Donaldo Lpez Estrada','df988d71-3d7b-11ee-aedd-3cd92b4d9bf4','437435f5-2c35-11ee-aea6-3cd92b4d9bf4','8768c812-1f72-11ee-ac66-3cd92b4d9bf4','f101b1d2-1f72-11ee-ac66-3cd92b4d9bf4','06e7fe39-2a9a-11ee-ab48-3cd92b4d9bf4','0f1711cb-1f72-11ee-ac66-3cd92b4d9bf4','32ca665c-1f71-11ee-ac66-3cd92b4d9bf4','641ffc67-1f73-11ee-ac66-3cd92b4d9bf4','b0929ef7-3c90-11ee-aedd-3cd92b4d9bf4','4c57920d-2a9c-11ee-ab48-3cd92b4d9bf4',0.00,0.00,'1f7f6e8c-4177-11ee-a8c9-3cd92b4d9bf4','7832d7e4-4e82-11ee-a933-236cb4402701','ac6ba5e6-4176-11ee-a8c9-3cd92b4d9bf4',NULL),
('ee6227d6-50dd-11ee-a933-236cb4402701','0','2023-09-14 15:50:01','2023-09-11 13:01:01','30adc962-7109-11ed-a880-040300000000','30adc962-7109-11ed-a880-040300000000',2022,1340,'430/2023','c748097a-5331-11ee-b06d-3cd92b4d9bf4',15,NULL,'Programa de Atencin a la Salud','Octavio Mena Alarcn, Director General de Auditoria del Gasto Federalizado \'B\"','Fermin Luz Bustos:\nLic. Leonor Anglica Gonzlez Vzquez, Directora de Auditora\nL.C. Ivette Garca Snchez, Subdirectora del Auditora\nIng. Arq. y L.E. Adn Hernndez de Coss, Jefe de Departamento\nL.E. Omar Alexis Ortega Lpez, Auditor\nC.P. Lorena Ledesma Camacho, Auditora\nC.P. Mara Guadalupe Fragoso Cruz, Auditora','df988d71-3d7b-11ee-aedd-3cd92b4d9bf4','437435f5-2c35-11ee-aea6-3cd92b4d9bf4','8768c812-1f72-11ee-ac66-3cd92b4d9bf4','f10685df-1f72-11ee-ac66-3cd92b4d9bf4','06e7fe39-2a9a-11ee-ab48-3cd92b4d9bf4','0f1711cb-1f72-11ee-ac66-3cd92b4d9bf4','32ca665c-1f71-11ee-ac66-3cd92b4d9bf4','641ffc67-1f73-11ee-ac66-3cd92b4d9bf4','7f368419-3c90-11ee-aedd-3cd92b4d9bf4','4c57920d-2a9c-11ee-ab48-3cd92b4d9bf4',0.00,0.00,'1f7f6e8c-4177-11ee-a8c9-3cd92b4d9bf4','7832d7e4-4e82-11ee-a933-236cb4402701','ac6ba5e6-4176-11ee-a8c9-3cd92b4d9bf4',NULL),
('fcb3bf39-50d4-11ee-a933-236cb4402701','0','2023-09-14 15:50:01','2023-09-11 11:56:59','30adc962-7109-11ed-a880-040300000000','30adc962-7109-11ed-a880-040300000000',2022,1333,'410/2023','c748097a-5331-11ee-b06d-3cd92b4d9bf4',8,NULL,'Fondo de Aportaciones para la Educacin\nTecnolgica y de Adultos','Octavio Mena Alarcn, Director General de Auditoria del Gasto Federalizado \'B\"','Blanca Nelly Snchez Gutierrez:\nLic. Leonor Anglica Gonzlez Vzquez Directora de Auditora\nL.C. Ivette Garca Snchez  Subdirectora de Auditora\nlng. Arq. y L.E. Adn Hernndez de Coss   Jefe de Departamento \nLE. Ornar Alexis Ortega Lpez   Auditor \nC.P. Lorena Ledesma Camacho Auditora \nC.P. Mara Guadalupe Fragoso Cruz   Auditora','df988d71-3d7b-11ee-aedd-3cd92b4d9bf4','437435f5-2c35-11ee-aea6-3cd92b4d9bf4','8768c812-1f72-11ee-ac66-3cd92b4d9bf4','f0ff69c6-1f72-11ee-ac66-3cd92b4d9bf4','06e7fe39-2a9a-11ee-ab48-3cd92b4d9bf4','0f1711cb-1f72-11ee-ac66-3cd92b4d9bf4','32ca665c-1f71-11ee-ac66-3cd92b4d9bf4','641ffc67-1f73-11ee-ac66-3cd92b4d9bf4','7f368419-3c90-11ee-aedd-3cd92b4d9bf4','4c57920d-2a9c-11ee-ab48-3cd92b4d9bf4',0.00,0.00,'1f7f6e8c-4177-11ee-a8c9-3cd92b4d9bf4','7832d7e4-4e82-11ee-a933-236cb4402701','ac6ba5e6-4176-11ee-a8c9-3cd92b4d9bf4',NULL);
/*!40000 ALTER TABLE `auditoria` ENABLE KEYS */;
UNLOCK TABLES;

--
-- Table structure for table `cat_area_auditoras`
--

DROP TABLE IF EXISTS `cat_area_auditoras`;
/*!40101 SET @saved_cs_client     = @@character_set_client */;
/*!40101 SET character_set_client = utf8 */;
CREATE TABLE `cat_area_auditoras` (
  `id` char(36) NOT NULL DEFAULT uuid(),
  `deleted` binary(1) NOT NULL DEFAULT '0',
  `UltimaActualizacion` datetime NOT NULL DEFAULT current_timestamp() ON UPDATE current_timestamp(),
  `FechaCreacion` datetime NOT NULL DEFAULT current_timestamp(),
  `ModificadoPor` char(36) NOT NULL,
  `CreadoPor` char(36) NOT NULL DEFAULT '',
  `Clave` varchar(50) NOT NULL,
  `Descripcion` varchar(100) NOT NULL,
  `idCatUnidadAdmin` char(36) NOT NULL,
  PRIMARY KEY (`id`) USING BTREE,
  KEY `FK1_01_CAA` (`idCatUnidadAdmin`),
  CONSTRAINT `FK1_01_CAA` FOREIGN KEY (`idCatUnidadAdmin`) REFERENCES `Cat_Unidad_Admin_Auditora` (`id`) ON DELETE NO ACTION ON UPDATE NO ACTION
) ENGINE=InnoDB DEFAULT CHARSET=utf8mb3 COLLATE=utf8mb3_general_ci COMMENT='tabla para guardar informacin del catalgo de Unidad Administrativa Auditora';
/*!40101 SET character_set_client = @saved_cs_client */;

--
-- Dumping data for table `cat_area_auditoras`
--

LOCK TABLES `cat_area_auditoras` WRITE;
/*!40000 ALTER TABLE `cat_area_auditoras` DISABLE KEYS */;
INSERT INTO `cat_area_auditoras` VALUES
('60e6ab35-3c90-11ee-aedd-3cd92b4d9bf4','0','2023-08-16 17:55:29','2023-08-16 17:55:29','1','1','DGAFGF','Direccin General de Auditora Forense del Gasto Federalizado','641ffc67-1f73-11ee-ac66-3cd92b4d9bf4'),
('70cc584b-3c90-11ee-aedd-3cd92b4d9bf4','0','2023-08-16 17:55:56','2023-08-16 17:55:56','1','1','DGAGFA ','Direccin General de Auditora del Gasto Federalizado \"A\"','641ffc67-1f73-11ee-ac66-3cd92b4d9bf4'),
('7f368419-3c90-11ee-aedd-3cd92b4d9bf4','0','2023-08-16 17:56:48','2023-08-16 17:56:20','1','1','DGAGFB','Direccin General de Auditora del Gasto Federalizado \"B\"','641ffc67-1f73-11ee-ac66-3cd92b4d9bf4'),
('8d5836e3-3c90-11ee-aedd-3cd92b4d9bf4','0','2023-08-16 17:56:43','2023-08-16 17:56:43','1','1','DGAGFC','Direccin General de Auditora del Gasto Federalizado \"C\"','641ffc67-1f73-11ee-ac66-3cd92b4d9bf4'),
('9dedbc00-3c90-11ee-aedd-3cd92b4d9bf4','0','2023-08-16 17:57:11','2023-08-16 17:57:11','1','1','DGAGFD','Direccin General de Auditora del Gasto Federalizado \"D\"','641ffc67-1f73-11ee-ac66-3cd92b4d9bf4'),
('b0929ef7-3c90-11ee-aedd-3cd92b4d9bf4','0','2023-08-16 17:57:43','2023-08-16 17:57:43','1','1','DGEGF','Direccin General de Evaluacin del Gasto Federalizado','641ffc67-1f73-11ee-ac66-3cd92b4d9bf4');
/*!40000 ALTER TABLE `cat_area_auditoras` ENABLE KEYS */;
UNLOCK TABLES;

--
-- Table structure for table `cat_estatus_auditoria`
--

DROP TABLE IF EXISTS `cat_estatus_auditoria`;
/*!40101 SET @saved_cs_client     = @@character_set_client */;
/*!40101 SET character_set_client = utf8 */;
CREATE TABLE `cat_estatus_auditoria` (
  `id` char(36) NOT NULL DEFAULT uuid(),
  `deleted` binary(1) NOT NULL DEFAULT '0',
  `UltimaActualizacion` datetime NOT NULL DEFAULT current_timestamp() ON UPDATE current_timestamp(),
  `FechaCreacion` datetime NOT NULL DEFAULT current_timestamp(),
  `ModificadoPor` char(36) NOT NULL,
  `CreadoPor` char(36) NOT NULL DEFAULT '',
  `Descripcion` varchar(100) NOT NULL DEFAULT '0',
  PRIMARY KEY (`id`) USING BTREE,
  UNIQUE KEY `ndice 2` (`Descripcion`) USING BTREE
) ENGINE=InnoDB DEFAULT CHARSET=utf8mb3 COLLATE=utf8mb3_general_ci COMMENT='tabla para guardar informacin de los aos Fiscales';
/*!40101 SET character_set_client = @saved_cs_client */;

--
-- Dumping data for table `cat_estatus_auditoria`
--

LOCK TABLES `cat_estatus_auditoria` WRITE;
/*!40000 ALTER TABLE `cat_estatus_auditoria` DISABLE KEYS */;
INSERT INTO `cat_estatus_auditoria` VALUES
('1d520d04-420d-11ee-a8c9-3cd92b4d9bf4','0','2023-08-23 17:30:58','2023-08-23 17:30:58','1','1','Concluida'),
('ac6ba5e6-4176-11ee-a8c9-3cd92b4d9bf4','0','2023-08-22 23:34:09','2023-08-22 23:34:04','1','1','En Proceso');
/*!40000 ALTER TABLE `cat_estatus_auditoria` ENABLE KEYS */;
UNLOCK TABLES;

--
-- Table structure for table `cat_inicio_auditoria`
--

DROP TABLE IF EXISTS `cat_inicio_auditoria`;
/*!40101 SET @saved_cs_client     = @@character_set_client */;
/*!40101 SET character_set_client = utf8 */;
CREATE TABLE `cat_inicio_auditoria` (
  `id` char(36) NOT NULL DEFAULT uuid(),
  `deleted` binary(1) NOT NULL DEFAULT '0',
  `UltimaActualizacion` datetime NOT NULL DEFAULT current_timestamp() ON UPDATE current_timestamp(),
  `FechaCreacion` datetime NOT NULL DEFAULT current_timestamp(),
  `ModificadoPor` char(36) NOT NULL,
  `CreadoPor` char(36) NOT NULL DEFAULT '',
  `Descripcion` varchar(100) NOT NULL DEFAULT '0',
  PRIMARY KEY (`id`) USING BTREE,
  UNIQUE KEY `ndice 2` (`Descripcion`) USING BTREE
) ENGINE=InnoDB DEFAULT CHARSET=utf8mb3 COLLATE=utf8mb3_general_ci COMMENT='tabla para guardar informacin de los aos Fiscales';
/*!40101 SET character_set_client = @saved_cs_client */;

--
-- Dumping data for table `cat_inicio_auditoria`
--

LOCK TABLES `cat_inicio_auditoria` WRITE;
/*!40000 ALTER TABLE `cat_inicio_auditoria` DISABLE KEYS */;
INSERT INTO `cat_inicio_auditoria` VALUES
('0f78bf1c-4177-11ee-a8c9-3cd92b4d9bf4','0','2023-08-22 23:36:51','2023-08-22 23:36:51','1','','Cuenta Pblica'),
('1f7f6e8c-4177-11ee-a8c9-3cd92b4d9bf4','0','2023-08-22 23:37:18','2023-08-22 23:37:18','1','','Programa Anual de Auditoras para la Fiscalizacin Superior (PAAF)'),
('27368bf5-4177-11ee-a8c9-3cd92b4d9bf4','0','2023-08-22 23:37:30','2023-08-22 23:37:30','1','','Revisin de situacin especial'),
('2c20f3cd-4177-11ee-a8c9-3cd92b4d9bf4','0','2023-08-22 23:37:39','2023-08-22 23:37:39','1','','Denuncia');
/*!40000 ALTER TABLE `cat_inicio_auditoria` ENABLE KEYS */;
UNLOCK TABLES;

--
-- Table structure for table `cat_ramo`
--

DROP TABLE IF EXISTS `cat_ramo`;
/*!40101 SET @saved_cs_client     = @@character_set_client */;
/*!40101 SET character_set_client = utf8 */;
CREATE TABLE `cat_ramo` (
  `id` char(36) NOT NULL DEFAULT uuid(),
  `deleted` binary(1) NOT NULL DEFAULT '0',
  `UltimaActualizacion` datetime NOT NULL DEFAULT current_timestamp() ON UPDATE current_timestamp(),
  `FechaCreacion` datetime NOT NULL DEFAULT current_timestamp(),
  `ModificadoPor` char(36) NOT NULL,
  `CreadoPor` char(36) NOT NULL DEFAULT '',
  `Descripcion` varchar(100) NOT NULL,
  PRIMARY KEY (`id`) USING BTREE,
  UNIQUE KEY `ndice 2` (`Descripcion`)
) ENGINE=InnoDB DEFAULT CHARSET=utf8mb3 COLLATE=utf8mb3_general_ci COMMENT='tabla para guardar informacin del catalgo de Grupo Funcional';
/*!40101 SET character_set_client = @saved_cs_client */;

--
-- Dumping data for table `cat_ramo`
--

LOCK TABLES `cat_ramo` WRITE;
/*!40000 ALTER TABLE `cat_ramo` DISABLE KEYS */;
INSERT INTO `cat_ramo` VALUES
('4c57920d-2a9c-11ee-ab48-3cd92b4d9bf4','0','2023-09-08 12:55:05','2023-07-24 21:35:27','1','1','PARTICIPACIONES A ENTIDADES FEDERATIVAS Y MUNICIPIOS ');
/*!40000 ALTER TABLE `cat_ramo` ENABLE KEYS */;
UNLOCK TABLES;

--
-- Table structure for table `cat_secretarias`
--

DROP TABLE IF EXISTS `cat_secretarias`;
/*!40101 SET @saved_cs_client     = @@character_set_client */;
/*!40101 SET character_set_client = utf8 */;
CREATE TABLE `cat_secretarias` (
  `id` char(36) NOT NULL DEFAULT uuid(),
  `deleted` binary(1) NOT NULL DEFAULT '0',
  `UltimaActualizacion` datetime NOT NULL DEFAULT current_timestamp() ON UPDATE current_timestamp(),
  `FechaCreacion` datetime NOT NULL DEFAULT current_timestamp(),
  `ModificadoPor` char(36) NOT NULL DEFAULT '1',
  `CreadoPor` char(36) NOT NULL DEFAULT '1',
  `Descripcion` varchar(80) NOT NULL,
  PRIMARY KEY (`id`),
  UNIQUE KEY `ndice 2` (`Descripcion`)
) ENGINE=InnoDB DEFAULT CHARSET=utf8mb3 COLLATE=utf8mb3_general_ci;
/*!40101 SET character_set_client = @saved_cs_client */;

--
-- Dumping data for table `cat_secretarias`
--

LOCK TABLES `cat_secretarias` WRITE;
/*!40000 ALTER TABLE `cat_secretarias` DISABLE KEYS */;
INSERT INTO `cat_secretarias` VALUES
('cf96102e-41fa-11ee-a8c9-3cd92b4d9bf4','0','2023-08-23 15:17:13','2023-08-23 15:17:50','1','1','OFICINA DEL GOBERNADOR'),
('cf96115a-41fa-11ee-a8c9-3cd92b4d9bf4','0','2023-08-23 15:17:13','2023-08-23 15:17:50','1','1','SECRETARA GENERAL DE GOBIERNO'),
('cf9611e0-41fa-11ee-a8c9-3cd92b4d9bf4','0','2023-08-23 15:17:13','2023-08-23 15:17:50','1','1','SECRETARA DE PARTICIPACIN CIUDADANA'),
('cf96124a-41fa-11ee-a8c9-3cd92b4d9bf4','0','2023-08-23 15:17:13','2023-08-23 15:17:50','1','1','SECRETARA DE FINANZAS Y TESORERA GENERAL DEL ESTADO'),
('cf9612ac-41fa-11ee-a8c9-3cd92b4d9bf4','0','2023-08-23 15:17:13','2023-08-23 15:17:50','1','1','SECRETARA DE ADMINISTRACIN'),
('cf96130d-41fa-11ee-a8c9-3cd92b4d9bf4','0','2023-08-23 15:17:13','2023-08-23 15:17:50','1','1','CONTRALORA Y TRANSPARENCIA GUBERNAMENTAL'),
('cf961367-41fa-11ee-a8c9-3cd92b4d9bf4','0','2023-08-23 15:17:13','2023-08-23 15:17:50','1','1','SECRETARA DE SEGURIDAD'),
('cf9613c1-41fa-11ee-a8c9-3cd92b4d9bf4','0','2023-08-23 15:17:13','2023-08-23 15:17:50','1','1','SECRETARA DE ECONOMA'),
('cf961423-41fa-11ee-a8c9-3cd92b4d9bf4','0','2023-08-23 15:17:13','2023-08-23 15:17:50','1','1','SECRETARA DEL TRABAJO'),
('cf96147d-41fa-11ee-a8c9-3cd92b4d9bf4','0','2023-08-23 15:17:13','2023-08-23 15:17:50','1','1','SECRETARA DE DESARROLLO REGIONAL Y AGROPECUARIO'),
('cf9614d5-41fa-11ee-a8c9-3cd92b4d9bf4','0','2023-08-23 15:17:13','2023-08-23 15:17:50','1','1','SECRETARA DE MOVILIDAD Y PLANEACIN URBANA'),
('cf961529-41fa-11ee-a8c9-3cd92b4d9bf4','0','2023-08-23 15:17:13','2023-08-23 15:17:50','1','1','SECRETARA DE TURISMO'),
('cf961581-41fa-11ee-a8c9-3cd92b4d9bf4','0','2023-08-23 15:17:13','2023-08-23 15:17:50','1','1','SECRETARA DEL MEDIO AMBIENTE'),
('cf9615d9-41fa-11ee-a8c9-3cd92b4d9bf4','0','2023-08-23 15:17:13','2023-08-23 15:17:50','1','1','SECRETARA DE IGUALDAD E INCLUSIN'),
('cf961631-41fa-11ee-a8c9-3cd92b4d9bf4','0','2023-08-23 15:17:13','2023-08-23 15:17:50','1','1','SECRETARA DE EDUCACIN'),
('cf961687-41fa-11ee-a8c9-3cd92b4d9bf4','0','2023-08-23 15:17:13','2023-08-23 15:17:50','1','1','SECRETARA DE SALUD'),
('cf9616e1-41fa-11ee-a8c9-3cd92b4d9bf4','0','2023-08-23 15:17:13','2023-08-23 15:17:50','1','1','SECRETARA  DE LAS MUJERES'),
('cf961738-41fa-11ee-a8c9-3cd92b4d9bf4','0','2023-08-23 15:17:13','2023-08-23 15:17:50','1','1','SECRETARA DE CULTURA'),
('cf96178e-41fa-11ee-a8c9-3cd92b4d9bf4','0','2023-08-23 15:17:13','2023-08-23 15:17:50','1','1','JUNTA LOCAL DE CONCILIACIN Y ARBITRAJE'),
('cf9617e5-41fa-11ee-a8c9-3cd92b4d9bf4','0','2023-08-23 15:17:13','2023-08-23 15:17:50','1','1','TRIBUNAL DE JUSTICIA ADMINISTRATIVA'),
('cf9618ae-41fa-11ee-a8c9-3cd92b4d9bf4','0','2023-08-23 15:17:13','2023-08-23 15:17:50','1','1','TRIBUNAL DE ARBITRAJE'),
('cf961912-41fa-11ee-a8c9-3cd92b4d9bf4','0','2023-08-23 15:17:13','2023-08-23 15:17:50','1','1','H. CONGRESO DEL ESTADO'),
('cf96196d-41fa-11ee-a8c9-3cd92b4d9bf4','0','2023-08-23 15:17:13','2023-08-23 15:17:50','1','1','TRANSFERENCIAS A ENTIDADES PARAESTATALES'),
('cf9619c3-41fa-11ee-a8c9-3cd92b4d9bf4','0','2023-08-23 15:17:13','2023-08-23 15:17:50','1','1','TRANSFERENCIAS A MUNICIPIOS DEL ESTADO'),
('cf961a25-41fa-11ee-a8c9-3cd92b4d9bf4','0','2023-08-23 15:19:13','2023-08-23 15:19:13','1','1','NO APLICA');
/*!40000 ALTER TABLE `cat_secretarias` ENABLE KEYS */;
UNLOCK TABLES;

--
-- Table structure for table `cat_tipo`
--

DROP TABLE IF EXISTS `cat_tipo`;
/*!40101 SET @saved_cs_client     = @@character_set_client */;
/*!40101 SET character_set_client = utf8 */;
CREATE TABLE `cat_tipo` (
  `id` char(36) NOT NULL DEFAULT uuid(),
  `deleted` binary(1) NOT NULL DEFAULT '0',
  `UltimaActualizacion` datetime NOT NULL DEFAULT current_timestamp() ON UPDATE current_timestamp(),
  `FechaCreacion` datetime NOT NULL DEFAULT current_timestamp(),
  `ModificadoPor` char(36) NOT NULL,
  `CreadoPor` char(36) NOT NULL DEFAULT '',
  `Descripcion` varchar(100) NOT NULL DEFAULT '0',
  PRIMARY KEY (`id`) USING BTREE,
  UNIQUE KEY `ndice 2` (`Descripcion`)
) ENGINE=InnoDB DEFAULT CHARSET=utf8mb3 COLLATE=utf8mb3_general_ci COMMENT='tabla para guardar informacin de los aos Fiscales';
/*!40101 SET character_set_client = @saved_cs_client */;

--
-- Dumping data for table `cat_tipo`
--

LOCK TABLES `cat_tipo` WRITE;
/*!40000 ALTER TABLE `cat_tipo` DISABLE KEYS */;
INSERT INTO `cat_tipo` VALUES
('df988d71-3d7b-11ee-aedd-3cd92b4d9bf4','0','2023-08-17 16:00:26','2023-08-17 16:00:27','1','1','Federal'),
('e64df55b-3d7b-11ee-aedd-3cd92b4d9bf4','0','2023-08-17 22:01:24','2023-08-17 22:01:24','1','1','Estatal');
/*!40000 ALTER TABLE `cat_tipo` ENABLE KEYS */;
UNLOCK TABLES;

--
-- Table structure for table `cat_unidades`
--

DROP TABLE IF EXISTS `cat_unidades`;
/*!40101 SET @saved_cs_client     = @@character_set_client */;
/*!40101 SET character_set_client = utf8 */;
CREATE TABLE `cat_unidades` (
  `id` char(39) NOT NULL DEFAULT uuid(),
  `deleted` binary(1) NOT NULL DEFAULT '0',
  `UltimaActualizacion` datetime NOT NULL DEFAULT current_timestamp() ON UPDATE current_timestamp(),
  `FechaCreacion` datetime NOT NULL DEFAULT current_timestamp(),
  `ModificadoPor` char(36) NOT NULL DEFAULT '1',
  `CreadoPor` char(36) NOT NULL DEFAULT '1',
  `idSecretaria` char(36) NOT NULL DEFAULT '',
  `Descripcion` varchar(200) DEFAULT NULL,
  PRIMARY KEY (`id`),
  UNIQUE KEY `ndice 3` (`idSecretaria`,`Descripcion`),
  CONSTRAINT `FK1_SECRETARIAS` FOREIGN KEY (`idSecretaria`) REFERENCES `cat_secretarias` (`id`) ON DELETE NO ACTION ON UPDATE NO ACTION
) ENGINE=InnoDB DEFAULT CHARSET=utf8mb3 COLLATE=utf8mb3_general_ci;
/*!40101 SET character_set_client = @saved_cs_client */;

--
-- Dumping data for table `cat_unidades`
--

LOCK TABLES `cat_unidades` WRITE;
/*!40000 ALTER TABLE `cat_unidades` DISABLE KEYS */;
INSERT INTO `cat_unidades` VALUES
('8c9d1092-41fb-11ee-a8c9-3cd92b4d9bf4','0','2023-08-23 16:33:00','2023-08-23 15:26:49','1','1','cf96102e-41fa-11ee-a8c9-3cd92b4d9bf4','DESPACHO DEL C. GOBERNADOR'),
('8c9d11a3-41fb-11ee-a8c9-3cd92b4d9bf4','0','2023-08-23 16:33:00','2023-08-23 15:26:49','1','1','cf96102e-41fa-11ee-a8c9-3cd92b4d9bf4','OFICINA EJECUTIVA DEL C. GOBERNADOR'),
('8c9d121b-41fb-11ee-a8c9-3cd92b4d9bf4','0','2023-08-23 16:33:00','2023-08-23 15:26:49','1','1','cf96102e-41fa-11ee-a8c9-3cd92b4d9bf4','SECRETARA PARTICULAR DEL C. GOBERNADOR'),
('8c9d1279-41fb-11ee-a8c9-3cd92b4d9bf4','0','2023-08-23 16:33:00','2023-08-23 15:26:49','1','1','cf96102e-41fa-11ee-a8c9-3cd92b4d9bf4','CONSEJERA JURDICA'),
('8c9d12d6-41fb-11ee-a8c9-3cd92b4d9bf4','0','2023-08-23 16:33:00','2023-08-23 15:26:49','1','1','cf96102e-41fa-11ee-a8c9-3cd92b4d9bf4','REPRESENTACIN DEL GOBIERNO DEL ESTADO EN LA CIUDAD DE MXICO'),
('8c9d1332-41fb-11ee-a8c9-3cd92b4d9bf4','0','2023-08-23 16:33:00','2023-08-23 15:26:49','1','1','cf96102e-41fa-11ee-a8c9-3cd92b4d9bf4','SISTEMA ESTATAL DE INFORMACIN'),
('8c9d1386-41fb-11ee-a8c9-3cd92b4d9bf4','0','2023-08-23 16:33:00','2023-08-23 15:26:49','1','1','cf96102e-41fa-11ee-a8c9-3cd92b4d9bf4','COMUNICACIN'),
('8c9d13d7-41fb-11ee-a8c9-3cd92b4d9bf4','0','2023-08-23 16:33:00','2023-08-23 15:26:49','1','1','cf96102e-41fa-11ee-a8c9-3cd92b4d9bf4','SECRETARA TCNICA DE GOBIERNO'),
('8c9d1432-41fb-11ee-a8c9-3cd92b4d9bf4','0','2023-08-23 16:33:00','2023-08-23 15:26:49','1','1','cf96115a-41fa-11ee-a8c9-3cd92b4d9bf4','DESPACHO DEL C. GOBERNADOR'),
('8c9d1485-41fb-11ee-a8c9-3cd92b4d9bf4','0','2023-08-23 16:33:00','2023-08-23 15:26:49','1','1','cf96115a-41fa-11ee-a8c9-3cd92b4d9bf4','DIRECCIN DE PROTECCIN CIVIL'),
('8c9d14d9-41fb-11ee-a8c9-3cd92b4d9bf4','0','2023-08-23 16:33:00','2023-08-23 15:26:49','1','1','cf96115a-41fa-11ee-a8c9-3cd92b4d9bf4','CENTRO DE INFORMACIN PARA LA SEGURIDAD DE ESTADO, DE EVALUACIN Y CONTROL DE CONFIANZA, OAD'),
('8c9d1536-41fb-11ee-a8c9-3cd92b4d9bf4','0','2023-08-23 16:33:00','2023-08-23 15:26:49','1','1','cf96115a-41fa-11ee-a8c9-3cd92b4d9bf4','COMISIN EJECUTIVA PARA LA CONSOLIDACIN DEL SISTEMA DE JUSTICIA Y SUPERVISIN DE LIBERTAD CONDICIONADA DEL ESTADO DE NUEVO LEN'),
('8c9d1593-41fb-11ee-a8c9-3cd92b4d9bf4','0','2023-08-23 16:33:00','2023-08-23 15:26:49','1','1','cf96115a-41fa-11ee-a8c9-3cd92b4d9bf4','COORDINACIN DE DESARROLLO Y FORTALECIMIENTO MUNICIPAL, OAD'),
('8c9d15e9-41fb-11ee-a8c9-3cd92b4d9bf4','0','2023-08-23 16:33:00','2023-08-23 15:26:49','1','1','cf96115a-41fa-11ee-a8c9-3cd92b4d9bf4','COORDINACIN GENERAL DE ORGANIZACIN Y SEGUIMIENTO'),
('8c9d163b-41fb-11ee-a8c9-3cd92b4d9bf4','0','2023-08-23 16:33:00','2023-08-23 15:26:49','1','1','cf96115a-41fa-11ee-a8c9-3cd92b4d9bf4','DIRECCIN ADMINISTRATIVA'),
('8c9d168b-41fb-11ee-a8c9-3cd92b4d9bf4','0','2023-08-23 16:33:00','2023-08-23 15:26:49','1','1','cf96115a-41fa-11ee-a8c9-3cd92b4d9bf4','SUBSECRETARA DE GOBIERNO'),
('8c9d16de-41fb-11ee-a8c9-3cd92b4d9bf4','0','2023-08-23 16:33:00','2023-08-23 15:26:49','1','1','cf96115a-41fa-11ee-a8c9-3cd92b4d9bf4','DIRECCIN DE GOBIERNO'),
('8c9d1730-41fb-11ee-a8c9-3cd92b4d9bf4','0','2023-08-23 16:33:00','2023-08-23 15:26:49','1','1','cf96115a-41fa-11ee-a8c9-3cd92b4d9bf4','DIRECCIN DE RELACIONES CON PODERES LEGISLATIVOS E INSTITUCIONES POLTICAS'),
('8c9d1782-41fb-11ee-a8c9-3cd92b4d9bf4','0','2023-08-23 16:33:00','2023-08-23 15:26:49','1','1','cf96115a-41fa-11ee-a8c9-3cd92b4d9bf4','DIRECCIN DE DERECHOS HUMANOS'),
('8c9d17d0-41fb-11ee-a8c9-3cd92b4d9bf4','0','2023-08-23 16:33:00','2023-08-23 15:26:49','1','1','cf96115a-41fa-11ee-a8c9-3cd92b4d9bf4','DIRECCIN DE ASUNTOS RELIGIOSOS'),
('8c9d1822-41fb-11ee-a8c9-3cd92b4d9bf4','0','2023-08-23 16:33:00','2023-08-23 15:26:49','1','1','cf96115a-41fa-11ee-a8c9-3cd92b4d9bf4','DIRECCIN DE ASUNTOS AGRARIOS'),
('8c9d1873-41fb-11ee-a8c9-3cd92b4d9bf4','0','2023-08-23 16:33:00','2023-08-23 15:26:49','1','1','cf96115a-41fa-11ee-a8c9-3cd92b4d9bf4','COMISIN EJECUTIVA ESTATAL DE ATENCIN A VCTIMAS, RGANO ADMINISTRATIVO DESCONCENTRADO'),
('8c9d18c7-41fb-11ee-a8c9-3cd92b4d9bf4','0','2023-08-23 16:33:00','2023-08-23 15:26:49','1','1','cf96115a-41fa-11ee-a8c9-3cd92b4d9bf4','COMISIN LOCAL DE BSQUEDA DE PERSONAS. RGANO ADMINISTRATIVO DESCONCENTRADO'),
('8c9d191c-41fb-11ee-a8c9-3cd92b4d9bf4','0','2023-08-23 16:33:00','2023-08-23 15:26:49','1','1','cf96115a-41fa-11ee-a8c9-3cd92b4d9bf4','SUBSECRETARA DE ASUNTOS JURDICOS Y ATENCIN CIUDADANA'),
('8c9d1970-41fb-11ee-a8c9-3cd92b4d9bf4','0','2023-08-23 16:33:00','2023-08-23 15:26:49','1','1','cf96115a-41fa-11ee-a8c9-3cd92b4d9bf4','COORDINACIN GENERAL DE ASUNTOS JURDICOS'),
('8c9d19c4-41fb-11ee-a8c9-3cd92b4d9bf4','0','2023-08-23 16:33:00','2023-08-23 15:26:49','1','1','cf96115a-41fa-11ee-a8c9-3cd92b4d9bf4','INSTITUTO DE INVESTIGACIONES JURDICAS Y DOCENCIA DE LA ADMINISTRACIN PBLICA DEL ESTADO'),
('8c9d1a19-41fb-11ee-a8c9-3cd92b4d9bf4','0','2023-08-23 16:33:00','2023-08-23 15:26:49','1','1','cf96115a-41fa-11ee-a8c9-3cd92b4d9bf4','DIRECCIN GENERAL DEL REGISTRO CIVIL'),
('8c9d1a6a-41fb-11ee-a8c9-3cd92b4d9bf4','0','2023-08-23 16:33:00','2023-08-23 15:26:49','1','1','cf96115a-41fa-11ee-a8c9-3cd92b4d9bf4','DIRECCIN DEL ARCHIVO GENERAL DE NOTARAS'),
('8c9d1abc-41fb-11ee-a8c9-3cd92b4d9bf4','0','2023-08-23 16:33:00','2023-08-23 15:26:49','1','1','cf96115a-41fa-11ee-a8c9-3cd92b4d9bf4','DIRECCIN DEL ARCHIVO GENERAL DEL ESTADO'),
('8c9d1b0c-41fb-11ee-a8c9-3cd92b4d9bf4','0','2023-08-23 16:33:00','2023-08-23 15:26:49','1','1','cf96115a-41fa-11ee-a8c9-3cd92b4d9bf4','UNIDAD DE LEGALIZACIONES'),
('8c9d1b5c-41fb-11ee-a8c9-3cd92b4d9bf4','0','2023-08-23 16:33:00','2023-08-23 15:26:49','1','1','cf96115a-41fa-11ee-a8c9-3cd92b4d9bf4','SUBSECRETARA DE DESARROLLO POLTICO'),
('8c9d1bab-41fb-11ee-a8c9-3cd92b4d9bf4','0','2023-08-23 16:33:00','2023-08-23 15:26:49','1','1','cf96115a-41fa-11ee-a8c9-3cd92b4d9bf4','DIRECCIN DE DESARROLLO POLTICO'),
('8c9d1bfc-41fb-11ee-a8c9-3cd92b4d9bf4','0','2023-08-23 16:33:00','2023-08-23 15:26:49','1','1','cf96115a-41fa-11ee-a8c9-3cd92b4d9bf4','DIRECCIN DE FORMACIN CVICA'),
('8c9d1c4c-41fb-11ee-a8c9-3cd92b4d9bf4','0','2023-08-23 16:33:00','2023-08-23 15:26:49','1','1','cf9611e0-41fa-11ee-a8c9-3cd92b4d9bf4','DESPACHO DEL C. GOBERNADOR'),
('8c9d1c9d-41fb-11ee-a8c9-3cd92b4d9bf4','0','2023-08-23 16:33:00','2023-08-23 15:26:49','1','1','cf9611e0-41fa-11ee-a8c9-3cd92b4d9bf4','DIRECCIN JURDICA'),
('8c9d1cef-41fb-11ee-a8c9-3cd92b4d9bf4','0','2023-08-23 16:33:00','2023-08-23 15:26:49','1','1','cf9611e0-41fa-11ee-a8c9-3cd92b4d9bf4','DIRECCIN ADMINISTRATIVA'),
('8c9d1d45-41fb-11ee-a8c9-3cd92b4d9bf4','0','2023-08-23 16:33:00','2023-08-23 15:26:49','1','1','cf9611e0-41fa-11ee-a8c9-3cd92b4d9bf4','SUBSECRETARA DE PARTICIPACIN CIUDADANA'),
('8c9d1d97-41fb-11ee-a8c9-3cd92b4d9bf4','0','2023-08-23 16:33:00','2023-08-23 15:26:49','1','1','cf9611e0-41fa-11ee-a8c9-3cd92b4d9bf4','DIRECCIN DE IMPLEMENTACIN DE INSTRUMENTOS Y MECANISMOS DE PARTICIPACIN'),
('8c9d1de9-41fb-11ee-a8c9-3cd92b4d9bf4','0','2023-08-23 16:33:00','2023-08-23 15:26:49','1','1','cf9611e0-41fa-11ee-a8c9-3cd92b4d9bf4','DIRECCIN DE POLTICAS PBLICAS'),
('8c9d1e38-41fb-11ee-a8c9-3cd92b4d9bf4','0','2023-08-23 16:33:00','2023-08-23 15:26:49','1','1','cf9611e0-41fa-11ee-a8c9-3cd92b4d9bf4','DIRECCIN DE VINCULACIN'),
('8c9d1e8a-41fb-11ee-a8c9-3cd92b4d9bf4','0','2023-08-23 16:33:00','2023-08-23 15:26:49','1','1','cf9611e0-41fa-11ee-a8c9-3cd92b4d9bf4','SUBSECRETARA DE ATENCIN CIUDADANA'),
('8c9d1edb-41fb-11ee-a8c9-3cd92b4d9bf4','0','2023-08-23 16:33:00','2023-08-23 15:26:49','1','1','cf9611e0-41fa-11ee-a8c9-3cd92b4d9bf4','DIRECCIN DE INNOVACIN'),
('8c9d1f2b-41fb-11ee-a8c9-3cd92b4d9bf4','0','2023-08-23 16:33:00','2023-08-23 15:26:49','1','1','cf9611e0-41fa-11ee-a8c9-3cd92b4d9bf4','DIRECCIN DE INFORMATEL Y LOCATEL'),
('8c9d1f7a-41fb-11ee-a8c9-3cd92b4d9bf4','0','2023-08-23 16:33:00','2023-08-23 15:26:49','1','1','cf96124a-41fa-11ee-a8c9-3cd92b4d9bf4','DESPACHO DEL C. GOBERNADOR'),
('8c9d1fcb-41fb-11ee-a8c9-3cd92b4d9bf4','0','2023-08-23 16:33:00','2023-08-23 15:26:49','1','1','cf96124a-41fa-11ee-a8c9-3cd92b4d9bf4','SUBSECRETARA DE EGRESOS'),
('8c9d201c-41fb-11ee-a8c9-3cd92b4d9bf4','0','2023-08-23 16:33:00','2023-08-23 15:26:49','1','1','cf96124a-41fa-11ee-a8c9-3cd92b4d9bf4','DIRECCIN DE ADMINISTRACIN FINANCIERA'),
('8c9d206e-41fb-11ee-a8c9-3cd92b4d9bf4','0','2023-08-23 16:33:00','2023-08-23 15:26:49','1','1','cf96124a-41fa-11ee-a8c9-3cd92b4d9bf4','DIRECCIN DE ATENCIN A MUNICIPIOS Y ORGANISMOS PARAESTATALES'),
('8c9d20c0-41fb-11ee-a8c9-3cd92b4d9bf4','0','2023-08-23 16:33:00','2023-08-23 15:26:49','1','1','cf96124a-41fa-11ee-a8c9-3cd92b4d9bf4','FIDEICOMISO 71479 CONSEJO NUEVO LEN'),
('8c9d2115-41fb-11ee-a8c9-3cd92b4d9bf4','0','2023-08-23 16:33:00','2023-08-23 15:26:49','1','1','cf96124a-41fa-11ee-a8c9-3cd92b4d9bf4','FIDEICOMISO DE PATRIMONIO CULTURAL BP-5518'),
('8c9d2167-41fb-11ee-a8c9-3cd92b4d9bf4','0','2023-08-23 16:33:00','2023-08-23 15:26:49','1','1','cf96124a-41fa-11ee-a8c9-3cd92b4d9bf4','DIRECCIN DE CONTABILIDAD Y CUENTA PBLICA'),
('8c9d21b8-41fb-11ee-a8c9-3cd92b4d9bf4','0','2023-08-23 16:33:00','2023-08-23 15:26:49','1','1','cf96124a-41fa-11ee-a8c9-3cd92b4d9bf4','DIRECCIN DE DEUDA PBLICA'),
('8c9d2208-41fb-11ee-a8c9-3cd92b4d9bf4','0','2023-08-23 16:33:00','2023-08-23 15:26:49','1','1','cf96124a-41fa-11ee-a8c9-3cd92b4d9bf4','FIDEICOMISO 73102 AFIRME'),
('8c9d225d-41fb-11ee-a8c9-3cd92b4d9bf4','0','2023-08-23 16:33:00','2023-08-23 15:26:49','1','1','cf96124a-41fa-11ee-a8c9-3cd92b4d9bf4','DIRECCIN DE PRESUPUESTO Y CONTROL PRESUPUESTAL'),
('8c9d22ae-41fb-11ee-a8c9-3cd92b4d9bf4','0','2023-08-23 16:33:00','2023-08-23 15:26:49','1','1','cf96124a-41fa-11ee-a8c9-3cd92b4d9bf4','SUBSECRETARA DE POLTICA DE INGRESOS'),
('8c9d22fe-41fb-11ee-a8c9-3cd92b4d9bf4','0','2023-08-23 16:33:00','2023-08-23 15:26:49','1','1','cf96124a-41fa-11ee-a8c9-3cd92b4d9bf4','UNIDAD DE INVERSIONES Y FINANCIAMIENTO DE PROYECTOS'),
('8c9d234e-41fb-11ee-a8c9-3cd92b4d9bf4','0','2023-08-23 16:33:00','2023-08-23 15:26:49','1','1','cf96124a-41fa-11ee-a8c9-3cd92b4d9bf4','UNIDAD DE INFORMACIN FINANCIERA Y SEGUIMIENTO'),
('8c9d23a1-41fb-11ee-a8c9-3cd92b4d9bf4','0','2023-08-23 16:33:00','2023-08-23 15:26:49','1','1','cf96124a-41fa-11ee-a8c9-3cd92b4d9bf4','COORDINACIN DE PLANEACIN HACENDARIA'),
('8c9d23f1-41fb-11ee-a8c9-3cd92b4d9bf4','0','2023-08-23 16:33:00','2023-08-23 15:26:49','1','1','cf96124a-41fa-11ee-a8c9-3cd92b4d9bf4','SUBSECRETARA DE ADMINISTRACIN TRIBUTARIA'),
('8c9d2440-41fb-11ee-a8c9-3cd92b4d9bf4','0','2023-08-23 16:33:00','2023-08-23 15:26:49','1','1','cf96124a-41fa-11ee-a8c9-3cd92b4d9bf4','DIRECCIN GENERAL DE CRDITOS Y COBRANZA'),
('8c9d2490-41fb-11ee-a8c9-3cd92b4d9bf4','0','2023-08-23 16:33:00','2023-08-23 15:26:49','1','1','cf96124a-41fa-11ee-a8c9-3cd92b4d9bf4','DIRECCIN GENERAL DE COMERCIO EXTERIOR'),
('8c9d24e3-41fb-11ee-a8c9-3cd92b4d9bf4','0','2023-08-23 16:33:00','2023-08-23 15:26:49','1','1','cf96124a-41fa-11ee-a8c9-3cd92b4d9bf4','DIRECCIN GENERAL DE FISCALIZACIN'),
('8c9d2534-41fb-11ee-a8c9-3cd92b4d9bf4','0','2023-08-23 16:33:00','2023-08-23 15:26:49','1','1','cf96124a-41fa-11ee-a8c9-3cd92b4d9bf4','DIRECCIN GENERAL JURDICA TRIBUTARIA'),
('8c9d2582-41fb-11ee-a8c9-3cd92b4d9bf4','0','2023-08-23 16:33:00','2023-08-23 15:26:49','1','1','cf96124a-41fa-11ee-a8c9-3cd92b4d9bf4','DIRECCIN GENERAL DE RECAUDACIN'),
('8c9d25d3-41fb-11ee-a8c9-3cd92b4d9bf4','0','2023-08-23 16:33:00','2023-08-23 15:26:49','1','1','cf96124a-41fa-11ee-a8c9-3cd92b4d9bf4','DIRECCIN GENERAL DE SERVICIOS AL CONTRIBUYENTE'),
('8c9d2626-41fb-11ee-a8c9-3cd92b4d9bf4','0','2023-08-23 16:33:00','2023-08-23 15:26:49','1','1','cf96124a-41fa-11ee-a8c9-3cd92b4d9bf4','COORDINACIN GENERAL DE TECNOLOGAS DE LA INFORMACIN'),
('8c9d2677-41fb-11ee-a8c9-3cd92b4d9bf4','0','2023-08-23 16:33:00','2023-08-23 15:26:49','1','1','cf96124a-41fa-11ee-a8c9-3cd92b4d9bf4','PROCURADURA FISCAL'),
('8c9d26c9-41fb-11ee-a8c9-3cd92b4d9bf4','0','2023-08-23 16:33:00','2023-08-23 15:26:49','1','1','cf96124a-41fa-11ee-a8c9-3cd92b4d9bf4','DIRECCIN DE PATRIMONIO'),
('8c9d271c-41fb-11ee-a8c9-3cd92b4d9bf4','0','2023-08-23 16:33:00','2023-08-23 15:26:49','1','1','cf96124a-41fa-11ee-a8c9-3cd92b4d9bf4','UNIDAD DE INTELIGENCIA FINANCIERA Y ECONMICA'),
('8c9d2771-41fb-11ee-a8c9-3cd92b4d9bf4','0','2023-08-23 16:33:00','2023-08-23 15:26:49','1','1','cf96124a-41fa-11ee-a8c9-3cd92b4d9bf4','COORDINACIN GENERAL ADMINISTRATIVA'),
('8c9d27c3-41fb-11ee-a8c9-3cd92b4d9bf4','0','2023-08-23 16:33:00','2023-08-23 15:26:49','1','1','cf9612ac-41fa-11ee-a8c9-3cd92b4d9bf4','DESPACHO DEL C. GOBERNADOR'),
('8c9d2813-41fb-11ee-a8c9-3cd92b4d9bf4','0','2023-08-23 16:33:00','2023-08-23 15:26:49','1','1','cf9612ac-41fa-11ee-a8c9-3cd92b4d9bf4','SECRETARA TECNICA'),
('8c9d2864-41fb-11ee-a8c9-3cd92b4d9bf4','0','2023-08-23 16:33:00','2023-08-23 15:26:49','1','1','cf9612ac-41fa-11ee-a8c9-3cd92b4d9bf4','DIRECCIN JURDICA'),
('8c9d28b9-41fb-11ee-a8c9-3cd92b4d9bf4','0','2023-08-23 16:33:00','2023-08-23 15:26:49','1','1','cf9612ac-41fa-11ee-a8c9-3cd92b4d9bf4','SUBSECRETARA DE ADMINISTRACIN'),
('8c9d290b-41fb-11ee-a8c9-3cd92b4d9bf4','0','2023-08-23 16:33:00','2023-08-23 15:26:49','1','1','cf9612ac-41fa-11ee-a8c9-3cd92b4d9bf4','DIRECCIN DE ADMINISTRACIN'),
('8c9d295b-41fb-11ee-a8c9-3cd92b4d9bf4','0','2023-08-23 16:33:00','2023-08-23 15:26:49','1','1','cf9612ac-41fa-11ee-a8c9-3cd92b4d9bf4','COORDINACIN DE SERVICIOS AEREOS'),
('8c9d29ac-41fb-11ee-a8c9-3cd92b4d9bf4','0','2023-08-23 16:33:00','2023-08-23 15:26:49','1','1','cf9612ac-41fa-11ee-a8c9-3cd92b4d9bf4','CENTRO DE GOBIERNO'),
('8c9d29ff-41fb-11ee-a8c9-3cd92b4d9bf4','0','2023-08-23 16:33:00','2023-08-23 15:26:49','1','1','cf9612ac-41fa-11ee-a8c9-3cd92b4d9bf4','DIRECCIN DE RECURSOS HUMANOS'),
('8c9d2a50-41fb-11ee-a8c9-3cd92b4d9bf4','0','2023-08-23 16:33:00','2023-08-23 15:26:49','1','1','cf9612ac-41fa-11ee-a8c9-3cd92b4d9bf4','UNIDAD DE GESTIN DOCUMENTAL'),
('8c9d2a9f-41fb-11ee-a8c9-3cd92b4d9bf4','0','2023-08-23 16:33:00','2023-08-23 15:26:49','1','1','cf9612ac-41fa-11ee-a8c9-3cd92b4d9bf4','SUBSECRETARA DE TECNOLOGAS'),
('8c9d2aef-41fb-11ee-a8c9-3cd92b4d9bf4','0','2023-08-23 16:33:00','2023-08-23 15:26:49','1','1','cf9612ac-41fa-11ee-a8c9-3cd92b4d9bf4','DIRECCIN DE SISTEMAS GUBERNAMENTALES'),
('8c9d2b42-41fb-11ee-a8c9-3cd92b4d9bf4','0','2023-08-23 16:33:00','2023-08-23 15:26:49','1','1','cf9612ac-41fa-11ee-a8c9-3cd92b4d9bf4','DIRECCIN DE INFRAESTRUCTURA TECNOLGICA'),
('8c9d2b93-41fb-11ee-a8c9-3cd92b4d9bf4','0','2023-08-23 16:33:00','2023-08-23 15:26:49','1','1','cf9612ac-41fa-11ee-a8c9-3cd92b4d9bf4','DIRECCIN GENERAL DE ADQUISICIONES Y SERVICIOS'),
('8c9d2be3-41fb-11ee-a8c9-3cd92b4d9bf4','0','2023-08-23 16:33:00','2023-08-23 15:26:49','1','1','cf9612ac-41fa-11ee-a8c9-3cd92b4d9bf4','DIRECCIN DE CONCURSOS'),
('8c9d2c33-41fb-11ee-a8c9-3cd92b4d9bf4','0','2023-08-23 16:33:00','2023-08-23 15:26:49','1','1','cf9612ac-41fa-11ee-a8c9-3cd92b4d9bf4','DIRECCIN DE ADQUISICIONES Y SERVICIOS'),
('8c9d2c84-41fb-11ee-a8c9-3cd92b4d9bf4','0','2023-08-23 16:33:00','2023-08-23 15:26:49','1','1','cf96130d-41fa-11ee-a8c9-3cd92b4d9bf4','DESPACHO DEL C. GOBERNADOR'),
('8c9d2cd4-41fb-11ee-a8c9-3cd92b4d9bf4','0','2023-08-23 16:33:00','2023-08-23 15:26:49','1','1','cf96130d-41fa-11ee-a8c9-3cd92b4d9bf4','SUBCONTRALORA'),
('8c9d2d23-41fb-11ee-a8c9-3cd92b4d9bf4','0','2023-08-23 16:33:00','2023-08-23 15:26:49','1','1','cf96130d-41fa-11ee-a8c9-3cd92b4d9bf4','DIRECCIN JURDICA'),
('8c9d2d72-41fb-11ee-a8c9-3cd92b4d9bf4','0','2023-08-23 16:33:00','2023-08-23 15:26:49','1','1','cf96130d-41fa-11ee-a8c9-3cd92b4d9bf4','DIRECCIN ADMINISTRATIVA'),
('8c9d2dc6-41fb-11ee-a8c9-3cd92b4d9bf4','0','2023-08-23 16:33:00','2023-08-23 15:26:49','1','1','cf96130d-41fa-11ee-a8c9-3cd92b4d9bf4','DIRECCIN DE RGANOS  INTERNOS DE CONTROL Y VIGILANCIA'),
('8c9d2e19-41fb-11ee-a8c9-3cd92b4d9bf4','0','2023-08-23 16:33:00','2023-08-23 15:26:49','1','1','cf96130d-41fa-11ee-a8c9-3cd92b4d9bf4','RGANO INTERNO DE CONTROL DE LA SECRETARA DE FINANZAS Y TESORERA GENERAL DEL ESTADO'),
('8c9d2e6e-41fb-11ee-a8c9-3cd92b4d9bf4','0','2023-08-23 16:33:00','2023-08-23 15:26:49','1','1','cf96130d-41fa-11ee-a8c9-3cd92b4d9bf4','RGANO INTERNO DE CONTROL DE LA SECRETARA DE MOVILIDAD Y PLANEACIN URBANA'),
('8c9d2ec2-41fb-11ee-a8c9-3cd92b4d9bf4','0','2023-08-23 16:33:00','2023-08-23 15:26:49','1','1','cf96130d-41fa-11ee-a8c9-3cd92b4d9bf4','RGANO INTERNO DE CONTROL DEL SISTEMA DE TRANSPORTE COLECTIVO (METRORREY)'),
('8c9d2f1b-41fb-11ee-a8c9-3cd92b4d9bf4','0','2023-08-23 16:33:00','2023-08-23 15:26:49','1','1','cf96130d-41fa-11ee-a8c9-3cd92b4d9bf4','RGANO INTERNO DE CONTROL DEL INSTITUTO DE MOVILIDAD Y ACCESIBILIDAD'),
('8c9d2f70-41fb-11ee-a8c9-3cd92b4d9bf4','0','2023-08-23 16:33:00','2023-08-23 15:26:49','1','1','cf96130d-41fa-11ee-a8c9-3cd92b4d9bf4','RGANO INTERNO DE CONTROL DE LA SECRETARA DE SEGURIDAD'),
('8c9d2fc2-41fb-11ee-a8c9-3cd92b4d9bf4','0','2023-08-23 16:33:00','2023-08-23 15:26:49','1','1','cf96130d-41fa-11ee-a8c9-3cd92b4d9bf4','RGANO INTERNO DE CONTROL DE LA UNIDAD DE INTEGRACIN EDUCATIVA'),
('8c9d3015-41fb-11ee-a8c9-3cd92b4d9bf4','0','2023-08-23 16:33:00','2023-08-23 15:26:49','1','1','cf96130d-41fa-11ee-a8c9-3cd92b4d9bf4','RGANO INTERNO DE CONTROL DEL FIDEICOMISO DE PROYECTOS ESTRATGICOS'),
('8c9d306a-41fb-11ee-a8c9-3cd92b4d9bf4','0','2023-08-23 16:33:00','2023-08-23 15:26:49','1','1','cf96130d-41fa-11ee-a8c9-3cd92b4d9bf4','RGANO INTERNO DE CONTROL DE LA SECRETARA DE ADMINISTRACIN'),
('8c9d30be-41fb-11ee-a8c9-3cd92b4d9bf4','0','2023-08-23 16:33:00','2023-08-23 15:26:49','1','1','cf96130d-41fa-11ee-a8c9-3cd92b4d9bf4','RGANO INTERNO DE CONTROL DE SERVICIOS DE AGUA Y DRENAJE DE MONTERREY'),
('8c9d3115-41fb-11ee-a8c9-3cd92b4d9bf4','0','2023-08-23 16:33:00','2023-08-23 15:26:49','1','1','cf96130d-41fa-11ee-a8c9-3cd92b4d9bf4','RGANO INTERNO DE CONTROL DEL INSTITUTO DE SEGURIDAD Y SERVICIOS SOCIALES DE LOS TRABAJADORES DEL ESTADO DE NUEVO LEN (ISSSTELEON)'),
('8c9d316e-41fb-11ee-a8c9-3cd92b4d9bf4','0','2023-08-23 16:33:00','2023-08-23 15:26:49','1','1','cf96130d-41fa-11ee-a8c9-3cd92b4d9bf4','RGANO INTERNO DE CONTROL DE LA RED ESTATAL DE AUTOPISTAS DE NUEVO LEN'),
('8c9d31c8-41fb-11ee-a8c9-3cd92b4d9bf4','0','2023-08-23 16:33:00','2023-08-23 15:26:49','1','1','cf96130d-41fa-11ee-a8c9-3cd92b4d9bf4','RGANO INTERNO DE CONTROL DEL INSTITUTO CONSTRUCTOR DE INFRAESTRUCTURA FSICA EDUCATIVA Y DEPORTIVA DE NUEVO LEN (ICIFED)'),
('8c9d321f-41fb-11ee-a8c9-3cd92b4d9bf4','0','2023-08-23 16:33:00','2023-08-23 15:26:49','1','1','cf96130d-41fa-11ee-a8c9-3cd92b4d9bf4','RGANO INTERNO DE CONTROL DEL SISTEMA PARA EL DESARROLLO INTEGRAL DE LA FAMILIA DEL ESTADO DE NUEVO LEN (DIF)'),
('8c9d3277-41fb-11ee-a8c9-3cd92b4d9bf4','0','2023-08-23 16:33:00','2023-08-23 15:26:49','1','1','cf96130d-41fa-11ee-a8c9-3cd92b4d9bf4','RGANO INTERNO DE CONTROL DEL COLEGIO DE EDUCACIN PROFESIONAL TCNICA DE NUEVO LEN (CONALEP)'),
('8c9d32ce-41fb-11ee-a8c9-3cd92b4d9bf4','0','2023-08-23 16:33:00','2023-08-23 15:26:49','1','1','cf96130d-41fa-11ee-a8c9-3cd92b4d9bf4','RGANO INTERNO DE CONTROL DE LA SECRETARA DE SALUD /  SERVICIOS DE SALUD DE NUEVO LEN'),
('8c9d3324-41fb-11ee-a8c9-3cd92b4d9bf4','0','2023-08-23 16:33:00','2023-08-23 15:26:49','1','1','cf96130d-41fa-11ee-a8c9-3cd92b4d9bf4','RGANO INTERNO DE CONTROL DE LA SECRETARA DE IGUALDAD E INCLUSIN'),
('8c9d3378-41fb-11ee-a8c9-3cd92b4d9bf4','0','2023-08-23 16:33:00','2023-08-23 15:26:49','1','1','cf96130d-41fa-11ee-a8c9-3cd92b4d9bf4','DIRECCIN DE TRANSPARENCIA GUBERNAMENTAL'),
('8c9d33ca-41fb-11ee-a8c9-3cd92b4d9bf4','0','2023-08-23 16:33:00','2023-08-23 15:26:49','1','1','cf96130d-41fa-11ee-a8c9-3cd92b4d9bf4','DIRECCIN DE CONTROL Y AUDITORA DEL SECTOR CENTRAL'),
('8c9d341b-41fb-11ee-a8c9-3cd92b4d9bf4','0','2023-08-23 16:33:00','2023-08-23 15:26:49','1','1','cf96130d-41fa-11ee-a8c9-3cd92b4d9bf4','DIRECCIN DE CONTROL Y AUDITORA DEL SECTOR PARAESTATAL'),
('8c9d3470-41fb-11ee-a8c9-3cd92b4d9bf4','0','2023-08-23 16:33:00','2023-08-23 15:26:49','1','1','cf96130d-41fa-11ee-a8c9-3cd92b4d9bf4','DIRECCIN DE CONTROL Y AUDITORA DE OBRA PBLICA'),
('8c9d34c2-41fb-11ee-a8c9-3cd92b4d9bf4','0','2023-08-23 16:33:00','2023-08-23 15:26:49','1','1','cf96130d-41fa-11ee-a8c9-3cd92b4d9bf4','DIRECCIN DE SEGUIMIENTO DE CONCURSOS Y LICITACIONES'),
('8c9d3513-41fb-11ee-a8c9-3cd92b4d9bf4','0','2023-08-23 16:33:00','2023-08-23 15:26:49','1','1','cf96130d-41fa-11ee-a8c9-3cd92b4d9bf4','UNIDAD ANTICORRUPCIN DEL PODER EJECUTIVO DEL ESTADO, O.A.D.'),
('8c9d35c0-41fb-11ee-a8c9-3cd92b4d9bf4','0','2023-08-23 16:33:00','2023-08-23 15:26:49','1','1','cf961367-41fa-11ee-a8c9-3cd92b4d9bf4','DESPACHO DEL C. GOBERNADOR'),
('8c9d3618-41fb-11ee-a8c9-3cd92b4d9bf4','0','2023-08-23 16:33:00','2023-08-23 15:26:49','1','1','cf961367-41fa-11ee-a8c9-3cd92b4d9bf4','COORDINACIN DE ASESORES'),
('8c9d366c-41fb-11ee-a8c9-3cd92b4d9bf4','0','2023-08-23 16:33:00','2023-08-23 15:26:49','1','1','cf961367-41fa-11ee-a8c9-3cd92b4d9bf4','UNIDAD DE COMUNICACIN SOCIAL'),
('8c9d36bc-41fb-11ee-a8c9-3cd92b4d9bf4','0','2023-08-23 16:33:00','2023-08-23 15:26:49','1','1','cf961367-41fa-11ee-a8c9-3cd92b4d9bf4','UNIDAD DE ARCHIVO'),
('8c9d370d-41fb-11ee-a8c9-3cd92b4d9bf4','0','2023-08-23 16:33:00','2023-08-23 15:26:49','1','1','cf961367-41fa-11ee-a8c9-3cd92b4d9bf4','UNIDAD DE LA LICENCIA OFICIAL COLECTIVA'),
('8c9d3762-41fb-11ee-a8c9-3cd92b4d9bf4','0','2023-08-23 16:33:00','2023-08-23 15:26:49','1','1','cf961367-41fa-11ee-a8c9-3cd92b4d9bf4','UNIDAD DE LOGSTICA'),
('8c9d37b5-41fb-11ee-a8c9-3cd92b4d9bf4','0','2023-08-23 16:33:00','2023-08-23 15:26:49','1','1','cf961367-41fa-11ee-a8c9-3cd92b4d9bf4','UNIDAD DE ATENCIN A LA MUJER'),
('8c9d3808-41fb-11ee-a8c9-3cd92b4d9bf4','0','2023-08-23 16:33:00','2023-08-23 15:26:49','1','1','cf961367-41fa-11ee-a8c9-3cd92b4d9bf4','UNIDAD GENERAL DE INSPECCIN Y DE ASUNTOS INTERNOS'),
('8c9d385a-41fb-11ee-a8c9-3cd92b4d9bf4','0','2023-08-23 16:33:00','2023-08-23 15:26:49','1','1','cf961367-41fa-11ee-a8c9-3cd92b4d9bf4','UNIDAD DE CONTRAINTELIGENCIA'),
('8c9d38ae-41fb-11ee-a8c9-3cd92b4d9bf4','0','2023-08-23 16:33:00','2023-08-23 15:26:49','1','1','cf961367-41fa-11ee-a8c9-3cd92b4d9bf4','DIRECCIN GENERAL JURDICA Y DE DERECHOS HUMANOS'),
('8c9d3902-41fb-11ee-a8c9-3cd92b4d9bf4','0','2023-08-23 16:33:00','2023-08-23 15:26:49','1','1','cf961367-41fa-11ee-a8c9-3cd92b4d9bf4','DIRECCIN DE CONTROL Y SUPERVISIN DE EMPRESAS Y SERVICIOS DE SEGURIDAD PRIVADA'),
('8c9d3955-41fb-11ee-a8c9-3cd92b4d9bf4','0','2023-08-23 16:33:00','2023-08-23 15:26:49','1','1','cf961367-41fa-11ee-a8c9-3cd92b4d9bf4','DIRECCIN DE NORMATIVIDAD Y CONVENIOS'),
('8c9d39a6-41fb-11ee-a8c9-3cd92b4d9bf4','0','2023-08-23 16:33:00','2023-08-23 15:26:49','1','1','cf961367-41fa-11ee-a8c9-3cd92b4d9bf4','DIRECCIN DE PROCESOS JURDICOS'),
('8c9d39fb-41fb-11ee-a8c9-3cd92b4d9bf4','0','2023-08-23 16:33:00','2023-08-23 15:26:49','1','1','cf961367-41fa-11ee-a8c9-3cd92b4d9bf4','DIRECCIN LABORAL'),
('8c9d3a4b-41fb-11ee-a8c9-3cd92b4d9bf4','0','2023-08-23 16:33:00','2023-08-23 15:26:49','1','1','cf961367-41fa-11ee-a8c9-3cd92b4d9bf4','OFICIALA DE PARTES'),
('8c9d3a9b-41fb-11ee-a8c9-3cd92b4d9bf4','0','2023-08-23 16:33:00','2023-08-23 15:26:49','1','1','cf961367-41fa-11ee-a8c9-3cd92b4d9bf4','UNIDAD DE TRANSPARENCIA'),
('8c9d3aed-41fb-11ee-a8c9-3cd92b4d9bf4','0','2023-08-23 16:33:00','2023-08-23 15:26:49','1','1','cf961367-41fa-11ee-a8c9-3cd92b4d9bf4','DIRECCIN GENERAL DE ADMINISTRACIN'),
('8c9d3b42-41fb-11ee-a8c9-3cd92b4d9bf4','0','2023-08-23 16:33:00','2023-08-23 15:26:49','1','1','cf961367-41fa-11ee-a8c9-3cd92b4d9bf4','CONSEJO CIUDADANO DE SEGURIDAD PBLICA'),
('8c9d3b93-41fb-11ee-a8c9-3cd92b4d9bf4','0','2023-08-23 16:33:00','2023-08-23 15:26:49','1','1','cf961367-41fa-11ee-a8c9-3cd92b4d9bf4','DIRECCIN DE RECURSOS HUMANOS Y FINANCIEROS'),
('8c9efb23-41fb-11ee-a8c9-3cd92b4d9bf4','0','2023-08-23 16:33:00','2023-08-23 15:26:49','1','1','cf961367-41fa-11ee-a8c9-3cd92b4d9bf4','DIRECCIN DE RECURSOS MATERIALES'),
('8c9efbd4-41fb-11ee-a8c9-3cd92b4d9bf4','0','2023-08-23 16:33:00','2023-08-23 15:26:49','1','1','cf961367-41fa-11ee-a8c9-3cd92b4d9bf4','DIRECCIN DE RECLUTAMIENTO Y SELECCIN DE PERSONAL'),
('8c9efc46-41fb-11ee-a8c9-3cd92b4d9bf4','0','2023-08-23 16:33:00','2023-08-23 15:26:49','1','1','cf961367-41fa-11ee-a8c9-3cd92b4d9bf4','DIRECCIN DE MEDICINA PREVENTIVA'),
('8c9efca8-41fb-11ee-a8c9-3cd92b4d9bf4','0','2023-08-23 16:33:00','2023-08-23 15:26:49','1','1','cf961367-41fa-11ee-a8c9-3cd92b4d9bf4','UNIDAD DE IGUALDAD DE GNERO'),
('8c9efd0c-41fb-11ee-a8c9-3cd92b4d9bf4','0','2023-08-23 16:33:00','2023-08-23 15:26:49','1','1','cf961367-41fa-11ee-a8c9-3cd92b4d9bf4','UNIDAD DE ATENCIN AL POLICA'),
('8c9efd63-41fb-11ee-a8c9-3cd92b4d9bf4','0','2023-08-23 16:33:00','2023-08-23 15:26:49','1','1','cf961367-41fa-11ee-a8c9-3cd92b4d9bf4','DIRECCIN GENERAL DEL CENTRO DE COORDINACIN INTEGRAL DE CONTROL, COMANDO, COMUNICACIONES Y CMPUTO DEL ESTADO (C-5)'),
('8c9efdbc-41fb-11ee-a8c9-3cd92b4d9bf4','0','2023-08-23 16:33:00','2023-08-23 15:26:49','1','1','cf961367-41fa-11ee-a8c9-3cd92b4d9bf4','JEFATURA DE ESTADO MAYOR (C5)'),
('8c9efe10-41fb-11ee-a8c9-3cd92b4d9bf4','0','2023-08-23 16:33:00','2023-08-23 15:26:49','1','1','cf961367-41fa-11ee-a8c9-3cd92b4d9bf4','CENTRO DE COMANDO DE EMERGENCIAS 911'),
('8c9efe64-41fb-11ee-a8c9-3cd92b4d9bf4','0','2023-08-23 16:33:00','2023-08-23 15:26:49','1','1','cf961367-41fa-11ee-a8c9-3cd92b4d9bf4','CENTRO DE CONTROL Y COORDINACIN DE OPERACIONES'),
('8c9efeb6-41fb-11ee-a8c9-3cd92b4d9bf4','0','2023-08-23 16:33:00','2023-08-23 15:26:49','1','1','cf961367-41fa-11ee-a8c9-3cd92b4d9bf4','CENTRO DE CMPUTO, COMUNICACIONES Y TECNOLOGA'),
('8c9eff09-41fb-11ee-a8c9-3cd92b4d9bf4','0','2023-08-23 16:33:00','2023-08-23 15:26:49','1','1','cf961367-41fa-11ee-a8c9-3cd92b4d9bf4','CENTRO DE CONTROL VIAL'),
('8c9eff5c-41fb-11ee-a8c9-3cd92b4d9bf4','0','2023-08-23 16:33:00','2023-08-23 15:26:49','1','1','cf961367-41fa-11ee-a8c9-3cd92b4d9bf4','SERVICIOS DE SEGURIDAD E INTELIGENCIA DEL ESTADO'),
('8c9effac-41fb-11ee-a8c9-3cd92b4d9bf4','0','2023-08-23 16:33:00','2023-08-23 15:26:49','1','1','cf961367-41fa-11ee-a8c9-3cd92b4d9bf4','JEFATURA DE ESTADO MAYOR (SSIE)'),
('8c9efffe-41fb-11ee-a8c9-3cd92b4d9bf4','0','2023-08-23 16:33:00','2023-08-23 15:26:49','1','1','cf961367-41fa-11ee-a8c9-3cd92b4d9bf4','DIVISIN DE ACCIONES TCTICAS Y GRUPOS ESPECIALES'),
('8c9f0053-41fb-11ee-a8c9-3cd92b4d9bf4','0','2023-08-23 16:33:00','2023-08-23 15:26:49','1','1','cf961367-41fa-11ee-a8c9-3cd92b4d9bf4','DIVISIN GENERAL DE INTELIGENCIA'),
('8c9f00a6-41fb-11ee-a8c9-3cd92b4d9bf4','0','2023-08-23 16:33:00','2023-08-23 15:26:49','1','1','cf961367-41fa-11ee-a8c9-3cd92b4d9bf4','SERVICIOS DE PROTECCIN INSTITUCIONAL'),
('8c9f00f5-41fb-11ee-a8c9-3cd92b4d9bf4','0','2023-08-23 16:33:00','2023-08-23 15:26:49','1','1','cf961367-41fa-11ee-a8c9-3cd92b4d9bf4','SERVICIOS DE CUSTODIA Y ESCOLTAS'),
('8c9f0147-41fb-11ee-a8c9-3cd92b4d9bf4','0','2023-08-23 16:33:00','2023-08-23 15:26:49','1','1','cf961367-41fa-11ee-a8c9-3cd92b4d9bf4','SERVICIOS DE VIGILANCIA INSTITUCIONAL'),
('8c9f019a-41fb-11ee-a8c9-3cd92b4d9bf4','0','2023-08-23 16:33:00','2023-08-23 15:26:49','1','1','cf961367-41fa-11ee-a8c9-3cd92b4d9bf4','SERVICIOS DE LA POLICA PROCESAL'),
('8c9f01e9-41fb-11ee-a8c9-3cd92b4d9bf4','0','2023-08-23 16:33:00','2023-08-23 15:26:49','1','1','cf961367-41fa-11ee-a8c9-3cd92b4d9bf4','SEGURIDAD GUBERNAMENTAL'),
('8c9f0237-41fb-11ee-a8c9-3cd92b4d9bf4','0','2023-08-23 16:33:00','2023-08-23 15:26:49','1','1','cf961367-41fa-11ee-a8c9-3cd92b4d9bf4','INSTITUCIN POLICIAL ESTATAL FUERZA CIVIL'),
('8c9f0286-41fb-11ee-a8c9-3cd92b4d9bf4','0','2023-08-23 16:33:00','2023-08-23 15:26:49','1','1','cf961367-41fa-11ee-a8c9-3cd92b4d9bf4','AGENCIA DE ADMINISTRACIN PENITENCIARIA'),
('8c9f02d8-41fb-11ee-a8c9-3cd92b4d9bf4','0','2023-08-23 16:33:00','2023-08-23 15:26:49','1','1','cf961367-41fa-11ee-a8c9-3cd92b4d9bf4','JEFATURA DE ESTADO MAYOR (AAP)'),
('8c9f032a-41fb-11ee-a8c9-3cd92b4d9bf4','0','2023-08-23 16:33:00','2023-08-23 15:26:49','1','1','cf961367-41fa-11ee-a8c9-3cd92b4d9bf4','DIRECCIN DE REINSERCIN SOCIAL'),
('8c9f037a-41fb-11ee-a8c9-3cd92b4d9bf4','0','2023-08-23 16:33:00','2023-08-23 15:26:49','1','1','cf961367-41fa-11ee-a8c9-3cd92b4d9bf4','CENTRO DE REINSERCIN SOCIAL NMERO 1 NORTE'),
('8c9f03ca-41fb-11ee-a8c9-3cd92b4d9bf4','0','2023-08-23 16:33:00','2023-08-23 15:26:49','1','1','cf961367-41fa-11ee-a8c9-3cd92b4d9bf4','CENTRO DE REINSERCIN SOCIAL NMERO 2 NORTE'),
('8c9f041f-41fb-11ee-a8c9-3cd92b4d9bf4','0','2023-08-23 16:33:00','2023-08-23 15:26:49','1','1','cf961367-41fa-11ee-a8c9-3cd92b4d9bf4','CENTRO DE REINSERCIN SOCIAL NMERO 3 ORIENTE'),
('8c9f046f-41fb-11ee-a8c9-3cd92b4d9bf4','0','2023-08-23 16:33:00','2023-08-23 15:26:49','1','1','cf961367-41fa-11ee-a8c9-3cd92b4d9bf4','CENTRO DE REINSERCIN SOCIAL FEMENIL'),
('8c9f04c0-41fb-11ee-a8c9-3cd92b4d9bf4','0','2023-08-23 16:33:00','2023-08-23 15:26:49','1','1','cf961367-41fa-11ee-a8c9-3cd92b4d9bf4','CENTRO DE INTERNAMIENTO Y DE ADAPTACIN DE ADOLESCENTES INFRACTORES'),
('8c9f0512-41fb-11ee-a8c9-3cd92b4d9bf4','0','2023-08-23 16:33:00','2023-08-23 15:26:49','1','1','cf961367-41fa-11ee-a8c9-3cd92b4d9bf4','UNIDAD DE MEDIDAS CAUTELARES Y SUSPENSIN CONDICIONAL DEL PROCESO (UMECA)'),
('8c9f0568-41fb-11ee-a8c9-3cd92b4d9bf4','0','2023-08-23 16:33:00','2023-08-23 15:26:49','1','1','cf961367-41fa-11ee-a8c9-3cd92b4d9bf4','DIRECCIN DE EVALUACIN DE RIESGO'),
('8c9f05bc-41fb-11ee-a8c9-3cd92b4d9bf4','0','2023-08-23 16:33:00','2023-08-23 15:26:49','1','1','cf961367-41fa-11ee-a8c9-3cd92b4d9bf4','DIRECCIN DE SUPERVISIN DE MEDIDAS CAUTELARES Y SUSPENSIN CONDICIONAL DEL PROCESO'),
('8c9f060f-41fb-11ee-a8c9-3cd92b4d9bf4','0','2023-08-23 16:33:00','2023-08-23 15:26:49','1','1','cf961367-41fa-11ee-a8c9-3cd92b4d9bf4','DIRECCIN DE GESTIN Y ANLISIS DE INFORMACIN DE MEDIDAS CAUTELARES'),
('8c9f0660-41fb-11ee-a8c9-3cd92b4d9bf4','0','2023-08-23 16:33:00','2023-08-23 15:26:49','1','1','cf961367-41fa-11ee-a8c9-3cd92b4d9bf4','ESCUELA SUPERIOR DE INTELIGENCIA'),
('8c9f06b5-41fb-11ee-a8c9-3cd92b4d9bf4','0','2023-08-23 16:33:00','2023-08-23 15:26:49','1','1','cf961367-41fa-11ee-a8c9-3cd92b4d9bf4','CONSEJO DIRECTIVO'),
('8c9f0707-41fb-11ee-a8c9-3cd92b4d9bf4','0','2023-08-23 16:33:00','2023-08-23 15:26:49','1','1','cf961367-41fa-11ee-a8c9-3cd92b4d9bf4','DIVISIN ACADMICA'),
('8c9f0756-41fb-11ee-a8c9-3cd92b4d9bf4','0','2023-08-23 16:33:00','2023-08-23 15:26:49','1','1','cf961367-41fa-11ee-a8c9-3cd92b4d9bf4','DIVISIN ADMINISTRATIVA'),
('8c9f07a6-41fb-11ee-a8c9-3cd92b4d9bf4','0','2023-08-23 16:33:00','2023-08-23 15:26:49','1','1','cf961367-41fa-11ee-a8c9-3cd92b4d9bf4','DIVISIN DE PROFESIONALIZACIN Y VINCULACIN'),
('8c9f07f8-41fb-11ee-a8c9-3cd92b4d9bf4','0','2023-08-23 16:33:00','2023-08-23 15:26:49','1','1','cf961367-41fa-11ee-a8c9-3cd92b4d9bf4','DIVISIN JURDICA'),
('8c9f0849-41fb-11ee-a8c9-3cd92b4d9bf4','0','2023-08-23 16:33:00','2023-08-23 15:26:49','1','1','cf961367-41fa-11ee-a8c9-3cd92b4d9bf4','COMISIN DE HONOR Y JUSTICIA'),
('8c9f0897-41fb-11ee-a8c9-3cd92b4d9bf4','0','2023-08-23 16:33:00','2023-08-23 15:26:49','1','1','cf961367-41fa-11ee-a8c9-3cd92b4d9bf4','COMISIN DE CARRERA POLICIAL'),
('8c9f08ea-41fb-11ee-a8c9-3cd92b4d9bf4','0','2023-08-23 16:33:00','2023-08-23 15:26:49','1','1','cf961367-41fa-11ee-a8c9-3cd92b4d9bf4','OFICINA DE LA PERSONA TITULAR DE LA SECRETARA EJECUTIVA DEL CONSEJO DE COORDINACIN DEL SISTEMA INTEGRAL DE SEGURIDAD PBLICA DEL ESTADO'),
('8c9f0941-41fb-11ee-a8c9-3cd92b4d9bf4','0','2023-08-23 16:33:00','2023-08-23 15:26:49','1','1','cf961367-41fa-11ee-a8c9-3cd92b4d9bf4','DIRECCIN GENERAL DE PLANEACIN ESTRATGICA'),
('8c9f0994-41fb-11ee-a8c9-3cd92b4d9bf4','0','2023-08-23 16:33:00','2023-08-23 15:26:49','1','1','cf961367-41fa-11ee-a8c9-3cd92b4d9bf4','DIRECCIN DE ANLISIS ESTRATGICO Y VINCULACIN INTERINSTITUCIONAL'),
('8c9f0a4f-41fb-11ee-a8c9-3cd92b4d9bf4','0','2023-08-23 16:33:00','2023-08-23 15:26:49','1','1','cf961367-41fa-11ee-a8c9-3cd92b4d9bf4','COORDINACIN EJECUTIVA DEL FONDO DE APORTACIONES PARA LA SEGURIDAD PBLICA'),
('8c9f0ab7-41fb-11ee-a8c9-3cd92b4d9bf4','0','2023-08-23 16:33:00','2023-08-23 15:26:49','1','1','cf961367-41fa-11ee-a8c9-3cd92b4d9bf4','OFICINA DE SEGUIMIENTO AL ACUERDO POR LA SEGURIDAD: NUEVO LEN 2021 - 2027'),
('8c9f0b11-41fb-11ee-a8c9-3cd92b4d9bf4','0','2023-08-23 16:33:00','2023-08-23 15:26:49','1','1','cf961367-41fa-11ee-a8c9-3cd92b4d9bf4','DIRECCIN DE RELACIONES INTERINSTITUCIONALES'),
('8c9f0b62-41fb-11ee-a8c9-3cd92b4d9bf4','0','2023-08-23 16:33:00','2023-08-23 15:26:49','1','1','cf961367-41fa-11ee-a8c9-3cd92b4d9bf4','DIRECCIN DE ASISTENCIA TCNICA'),
('8c9f0bb5-41fb-11ee-a8c9-3cd92b4d9bf4','0','2023-08-23 16:33:00','2023-08-23 15:26:49','1','1','cf961367-41fa-11ee-a8c9-3cd92b4d9bf4','CENTRO ESTATAL DE PREVENCIN DE LA VIOLENCIA Y LA DELICUENCIA'),
('8c9f0c07-41fb-11ee-a8c9-3cd92b4d9bf4','0','2023-08-23 16:33:00','2023-08-23 15:26:49','1','1','cf9613c1-41fa-11ee-a8c9-3cd92b4d9bf4','DESPACHO DEL C. GOBERNADOR'),
('8c9f0c5a-41fb-11ee-a8c9-3cd92b4d9bf4','0','2023-08-23 16:33:00','2023-08-23 15:26:49','1','1','cf9613c1-41fa-11ee-a8c9-3cd92b4d9bf4','SECRETARA TCNICA DE ECONOMA'),
('8c9f0caa-41fb-11ee-a8c9-3cd92b4d9bf4','0','2023-08-23 16:33:00','2023-08-23 15:26:49','1','1','cf9613c1-41fa-11ee-a8c9-3cd92b4d9bf4','DIRECCIN JURDICA'),
('8c9f0cfb-41fb-11ee-a8c9-3cd92b4d9bf4','0','2023-08-23 16:33:00','2023-08-23 15:26:49','1','1','cf9613c1-41fa-11ee-a8c9-3cd92b4d9bf4','DIRECCIN ADMINISTRATIVA'),
('8c9f0d4b-41fb-11ee-a8c9-3cd92b4d9bf4','0','2023-08-23 16:33:00','2023-08-23 15:26:49','1','1','cf9613c1-41fa-11ee-a8c9-3cd92b4d9bf4','UNIDAD DE GESTIN DOCUMENTAL'),
('8c9f0d9f-41fb-11ee-a8c9-3cd92b4d9bf4','0','2023-08-23 16:33:00','2023-08-23 15:26:49','1','1','cf9613c1-41fa-11ee-a8c9-3cd92b4d9bf4','AGENCIA PARA LA PROMOCIN Y APROVECHAMIENTO DE LAS ENERGAS RENOVABLES'),
('8c9f0def-41fb-11ee-a8c9-3cd92b4d9bf4','0','2023-08-23 16:33:00','2023-08-23 15:26:49','1','1','cf9613c1-41fa-11ee-a8c9-3cd92b4d9bf4','SUBSECRETARA DE INVERSIN'),
('8c9f0e3f-41fb-11ee-a8c9-3cd92b4d9bf4','0','2023-08-23 16:33:00','2023-08-23 15:26:49','1','1','cf9613c1-41fa-11ee-a8c9-3cd92b4d9bf4','DIRECCIN DE CADENAS PRODUCTIVAS'),
('8c9f0e8e-41fb-11ee-a8c9-3cd92b4d9bf4','0','2023-08-23 16:33:00','2023-08-23 15:26:49','1','1','cf9613c1-41fa-11ee-a8c9-3cd92b4d9bf4','DIRECCIN DE INVERSIN'),
('8c9f0ee3-41fb-11ee-a8c9-3cd92b4d9bf4','0','2023-08-23 16:33:00','2023-08-23 15:26:49','1','1','cf9613c1-41fa-11ee-a8c9-3cd92b4d9bf4','DIRECCIN DE CLUSTERS'),
('8c9f0f34-41fb-11ee-a8c9-3cd92b4d9bf4','0','2023-08-23 16:33:00','2023-08-23 15:26:49','1','1','cf9613c1-41fa-11ee-a8c9-3cd92b4d9bf4','SUBSECRETARA DE FOMENTO EMPRESARIAL'),
('8c9f0f86-41fb-11ee-a8c9-3cd92b4d9bf4','0','2023-08-23 16:33:00','2023-08-23 15:26:49','1','1','cf9613c1-41fa-11ee-a8c9-3cd92b4d9bf4','DIRECCIN DE FOMENTO ECONMICO'),
('8c9f1040-41fb-11ee-a8c9-3cd92b4d9bf4','0','2023-08-23 16:33:00','2023-08-23 15:26:49','1','1','cf9613c1-41fa-11ee-a8c9-3cd92b4d9bf4','DIRECCIN DE COMPETENCIA Y COMPETITIVIDAD'),
('8c9f1099-41fb-11ee-a8c9-3cd92b4d9bf4','0','2023-08-23 16:33:00','2023-08-23 15:26:49','1','1','cf9613c1-41fa-11ee-a8c9-3cd92b4d9bf4','DIRECCIN DE FOMENTO ENERGTICO Y MINERO'),
('8ca03d47-41fb-11ee-a8c9-3cd92b4d9bf4','0','2023-08-23 16:33:00','2023-08-23 15:26:49','1','1','cf9613c1-41fa-11ee-a8c9-3cd92b4d9bf4','DIRECCIN DE INNOVACIN'),
('8ca03de6-41fb-11ee-a8c9-3cd92b4d9bf4','0','2023-08-23 16:33:00','2023-08-23 15:26:49','1','1','cf9613c1-41fa-11ee-a8c9-3cd92b4d9bf4','DIRECCIN DE FOMENTO A LA MUJER'),
('8ca03e46-41fb-11ee-a8c9-3cd92b4d9bf4','0','2023-08-23 16:33:00','2023-08-23 15:26:49','1','1','cf9613c1-41fa-11ee-a8c9-3cd92b4d9bf4','DIRECCIN DE APOYO Y FOMENTO A MICRO, PEQUEAS Y MEDIANAS EMPRESAS'),
('8ca03ea0-41fb-11ee-a8c9-3cd92b4d9bf4','0','2023-08-23 16:33:00','2023-08-23 15:26:49','1','1','cf9613c1-41fa-11ee-a8c9-3cd92b4d9bf4','COMISIN ESTATAL DE MEJORA REGULATORIA'),
('8ca03f0e-41fb-11ee-a8c9-3cd92b4d9bf4','0','2023-08-23 16:33:00','2023-08-23 15:26:49','1','1','cf961423-41fa-11ee-a8c9-3cd92b4d9bf4','DESPACHO DEL C. GOBERNADOR'),
('8ca03f65-41fb-11ee-a8c9-3cd92b4d9bf4','0','2023-08-23 16:33:00','2023-08-23 15:26:49','1','1','cf961423-41fa-11ee-a8c9-3cd92b4d9bf4','DIRECCIN JURDICA'),
('8ca03fba-41fb-11ee-a8c9-3cd92b4d9bf4','0','2023-08-23 16:33:00','2023-08-23 15:26:49','1','1','cf961423-41fa-11ee-a8c9-3cd92b4d9bf4','DIRECCIN ADMINISTRATIVA'),
('8ca04016-41fb-11ee-a8c9-3cd92b4d9bf4','0','2023-08-23 16:33:00','2023-08-23 15:26:49','1','1','cf961423-41fa-11ee-a8c9-3cd92b4d9bf4','SECRETARA TCNICA'),
('8ca04069-41fb-11ee-a8c9-3cd92b4d9bf4','0','2023-08-23 16:33:00','2023-08-23 15:26:49','1','1','cf961423-41fa-11ee-a8c9-3cd92b4d9bf4','SUBSECRETARA DE CAPACITACIN Y EMPLEO'),
('8ca040bd-41fb-11ee-a8c9-3cd92b4d9bf4','0','2023-08-23 16:33:00','2023-08-23 15:26:49','1','1','cf961423-41fa-11ee-a8c9-3cd92b4d9bf4','DIRECCIN DE PRODUCTIVIDAD LABORAL Y VINCULACIN'),
('8ca04114-41fb-11ee-a8c9-3cd92b4d9bf4','0','2023-08-23 16:33:00','2023-08-23 15:26:49','1','1','cf961423-41fa-11ee-a8c9-3cd92b4d9bf4','DIRECCIN DE FORMACIN CONTINUA, PROFESIONALIZACIN Y CERTIFICACIN LABORAL'),
('8ca0416d-41fb-11ee-a8c9-3cd92b4d9bf4','0','2023-08-23 16:33:00','2023-08-23 15:26:49','1','1','cf961423-41fa-11ee-a8c9-3cd92b4d9bf4','DIRECCIN DE SERVICIO ESTATAL DEL EMPLEO'),
('8ca041c0-41fb-11ee-a8c9-3cd92b4d9bf4','0','2023-08-23 16:33:00','2023-08-23 15:26:49','1','1','cf961423-41fa-11ee-a8c9-3cd92b4d9bf4','SUBSECRETARA DE TRABAJO'),
('8ca04213-41fb-11ee-a8c9-3cd92b4d9bf4','0','2023-08-23 16:33:00','2023-08-23 15:26:49','1','1','cf961423-41fa-11ee-a8c9-3cd92b4d9bf4','DIRECCIN DE INSPECCIN DEL TRABAJO'),
('8ca042c7-41fb-11ee-a8c9-3cd92b4d9bf4','0','2023-08-23 16:33:00','2023-08-23 15:26:49','1','1','cf961423-41fa-11ee-a8c9-3cd92b4d9bf4','DIRECCIN DE PREVISIN SOCIAL'),
('8ca04330-41fb-11ee-a8c9-3cd92b4d9bf4','0','2023-08-23 16:33:00','2023-08-23 15:26:49','1','1','cf961423-41fa-11ee-a8c9-3cd92b4d9bf4','DIRECCIN DE POLTICA LABORAL'),
('8ca04386-41fb-11ee-a8c9-3cd92b4d9bf4','0','2023-08-23 16:33:00','2023-08-23 15:26:49','1','1','cf961423-41fa-11ee-a8c9-3cd92b4d9bf4','PROCURADURA DE LA DEFENSA DEL TRABAJO'),
('8ca043d9-41fb-11ee-a8c9-3cd92b4d9bf4','0','2023-08-23 16:33:00','2023-08-23 15:26:49','1','1','cf96147d-41fa-11ee-a8c9-3cd92b4d9bf4','DESPACHO DEL C. GOBERNADOR'),
('8ca0442c-41fb-11ee-a8c9-3cd92b4d9bf4','0','2023-08-23 16:33:00','2023-08-23 15:26:49','1','1','cf96147d-41fa-11ee-a8c9-3cd92b4d9bf4','FIDEICOMISO FONDO DE FOMENTO AGROPECUARIO (FOFAE)'),
('8ca0447f-41fb-11ee-a8c9-3cd92b4d9bf4','0','2023-08-23 16:33:00','2023-08-23 15:26:49','1','1','cf96147d-41fa-11ee-a8c9-3cd92b4d9bf4','SECRETARA TCNICA'),
('8ca044d1-41fb-11ee-a8c9-3cd92b4d9bf4','0','2023-08-23 16:33:00','2023-08-23 15:26:49','1','1','cf96147d-41fa-11ee-a8c9-3cd92b4d9bf4','DIRECCIN DE ASUNTOS JURDICOS'),
('8ca04523-41fb-11ee-a8c9-3cd92b4d9bf4','0','2023-08-23 16:33:00','2023-08-23 15:26:49','1','1','cf96147d-41fa-11ee-a8c9-3cd92b4d9bf4','DIRECCIN ADMINISTRATIVA'),
('8ca04574-41fb-11ee-a8c9-3cd92b4d9bf4','0','2023-08-23 16:33:00','2023-08-23 15:26:49','1','1','cf96147d-41fa-11ee-a8c9-3cd92b4d9bf4','SUBSECRETARA DE DESARROLLO AGROPECUARIO'),
('8ca045c6-41fb-11ee-a8c9-3cd92b4d9bf4','0','2023-08-23 16:33:00','2023-08-23 15:26:49','1','1','cf96147d-41fa-11ee-a8c9-3cd92b4d9bf4','DIRECCIN DE SANIDAD E UNOCUIDAD'),
('8ca04617-41fb-11ee-a8c9-3cd92b4d9bf4','0','2023-08-23 16:33:00','2023-08-23 15:26:49','1','1','cf96147d-41fa-11ee-a8c9-3cd92b4d9bf4','DIRECCIN DE DESARROLLO AGROPECUARIO'),
('8ca04668-41fb-11ee-a8c9-3cd92b4d9bf4','0','2023-08-23 16:33:00','2023-08-23 15:26:49','1','1','cf96147d-41fa-11ee-a8c9-3cd92b4d9bf4','DIRECCIN DE AGRONEGOCIOS'),
('8ca046b8-41fb-11ee-a8c9-3cd92b4d9bf4','0','2023-08-23 16:33:00','2023-08-23 15:26:49','1','1','cf96147d-41fa-11ee-a8c9-3cd92b4d9bf4','SUBSECRETARA DE DESARROLLO REGIONAL'),
('8ca0470a-41fb-11ee-a8c9-3cd92b4d9bf4','0','2023-08-23 16:33:00','2023-08-23 15:26:49','1','1','cf96147d-41fa-11ee-a8c9-3cd92b4d9bf4','DIRECCIN DE INFRAESTRUCTURA Y COMUNIDADES'),
('8ca0475a-41fb-11ee-a8c9-3cd92b4d9bf4','0','2023-08-23 16:33:00','2023-08-23 15:26:49','1','1','cf96147d-41fa-11ee-a8c9-3cd92b4d9bf4','DIRECCIN DE DESARROLLO REGIONAL'),
('8ca047ac-41fb-11ee-a8c9-3cd92b4d9bf4','0','2023-08-23 16:33:00','2023-08-23 15:26:49','1','1','cf96147d-41fa-11ee-a8c9-3cd92b4d9bf4','DIRECCIN DE RECURSOS NATURALES'),
('8ca047fc-41fb-11ee-a8c9-3cd92b4d9bf4','0','2023-08-23 16:33:00','2023-08-23 15:26:49','1','1','cf9614d5-41fa-11ee-a8c9-3cd92b4d9bf4','DESPACHO DEL C. GOBERNADOR'),
('8ca0484e-41fb-11ee-a8c9-3cd92b4d9bf4','0','2023-08-23 16:33:00','2023-08-23 15:26:49','1','1','cf9614d5-41fa-11ee-a8c9-3cd92b4d9bf4','SECRETARA TCNICA'),
('8ca0489d-41fb-11ee-a8c9-3cd92b4d9bf4','0','2023-08-23 16:33:00','2023-08-23 15:26:49','1','1','cf9614d5-41fa-11ee-a8c9-3cd92b4d9bf4','DIRECCIN JURDICA'),
('8ca048ee-41fb-11ee-a8c9-3cd92b4d9bf4','0','2023-08-23 16:33:00','2023-08-23 15:26:49','1','1','cf9614d5-41fa-11ee-a8c9-3cd92b4d9bf4','DIRECCIN ADMINISTRATIVA'),
('8ca0493f-41fb-11ee-a8c9-3cd92b4d9bf4','0','2023-08-23 16:33:00','2023-08-23 15:26:49','1','1','cf9614d5-41fa-11ee-a8c9-3cd92b4d9bf4','DIRECCIN DE LICITACIONES'),
('8ca05368-41fb-11ee-a8c9-3cd92b4d9bf4','0','2023-08-23 16:33:00','2023-08-23 15:26:49','1','1','cf9614d5-41fa-11ee-a8c9-3cd92b4d9bf4','DIRECCIN DE VINCULACIN INTERSECTORIAL'),
('8ca05421-41fb-11ee-a8c9-3cd92b4d9bf4','0','2023-08-23 16:33:00','2023-08-23 15:26:49','1','1','cf9614d5-41fa-11ee-a8c9-3cd92b4d9bf4','DIRECCIN DE ASOCIACIONES PBLICO PRIVADAS'),
('8ca05476-41fb-11ee-a8c9-3cd92b4d9bf4','0','2023-08-23 16:33:00','2023-08-23 15:26:49','1','1','cf9614d5-41fa-11ee-a8c9-3cd92b4d9bf4','SUBSECRETARA DE TRANSPORTE'),
('8ca054cc-41fb-11ee-a8c9-3cd92b4d9bf4','0','2023-08-23 16:33:00','2023-08-23 15:26:49','1','1','cf9614d5-41fa-11ee-a8c9-3cd92b4d9bf4','DIRECCIN DE TRANSPORTE PBLICO'),
('8ca0552a-41fb-11ee-a8c9-3cd92b4d9bf4','0','2023-08-23 16:33:00','2023-08-23 15:26:49','1','1','cf9614d5-41fa-11ee-a8c9-3cd92b4d9bf4','DIRECCIN DE LOGSTICA Y TRANSPORTE DE CARGA'),
('8ca0557d-41fb-11ee-a8c9-3cd92b4d9bf4','0','2023-08-23 16:33:00','2023-08-23 15:26:49','1','1','cf9614d5-41fa-11ee-a8c9-3cd92b4d9bf4','DIRECCIN DE GESTIN DE LA VIALIDAD'),
('8ca055d0-41fb-11ee-a8c9-3cd92b4d9bf4','0','2023-08-23 16:33:00','2023-08-23 15:26:49','1','1','cf9614d5-41fa-11ee-a8c9-3cd92b4d9bf4','SUBSECRETARA DE ORDENAMIENTO TERRITORIAL Y DEL ESPACIO PBLICO'),
('8ca05624-41fb-11ee-a8c9-3cd92b4d9bf4','0','2023-08-23 16:33:00','2023-08-23 15:26:49','1','1','cf9614d5-41fa-11ee-a8c9-3cd92b4d9bf4','DIRECCIN DE ESPACIO PBLICO Y MOVILIDAD NO MOTORIZADA'),
('8ca0567a-41fb-11ee-a8c9-3cd92b4d9bf4','0','2023-08-23 16:33:00','2023-08-23 15:26:49','1','1','cf9614d5-41fa-11ee-a8c9-3cd92b4d9bf4','DIRECCIN DE ORDENAMIENTO TERRITORIAL Y DESARROLLO URBANO'),
('8ca056cd-41fb-11ee-a8c9-3cd92b4d9bf4','0','2023-08-23 16:33:00','2023-08-23 15:26:49','1','1','cf9614d5-41fa-11ee-a8c9-3cd92b4d9bf4','DIRECCIN DE GESTIN DE DISTRITOS Y POLGONOS DE ACTUACIN'),
('8ca0571e-41fb-11ee-a8c9-3cd92b4d9bf4','0','2023-08-23 16:33:00','2023-08-23 15:26:49','1','1','cf9614d5-41fa-11ee-a8c9-3cd92b4d9bf4','SUBSECRETARA DE INFRAESTRUCTURA'),
('8ca0576f-41fb-11ee-a8c9-3cd92b4d9bf4','0','2023-08-23 16:33:00','2023-08-23 15:26:49','1','1','cf9614d5-41fa-11ee-a8c9-3cd92b4d9bf4','DIRECCIN DE VAS DE COMUNICACIN'),
('8ca057c4-41fb-11ee-a8c9-3cd92b4d9bf4','0','2023-08-23 16:33:00','2023-08-23 15:26:49','1','1','cf9614d5-41fa-11ee-a8c9-3cd92b4d9bf4','DIRECCIN DE EDIFICACIN'),
('8ca05819-41fb-11ee-a8c9-3cd92b4d9bf4','0','2023-08-23 16:33:00','2023-08-23 15:26:49','1','1','cf9614d5-41fa-11ee-a8c9-3cd92b4d9bf4','DIRECCIN DE PROYECTOS'),
('8ca0586b-41fb-11ee-a8c9-3cd92b4d9bf4','0','2023-08-23 16:33:00','2023-08-23 15:26:49','1','1','cf9614d5-41fa-11ee-a8c9-3cd92b4d9bf4','SUBSECRETARA DE PLANEACIN'),
('8ca058bd-41fb-11ee-a8c9-3cd92b4d9bf4','0','2023-08-23 16:33:00','2023-08-23 15:26:49','1','1','cf9614d5-41fa-11ee-a8c9-3cd92b4d9bf4','DIRECCIN DE PLANES Y PROGRAMAS'),
('8ca05911-41fb-11ee-a8c9-3cd92b4d9bf4','0','2023-08-23 16:33:00','2023-08-23 15:26:49','1','1','cf9614d5-41fa-11ee-a8c9-3cd92b4d9bf4','DIRECCIN DEL CENTRO DE INFORMACIN GEOESPACIAL'),
('8ca05963-41fb-11ee-a8c9-3cd92b4d9bf4','0','2023-08-23 16:33:00','2023-08-23 15:26:49','1','1','cf9614d5-41fa-11ee-a8c9-3cd92b4d9bf4','DIRECCIN DE RELACIONES INTERINSTITUCIONALES'),
('8ca059b7-41fb-11ee-a8c9-3cd92b4d9bf4','0','2023-08-23 16:33:00','2023-08-23 15:26:49','1','1','cf961529-41fa-11ee-a8c9-3cd92b4d9bf4','DESPACHO DEL C. GOBERNADOR'),
('8ca05a09-41fb-11ee-a8c9-3cd92b4d9bf4','0','2023-08-23 16:33:00','2023-08-23 15:26:49','1','1','cf961529-41fa-11ee-a8c9-3cd92b4d9bf4','UNIDAD DE PROYECTOS ESTRATGICOS Y SECTORIALES'),
('8ca05a5d-41fb-11ee-a8c9-3cd92b4d9bf4','0','2023-08-23 16:33:00','2023-08-23 15:26:49','1','1','cf961529-41fa-11ee-a8c9-3cd92b4d9bf4','UNIDAD DE CUMPLIMIENTO NORMATIVO'),
('8ca05ab0-41fb-11ee-a8c9-3cd92b4d9bf4','0','2023-08-23 16:33:00','2023-08-23 15:26:49','1','1','cf961529-41fa-11ee-a8c9-3cd92b4d9bf4','SUBSECRETARA DE TURISMO SOSTENIBLE'),
('8ca05b01-41fb-11ee-a8c9-3cd92b4d9bf4','0','2023-08-23 16:33:00','2023-08-23 15:26:49','1','1','cf961529-41fa-11ee-a8c9-3cd92b4d9bf4','DIRECCIN DE PROMOCIN TURSTICA'),
('8ca05b56-41fb-11ee-a8c9-3cd92b4d9bf4','0','2023-08-23 16:33:00','2023-08-23 15:26:49','1','1','cf961529-41fa-11ee-a8c9-3cd92b4d9bf4','DIRECCIN DE PLANEACIN DE POLTICA TURSTICA SOSTENIBLE'),
('8ca05bab-41fb-11ee-a8c9-3cd92b4d9bf4','0','2023-08-23 16:33:00','2023-08-23 15:26:49','1','1','cf961529-41fa-11ee-a8c9-3cd92b4d9bf4','SUBSECRETARA DE INTELIGENCIA TURSTICA'),
('8ca05bfd-41fb-11ee-a8c9-3cd92b4d9bf4','0','2023-08-23 16:33:00','2023-08-23 15:26:49','1','1','cf961529-41fa-11ee-a8c9-3cd92b4d9bf4','DIRECCIN DE TURISMO REGIONAL Y SECTORIAL'),
('8ca05c51-41fb-11ee-a8c9-3cd92b4d9bf4','0','2023-08-23 16:33:00','2023-08-23 15:26:49','1','1','cf961529-41fa-11ee-a8c9-3cd92b4d9bf4','DIRECCIN DE COMPETITIVIDAD E INNOVACIN TURSTICA'),
('8ca05ca3-41fb-11ee-a8c9-3cd92b4d9bf4','0','2023-08-23 16:33:00','2023-08-23 15:26:49','1','1','cf961581-41fa-11ee-a8c9-3cd92b4d9bf4','DESPACHO DEL C. GOBERNADOR'),
('8ca05cf4-41fb-11ee-a8c9-3cd92b4d9bf4','0','2023-08-23 16:33:00','2023-08-23 15:26:49','1','1','cf961581-41fa-11ee-a8c9-3cd92b4d9bf4','DIRECCIN JURDICA'),
('8ca05d46-41fb-11ee-a8c9-3cd92b4d9bf4','0','2023-08-23 16:33:00','2023-08-23 15:26:49','1','1','cf961581-41fa-11ee-a8c9-3cd92b4d9bf4','UNIDAD DE ENLACE DE PROYECTOS'),
('8ca05d97-41fb-11ee-a8c9-3cd92b4d9bf4','0','2023-08-23 16:33:00','2023-08-23 15:26:49','1','1','cf961581-41fa-11ee-a8c9-3cd92b4d9bf4','DIRECCIN ADMINISTRATIVA'),
('8ca05deb-41fb-11ee-a8c9-3cd92b4d9bf4','0','2023-08-23 16:33:00','2023-08-23 15:26:49','1','1','cf961581-41fa-11ee-a8c9-3cd92b4d9bf4','UNIDAD DE ENLACE DE COMUNICACIN SOCIAL'),
('8ca05e41-41fb-11ee-a8c9-3cd92b4d9bf4','0','2023-08-23 16:33:00','2023-08-23 15:26:49','1','1','cf961581-41fa-11ee-a8c9-3cd92b4d9bf4','SECRETARA TCNICA'),
('8ca05e94-41fb-11ee-a8c9-3cd92b4d9bf4','0','2023-08-23 16:33:00','2023-08-23 15:26:49','1','1','cf961581-41fa-11ee-a8c9-3cd92b4d9bf4','PROCURADURA ESTATAL DE DESARROLLO SUSTENTABLE'),
('8ca05ee7-41fb-11ee-a8c9-3cd92b4d9bf4','0','2023-08-23 16:33:00','2023-08-23 15:26:49','1','1','cf961581-41fa-11ee-a8c9-3cd92b4d9bf4','DIRECCIN DE INSPECCIN Y VIGILANCIA'),
('8ca05f39-41fb-11ee-a8c9-3cd92b4d9bf4','0','2023-08-23 16:33:00','2023-08-23 15:26:49','1','1','cf961581-41fa-11ee-a8c9-3cd92b4d9bf4','SUBSECRETARA DE GESTIN INTEGRAL DEL AGUA, RESIDUOS Y BIODIVERSIDAD'),
('8ca05f8d-41fb-11ee-a8c9-3cd92b4d9bf4','0','2023-08-23 16:33:00','2023-08-23 15:26:49','1','1','cf961581-41fa-11ee-a8c9-3cd92b4d9bf4','DIRECCIN DE POLTICA PARA LA GESTIN DEL AGUA'),
('8ca05fdd-41fb-11ee-a8c9-3cd92b4d9bf4','0','2023-08-23 16:33:00','2023-08-23 15:26:49','1','1','cf961581-41fa-11ee-a8c9-3cd92b4d9bf4','DIRECCIN DE AGUA RESIDUAL'),
('8ca0602d-41fb-11ee-a8c9-3cd92b4d9bf4','0','2023-08-23 16:33:00','2023-08-23 15:26:49','1','1','cf961581-41fa-11ee-a8c9-3cd92b4d9bf4','DIRECCIN DE GESTIN INTEGRAL DE RESIDUOS'),
('8ca0607d-41fb-11ee-a8c9-3cd92b4d9bf4','0','2023-08-23 16:33:00','2023-08-23 15:26:49','1','1','cf961581-41fa-11ee-a8c9-3cd92b4d9bf4','DIRECCIN DE CONSERVACIN DE LA BIODIVERSIDAD Y DEL SUELO'),
('8ca060d0-41fb-11ee-a8c9-3cd92b4d9bf4','0','2023-08-23 16:33:00','2023-08-23 15:26:49','1','1','cf961581-41fa-11ee-a8c9-3cd92b4d9bf4','DIRECCIN DE BIENESTAR ANIMAL'),
('8ca06120-41fb-11ee-a8c9-3cd92b4d9bf4','0','2023-08-23 16:33:00','2023-08-23 15:26:49','1','1','cf961581-41fa-11ee-a8c9-3cd92b4d9bf4','DIRECCIN DE IMPACTO Y RIESGO AMBIENTAL'),
('8ca06170-41fb-11ee-a8c9-3cd92b4d9bf4','0','2023-08-23 16:33:00','2023-08-23 15:26:49','1','1','cf961581-41fa-11ee-a8c9-3cd92b4d9bf4','SUBSECRETARA DE CAMBIO CLIMTICO Y CALIDAD DEL AIRE'),
('8ca061c0-41fb-11ee-a8c9-3cd92b4d9bf4','0','2023-08-23 16:33:00','2023-08-23 15:26:49','1','1','cf961581-41fa-11ee-a8c9-3cd92b4d9bf4','DIRECCIN DE POLTICA DE CAMBIO CLIMTICO'),
('8ca06213-41fb-11ee-a8c9-3cd92b4d9bf4','0','2023-08-23 16:33:00','2023-08-23 15:26:49','1','1','cf961581-41fa-11ee-a8c9-3cd92b4d9bf4','DIRECCIN DE REGISTRO ESTATAL DE GASES Y COMPUESTOS DE EFECTO INVERNADERO'),
('8ca0626b-41fb-11ee-a8c9-3cd92b4d9bf4','0','2023-08-23 16:33:00','2023-08-23 15:26:49','1','1','cf961581-41fa-11ee-a8c9-3cd92b4d9bf4','DIRECCIN DE GESTIN INTEGRAL DEL AIRE'),
('8ca062bd-41fb-11ee-a8c9-3cd92b4d9bf4','0','2023-08-23 16:33:00','2023-08-23 15:26:49','1','1','cf961581-41fa-11ee-a8c9-3cd92b4d9bf4','DIRECCIN DE CULTURA Y EDUCACIN AMBIENTAL'),
('8ca0630e-41fb-11ee-a8c9-3cd92b4d9bf4','0','2023-08-23 16:33:00','2023-08-23 15:26:49','1','1','cf9615d9-41fa-11ee-a8c9-3cd92b4d9bf4','DESPACHO DEL C. GOBERNADOR'),
('8ca06360-41fb-11ee-a8c9-3cd92b4d9bf4','0','2023-08-23 16:33:00','2023-08-23 15:26:49','1','1','cf9615d9-41fa-11ee-a8c9-3cd92b4d9bf4','DIRECCIN DE OPERACIONES Y COMUNICACIN SOCIAL'),
('8ca063b0-41fb-11ee-a8c9-3cd92b4d9bf4','0','2023-08-23 16:33:00','2023-08-23 15:26:49','1','1','cf9615d9-41fa-11ee-a8c9-3cd92b4d9bf4','DIRECCIN JURDICA'),
('8ca06400-41fb-11ee-a8c9-3cd92b4d9bf4','0','2023-08-23 16:33:00','2023-08-23 15:26:49','1','1','cf9615d9-41fa-11ee-a8c9-3cd92b4d9bf4','ENLACE DE GESTIN ADMINISTRATIVA'),
('8ca06454-41fb-11ee-a8c9-3cd92b4d9bf4','0','2023-08-23 16:33:00','2023-08-23 15:26:49','1','1','cf9615d9-41fa-11ee-a8c9-3cd92b4d9bf4','DIRECCIN DE PLANEACIN, EVALUACIN E INNOVACIN'),
('8ca064a9-41fb-11ee-a8c9-3cd92b4d9bf4','0','2023-08-23 16:33:00','2023-08-23 15:26:49','1','1','cf9615d9-41fa-11ee-a8c9-3cd92b4d9bf4','SECRETARA TCNICA'),
('8ca064fb-41fb-11ee-a8c9-3cd92b4d9bf4','0','2023-08-23 16:33:00','2023-08-23 15:26:49','1','1','cf9615d9-41fa-11ee-a8c9-3cd92b4d9bf4','SUBSECRETARA DE INCLUSIN SOCIAL Y ATENCIN A GRUPOS VULNERABLES'),
('8ca0654e-41fb-11ee-a8c9-3cd92b4d9bf4','0','2023-08-23 16:33:00','2023-08-23 15:26:49','1','1','cf9615d9-41fa-11ee-a8c9-3cd92b4d9bf4','DIRECCIN DE PROTECCIN SOCIAL Y DESARROLLO HUMANO'),
('8ca0659e-41fb-11ee-a8c9-3cd92b4d9bf4','0','2023-08-23 16:33:00','2023-08-23 15:26:49','1','1','cf9615d9-41fa-11ee-a8c9-3cd92b4d9bf4','DIRECCIN DE INFRAESTRUCTURA SOCIAL'),
('8ca065f3-41fb-11ee-a8c9-3cd92b4d9bf4','0','2023-08-23 16:33:00','2023-08-23 15:26:49','1','1','cf9615d9-41fa-11ee-a8c9-3cd92b4d9bf4','COORDINACIN GENERAL DE LA ESTRATEGIA RUTA DE PROTECCIN SOCIAL PARA LA ATENCIN DE LA POBREZA'),
('8ca0664a-41fb-11ee-a8c9-3cd92b4d9bf4','0','2023-08-23 16:33:00','2023-08-23 15:26:49','1','1','cf9615d9-41fa-11ee-a8c9-3cd92b4d9bf4','SUBSECRETARA DE DESARROLLO INTEGRAL COMUNITARIO'),
('8ca0669a-41fb-11ee-a8c9-3cd92b4d9bf4','0','2023-08-23 16:33:00','2023-08-23 15:26:49','1','1','cf9615d9-41fa-11ee-a8c9-3cd92b4d9bf4','DIRECCIN DE CENTROS COMUNITARIOS'),
('8ca066e9-41fb-11ee-a8c9-3cd92b4d9bf4','0','2023-08-23 16:33:00','2023-08-23 15:26:49','1','1','cf9615d9-41fa-11ee-a8c9-3cd92b4d9bf4','DIRECCIN DE REDES COMUNITARIAS'),
('8ca0673c-41fb-11ee-a8c9-3cd92b4d9bf4','0','2023-08-23 16:33:00','2023-08-23 15:26:49','1','1','cf9615d9-41fa-11ee-a8c9-3cd92b4d9bf4','SUBSECRETARA DE DIVERSIDAD E INCLUSIN SOCIAL'),
('8ca0678b-41fb-11ee-a8c9-3cd92b4d9bf4','0','2023-08-23 16:33:00','2023-08-23 15:26:49','1','1','cf9615d9-41fa-11ee-a8c9-3cd92b4d9bf4','DIRECCIN PARA LA NO DISCRIMINACIN E IGUALDAD'),
('8ca067dc-41fb-11ee-a8c9-3cd92b4d9bf4','0','2023-08-23 16:33:00','2023-08-23 15:26:49','1','1','cf9615d9-41fa-11ee-a8c9-3cd92b4d9bf4','DIRECCIN PARA LA PRIMER INFANCIA'),
('8ca0682d-41fb-11ee-a8c9-3cd92b4d9bf4','0','2023-08-23 16:33:00','2023-08-23 15:26:49','1','1','cf9615d9-41fa-11ee-a8c9-3cd92b4d9bf4','SUBSECRETARA DE VINCULACIN Y ALIANZAS ESTRATGICAS'),
('8ca06881-41fb-11ee-a8c9-3cd92b4d9bf4','0','2023-08-23 16:33:00','2023-08-23 15:26:49','1','1','cf9615d9-41fa-11ee-a8c9-3cd92b4d9bf4','DIRECCIN DE VINCULACIN'),
('8ca068d1-41fb-11ee-a8c9-3cd92b4d9bf4','0','2023-08-23 16:33:00','2023-08-23 15:26:49','1','1','cf9615d9-41fa-11ee-a8c9-3cd92b4d9bf4','DIRECCIN DE ALIANZAS ESTRATGICAS'),
('8ca06921-41fb-11ee-a8c9-3cd92b4d9bf4','0','2023-08-23 16:33:00','2023-08-23 15:26:49','1','1','cf9615d9-41fa-11ee-a8c9-3cd92b4d9bf4','JUNTA DE BENEFICENCIA PRIVADA DEL ESTADO DE NUEVO LEN'),
('8ca0696f-41fb-11ee-a8c9-3cd92b4d9bf4','0','2023-08-23 16:33:00','2023-08-23 15:26:49','1','1','cf9615d9-41fa-11ee-a8c9-3cd92b4d9bf4','SUBSECRETARA DE PREVENCIN Y SEGURIDAD HUMANA'),
('8ca06a39-41fb-11ee-a8c9-3cd92b4d9bf4','0','2023-08-23 16:33:00','2023-08-23 15:26:49','1','1','cf9615d9-41fa-11ee-a8c9-3cd92b4d9bf4','DIRECCIN DE PREVENCIN SOCIAL'),
('8ca06a8f-41fb-11ee-a8c9-3cd92b4d9bf4','0','2023-08-23 16:33:00','2023-08-23 15:26:49','1','1','cf9615d9-41fa-11ee-a8c9-3cd92b4d9bf4','DIRECCIN DE SEGURIDAD HUMANA'),
('8ca06ae1-41fb-11ee-a8c9-3cd92b4d9bf4','0','2023-08-23 16:33:00','2023-08-23 15:26:49','1','1','cf9615d9-41fa-11ee-a8c9-3cd92b4d9bf4','CENTRO DE ATENCIN INTEGRAL PARA ADOLESCENTES (CAIPA)'),
('8ca06b30-41fb-11ee-a8c9-3cd92b4d9bf4','0','2023-08-23 16:33:00','2023-08-23 15:26:49','1','1','cf961631-41fa-11ee-a8c9-3cd92b4d9bf4','DESPACHO DEL C. GOBERNADOR'),
('8ca06b82-41fb-11ee-a8c9-3cd92b4d9bf4','0','2023-08-23 16:33:00','2023-08-23 15:26:49','1','1','cf961631-41fa-11ee-a8c9-3cd92b4d9bf4','ESCUELA NORMAL SUPERIOR'),
('8ca06bd2-41fb-11ee-a8c9-3cd92b4d9bf4','0','2023-08-23 16:33:00','2023-08-23 15:26:49','1','1','cf961631-41fa-11ee-a8c9-3cd92b4d9bf4','DIRECCIN DE EVALUACIN EDUCATIVA'),
('8ca06c26-41fb-11ee-a8c9-3cd92b4d9bf4','0','2023-08-23 16:33:00','2023-08-23 15:26:49','1','1','cf961631-41fa-11ee-a8c9-3cd92b4d9bf4','DIRECCIN DE RELACIONES INTERNACIONALES E IGUALDAD DE GNERO'),
('8ca06c7a-41fb-11ee-a8c9-3cd92b4d9bf4','0','2023-08-23 16:33:00','2023-08-23 15:26:49','1','1','cf961631-41fa-11ee-a8c9-3cd92b4d9bf4','DIRECCIN DE INNOVACIN TECNOLGICA DE LA INFORMACIN Y COMUNICACIN EDUCATIVA'),
('8ca06cd0-41fb-11ee-a8c9-3cd92b4d9bf4','0','2023-08-23 16:33:00','2023-08-23 15:26:49','1','1','cf961631-41fa-11ee-a8c9-3cd92b4d9bf4','DIRECCIN DE UNIDADES REGIONALES'),
('8ca06d22-41fb-11ee-a8c9-3cd92b4d9bf4','0','2023-08-23 16:33:00','2023-08-23 15:26:49','1','1','cf961631-41fa-11ee-a8c9-3cd92b4d9bf4','SUBSECRETARA DE PLANEACIN Y FINANZAS'),
('8ca06d75-41fb-11ee-a8c9-3cd92b4d9bf4','0','2023-08-23 16:33:00','2023-08-23 15:26:49','1','1','cf961631-41fa-11ee-a8c9-3cd92b4d9bf4','SUELDOS Y PRESTACIONES MAGISTERIO'),
('8ca06dc6-41fb-11ee-a8c9-3cd92b4d9bf4','0','2023-08-23 16:33:00','2023-08-23 15:26:49','1','1','cf961631-41fa-11ee-a8c9-3cd92b4d9bf4','DIRECCIN GENERAL DE ADMINISTRACIN Y FINANZAS'),
('8ca06e19-41fb-11ee-a8c9-3cd92b4d9bf4','0','2023-08-23 16:33:00','2023-08-23 15:26:49','1','1','cf961631-41fa-11ee-a8c9-3cd92b4d9bf4','DIRECCIN DE ADMINISTRACIN FINANCIERA Y CONTABILIDAD'),
('8ca06e6a-41fb-11ee-a8c9-3cd92b4d9bf4','0','2023-08-23 16:33:00','2023-08-23 15:26:49','1','1','cf961631-41fa-11ee-a8c9-3cd92b4d9bf4','DIRECCIN GENERAL DE PLANEACIN Y COORDINACIN EDUCATIVA'),
('8ca06eb9-41fb-11ee-a8c9-3cd92b4d9bf4','0','2023-08-23 16:33:00','2023-08-23 15:26:49','1','1','cf961631-41fa-11ee-a8c9-3cd92b4d9bf4','DIRECCIN DE PROGRAMACIN Y PRESUPUESTO'),
('8ca06f0b-41fb-11ee-a8c9-3cd92b4d9bf4','0','2023-08-23 16:33:00','2023-08-23 15:26:49','1','1','cf961631-41fa-11ee-a8c9-3cd92b4d9bf4','COORDINACIN DE ESTADSTICA'),
('8ca06f5d-41fb-11ee-a8c9-3cd92b4d9bf4','0','2023-08-23 16:33:00','2023-08-23 15:26:49','1','1','cf961631-41fa-11ee-a8c9-3cd92b4d9bf4','COORDINACIN OPERATIVA'),
('8ca06faf-41fb-11ee-a8c9-3cd92b4d9bf4','0','2023-08-23 16:33:00','2023-08-23 15:26:49','1','1','cf961631-41fa-11ee-a8c9-3cd92b4d9bf4','DIRECCIN DE PLANEACIN ESTRATGICA Y CALIDAD'),
('8ca06fff-41fb-11ee-a8c9-3cd92b4d9bf4','0','2023-08-23 16:33:00','2023-08-23 15:26:49','1','1','cf961631-41fa-11ee-a8c9-3cd92b4d9bf4','SUBSECRETARA DE EDUCACIN BSICA'),
('8ca07053-41fb-11ee-a8c9-3cd92b4d9bf4','0','2023-08-23 16:33:00','2023-08-23 15:26:49','1','1','cf961631-41fa-11ee-a8c9-3cd92b4d9bf4','FIDEICOMISO 62364 INNOVEC NUEVO LEN'),
('8ca070a7-41fb-11ee-a8c9-3cd92b4d9bf4','0','2023-08-23 16:33:00','2023-08-23 15:26:49','1','1','cf961631-41fa-11ee-a8c9-3cd92b4d9bf4','FIDEICOMISO BP3417 CENDIS'),
('8ca070fa-41fb-11ee-a8c9-3cd92b4d9bf4','0','2023-08-23 16:33:00','2023-08-23 15:26:49','1','1','cf961631-41fa-11ee-a8c9-3cd92b4d9bf4','DIRECCIN DE EDUCACIN PRIMARIA'),
('8ca0714a-41fb-11ee-a8c9-3cd92b4d9bf4','0','2023-08-23 16:33:00','2023-08-23 15:26:49','1','1','cf961631-41fa-11ee-a8c9-3cd92b4d9bf4','DIRECCIN DE EDUCACIN SECUNDARIA'),
('8ca0719a-41fb-11ee-a8c9-3cd92b4d9bf4','0','2023-08-23 16:33:00','2023-08-23 15:26:49','1','1','cf961631-41fa-11ee-a8c9-3cd92b4d9bf4','COORDINACIN DE IDIOMAS'),
('8ca071ef-41fb-11ee-a8c9-3cd92b4d9bf4','0','2023-08-23 16:33:00','2023-08-23 15:26:49','1','1','cf961631-41fa-11ee-a8c9-3cd92b4d9bf4','DIRECCIN DE EDUCACIN FSICA Y DEPORTES'),
('8ca07241-41fb-11ee-a8c9-3cd92b4d9bf4','0','2023-08-23 16:33:00','2023-08-23 15:26:49','1','1','cf961631-41fa-11ee-a8c9-3cd92b4d9bf4','DIRECCIN DE EDUCACIN EXTRAESCOLAR'),
('8ca07291-41fb-11ee-a8c9-3cd92b4d9bf4','0','2023-08-23 16:33:00','2023-08-23 15:26:49','1','1','cf961631-41fa-11ee-a8c9-3cd92b4d9bf4','DIRECCIN DE PARTICIPACIN SOCIAL'),
('8ca072e3-41fb-11ee-a8c9-3cd92b4d9bf4','0','2023-08-23 16:33:00','2023-08-23 15:26:49','1','1','cf961631-41fa-11ee-a8c9-3cd92b4d9bf4','DIRECCIN GENERAL DE EDUCACIN INCLUSIVA'),
('8ca07338-41fb-11ee-a8c9-3cd92b4d9bf4','0','2023-08-23 16:33:00','2023-08-23 15:26:49','1','1','cf961631-41fa-11ee-a8c9-3cd92b4d9bf4','DIRECCIN DE EDUCACIN ESPECIAL'),
('8ca07389-41fb-11ee-a8c9-3cd92b4d9bf4','0','2023-08-23 16:33:00','2023-08-23 15:26:49','1','1','cf961631-41fa-11ee-a8c9-3cd92b4d9bf4','DIRECCIN DE PRIMERA INFANCIA'),
('8ca073db-41fb-11ee-a8c9-3cd92b4d9bf4','0','2023-08-23 16:33:00','2023-08-23 15:26:49','1','1','cf961631-41fa-11ee-a8c9-3cd92b4d9bf4','DIRECCIN DE ESCUELAS PARTICULARES'),
('8ca0742b-41fb-11ee-a8c9-3cd92b4d9bf4','0','2023-08-23 16:33:00','2023-08-23 15:26:49','1','1','cf961631-41fa-11ee-a8c9-3cd92b4d9bf4','COORDINACIN DE ACREDITACIN, CERTIFICACIN Y CONTROL ESCOLAR DE EDUCACIN BSICA'),
('8ca184fa-41fb-11ee-a8c9-3cd92b4d9bf4','0','2023-08-23 16:33:00','2023-08-23 15:26:49','1','1','cf961631-41fa-11ee-a8c9-3cd92b4d9bf4','SUBSECRETARA DE DESARROLLO MAGISTERIAL'),
('8ca185a0-41fb-11ee-a8c9-3cd92b4d9bf4','0','2023-08-23 16:33:00','2023-08-23 15:26:49','1','1','cf961631-41fa-11ee-a8c9-3cd92b4d9bf4','COORDINACIN DEL SISTEMA ESTATAL DE EDUCACIN PARA ADULTOS'),
('8ca18602-41fb-11ee-a8c9-3cd92b4d9bf4','0','2023-08-23 16:33:00','2023-08-23 15:26:49','1','1','cf961631-41fa-11ee-a8c9-3cd92b4d9bf4','DIRECCIN DE DESARROLLO INSTITUCIONAL'),
('8ca1865c-41fb-11ee-a8c9-3cd92b4d9bf4','0','2023-08-23 16:33:00','2023-08-23 15:26:49','1','1','cf961631-41fa-11ee-a8c9-3cd92b4d9bf4','DIRECCIN DE DESARROLLO ACADMICO'),
('8ca186b8-41fb-11ee-a8c9-3cd92b4d9bf4','0','2023-08-23 16:33:00','2023-08-23 15:26:49','1','1','cf961631-41fa-11ee-a8c9-3cd92b4d9bf4','COORDINACIN DE ACREDITACIN, CERTIFICACIN Y CONTROL ESCOLAR DE INSTITUCIONES FORMADORAS DE DOCENTES'),
('8ca18714-41fb-11ee-a8c9-3cd92b4d9bf4','0','2023-08-23 16:33:00','2023-08-23 15:26:49','1','1','cf961631-41fa-11ee-a8c9-3cd92b4d9bf4','SUBSECRETARA DE EDUCACIN MEDIA SUPERIOR Y SUPERIOR'),
('8ca1876b-41fb-11ee-a8c9-3cd92b4d9bf4','0','2023-08-23 16:33:00','2023-08-23 15:26:49','1','1','cf961631-41fa-11ee-a8c9-3cd92b4d9bf4','DIRECCIN DE EDUCACIN SUPERIOR'),
('8ca187c7-41fb-11ee-a8c9-3cd92b4d9bf4','0','2023-08-23 16:33:00','2023-08-23 15:26:49','1','1','cf961631-41fa-11ee-a8c9-3cd92b4d9bf4','DIRECCIN DE EDUCACIN MEDIA SUPERIOR'),
('8ca1881c-41fb-11ee-a8c9-3cd92b4d9bf4','0','2023-08-23 16:33:00','2023-08-23 15:26:49','1','1','cf961631-41fa-11ee-a8c9-3cd92b4d9bf4','COORDINACIN DE INNOVACIN Y CALIDAD EDUCATIVA'),
('8ca18871-41fb-11ee-a8c9-3cd92b4d9bf4','0','2023-08-23 16:33:00','2023-08-23 15:26:49','1','1','cf961631-41fa-11ee-a8c9-3cd92b4d9bf4','COORDINACIN DE MONITOREO Y DESARROLLO EDUCATIVO'),
('8ca188c5-41fb-11ee-a8c9-3cd92b4d9bf4','0','2023-08-23 16:33:00','2023-08-23 15:26:49','1','1','cf961631-41fa-11ee-a8c9-3cd92b4d9bf4','COORDINACIN DE ACREDITACIN, CERTIFICACIN Y CONTROL ESCOLAR DE EDUCACIN MEDIA SUPERIOR Y SUPERIOR'),
('8ca1891d-41fb-11ee-a8c9-3cd92b4d9bf4','0','2023-08-23 16:33:00','2023-08-23 15:26:49','1','1','cf961631-41fa-11ee-a8c9-3cd92b4d9bf4','COORDINACIN DEL INSTITUTO DE SALUD MENTAL'),
('8ca18972-41fb-11ee-a8c9-3cd92b4d9bf4','0','2023-08-23 16:33:00','2023-08-23 15:26:49','1','1','cf961631-41fa-11ee-a8c9-3cd92b4d9bf4','UNIVERSIDAD CIUDADANA'),
('8ca189c6-41fb-11ee-a8c9-3cd92b4d9bf4','0','2023-08-23 16:33:00','2023-08-23 15:26:49','1','1','cf961631-41fa-11ee-a8c9-3cd92b4d9bf4','DIRECCIN GENERAL DE GESTIN Y PROYECTOS ESTRATGICOS'),
('8ca18a19-41fb-11ee-a8c9-3cd92b4d9bf4','0','2023-08-23 16:33:00','2023-08-23 15:26:49','1','1','cf961631-41fa-11ee-a8c9-3cd92b4d9bf4','DIRECCIN DE CONTROL DE GESTIN'),
('8ca18a6f-41fb-11ee-a8c9-3cd92b4d9bf4','0','2023-08-23 16:33:00','2023-08-23 15:26:49','1','1','cf961631-41fa-11ee-a8c9-3cd92b4d9bf4','DIRECCIN DEL CENTRO ESTATAL DE BECAS'),
('8ca18ac2-41fb-11ee-a8c9-3cd92b4d9bf4','0','2023-08-23 16:33:00','2023-08-23 15:26:49','1','1','cf961631-41fa-11ee-a8c9-3cd92b4d9bf4','COORDINACIN DE ORGANISMOS DESCENTRALIZADOS Y DESCONCENTRADOS'),
('8ca18b15-41fb-11ee-a8c9-3cd92b4d9bf4','0','2023-08-23 16:33:00','2023-08-23 15:26:49','1','1','cf961631-41fa-11ee-a8c9-3cd92b4d9bf4','SECRETARA TCNICA'),
('8ca18b67-41fb-11ee-a8c9-3cd92b4d9bf4','0','2023-08-23 16:33:00','2023-08-23 15:26:49','1','1','cf961631-41fa-11ee-a8c9-3cd92b4d9bf4','DIRECCIN DE COMUNICACIN Y PRENSA'),
('8ca18bbe-41fb-11ee-a8c9-3cd92b4d9bf4','0','2023-08-23 16:33:00','2023-08-23 15:26:49','1','1','cf961631-41fa-11ee-a8c9-3cd92b4d9bf4','DIRECCIN DE RECURSOS MATERIALES Y DE SERVICIOS'),
('8ca18c12-41fb-11ee-a8c9-3cd92b4d9bf4','0','2023-08-23 16:33:00','2023-08-23 15:26:49','1','1','cf961631-41fa-11ee-a8c9-3cd92b4d9bf4','DIRECCIN JURDICA'),
('8ca18c64-41fb-11ee-a8c9-3cd92b4d9bf4','0','2023-08-23 16:33:00','2023-08-23 15:26:49','1','1','cf961631-41fa-11ee-a8c9-3cd92b4d9bf4','SUBSECRETARA DE RECURSOS HUMANOS'),
('8ca18cb6-41fb-11ee-a8c9-3cd92b4d9bf4','0','2023-08-23 16:33:00','2023-08-23 15:26:49','1','1','cf961631-41fa-11ee-a8c9-3cd92b4d9bf4','DIRECCIN DE SELECCIN Y CONTRATACIN'),
('8ca18d0c-41fb-11ee-a8c9-3cd92b4d9bf4','0','2023-08-23 16:33:00','2023-08-23 15:26:49','1','1','cf961631-41fa-11ee-a8c9-3cd92b4d9bf4','DIRECCIN DE NMINAS Y PRESTACIONES'),
('8ca18d61-41fb-11ee-a8c9-3cd92b4d9bf4','0','2023-08-23 16:33:00','2023-08-23 15:26:49','1','1','cf961631-41fa-11ee-a8c9-3cd92b4d9bf4','DIRECCIN DE RELACIONES LABORALES'),
('8ca18db4-41fb-11ee-a8c9-3cd92b4d9bf4','0','2023-08-23 16:33:00','2023-08-23 15:26:49','1','1','cf961631-41fa-11ee-a8c9-3cd92b4d9bf4','DIRECCIN DE DESARROLLO ORGANIZACIONAL'),
('8ca18e08-41fb-11ee-a8c9-3cd92b4d9bf4','0','2023-08-23 16:33:00','2023-08-23 15:26:49','1','1','cf961631-41fa-11ee-a8c9-3cd92b4d9bf4','COORDINACIN ESTATAL DE LA UNIDAD DEL SISTEMA PARA LA CARRERA DE LAS MAESTRAS Y LOS MAESTROS'),
('8ca18e61-41fb-11ee-a8c9-3cd92b4d9bf4','0','2023-08-23 16:33:00','2023-08-23 15:26:49','1','1','cf961687-41fa-11ee-a8c9-3cd92b4d9bf4','DESPACHO DEL C. GOBERNADOR'),
('8ca18eb3-41fb-11ee-a8c9-3cd92b4d9bf4','0','2023-08-23 16:33:00','2023-08-23 15:26:49','1','1','cf961687-41fa-11ee-a8c9-3cd92b4d9bf4','DIRECCIN DE SALUD MENTAL Y ADICCIONES'),
('8ca18f06-41fb-11ee-a8c9-3cd92b4d9bf4','0','2023-08-23 16:33:00','2023-08-23 15:26:49','1','1','cf961687-41fa-11ee-a8c9-3cd92b4d9bf4','SUBSECRETARA DE PREVENCIN Y CONTROL DE ENFERMEDADES'),
('8ca18f57-41fb-11ee-a8c9-3cd92b4d9bf4','0','2023-08-23 16:33:00','2023-08-23 15:26:49','1','1','cf961687-41fa-11ee-a8c9-3cd92b4d9bf4','DIRECCIN DE SALUD PBLICA'),
('8ca18fae-41fb-11ee-a8c9-3cd92b4d9bf4','0','2023-08-23 16:33:00','2023-08-23 15:26:49','1','1','cf961687-41fa-11ee-a8c9-3cd92b4d9bf4','SUBSECRETARA DE REGULACIN Y FOMENTO SANITARIO'),
('8ca19001-41fb-11ee-a8c9-3cd92b4d9bf4','0','2023-08-23 16:33:00','2023-08-23 15:26:49','1','1','cf961687-41fa-11ee-a8c9-3cd92b4d9bf4','COMISIN ESTATAL DE ARBITRAJE MDICO (COESAMED)'),
('8ca19052-41fb-11ee-a8c9-3cd92b4d9bf4','0','2023-08-23 16:33:00','2023-08-23 15:26:49','1','1','cf9616e1-41fa-11ee-a8c9-3cd92b4d9bf4','DESPACHO DEL C. GOBERNADOR'),
('8ca190a2-41fb-11ee-a8c9-3cd92b4d9bf4','0','2023-08-23 16:33:00','2023-08-23 15:26:49','1','1','cf9616e1-41fa-11ee-a8c9-3cd92b4d9bf4','SECRETARA TCNICA'),
('8ca190f6-41fb-11ee-a8c9-3cd92b4d9bf4','0','2023-08-23 16:33:00','2023-08-23 15:26:49','1','1','cf9616e1-41fa-11ee-a8c9-3cd92b4d9bf4','DIRECCIN DE ASUNTOS JURDICOS'),
('8ca1914a-41fb-11ee-a8c9-3cd92b4d9bf4','0','2023-08-23 16:33:00','2023-08-23 15:26:49','1','1','cf9616e1-41fa-11ee-a8c9-3cd92b4d9bf4','DIRECCIN ADMINISTRATIVA'),
('8ca1919e-41fb-11ee-a8c9-3cd92b4d9bf4','0','2023-08-23 16:33:00','2023-08-23 15:26:49','1','1','cf9616e1-41fa-11ee-a8c9-3cd92b4d9bf4','UNIDAD DE ENLACE DE COMUNICACIN SOCIAL'),
('8ca191f0-41fb-11ee-a8c9-3cd92b4d9bf4','0','2023-08-23 16:33:00','2023-08-23 15:26:49','1','1','cf9616e1-41fa-11ee-a8c9-3cd92b4d9bf4','SUBSECRETARA DE INNOVACIN Y SOSTENIBILIDAD'),
('8ca19246-41fb-11ee-a8c9-3cd92b4d9bf4','0','2023-08-23 16:33:00','2023-08-23 15:26:49','1','1','cf9616e1-41fa-11ee-a8c9-3cd92b4d9bf4','DIRECCIN DE INTELIGENCIA SOCIAL Y SISTEMA MULTIFUENTE'),
('8ca19298-41fb-11ee-a8c9-3cd92b4d9bf4','0','2023-08-23 16:33:00','2023-08-23 15:26:49','1','1','cf9616e1-41fa-11ee-a8c9-3cd92b4d9bf4','SUBSECRETARA DE PROTECCIN INTEGRAL'),
('8ca192e8-41fb-11ee-a8c9-3cd92b4d9bf4','0','2023-08-23 16:33:00','2023-08-23 15:26:49','1','1','cf9616e1-41fa-11ee-a8c9-3cd92b4d9bf4','DIRECCIN DE SERVICIOS ESENCIALES'),
('8ca19339-41fb-11ee-a8c9-3cd92b4d9bf4','0','2023-08-23 16:33:00','2023-08-23 15:26:49','1','1','cf9616e1-41fa-11ee-a8c9-3cd92b4d9bf4','DIRECCIN DE CONSTRUCCIN COMUNITARIA Y CORRESPONSABILIDAD SOCIAL'),
('8ca1938d-41fb-11ee-a8c9-3cd92b4d9bf4','0','2023-08-23 16:33:00','2023-08-23 15:26:49','1','1','cf961738-41fa-11ee-a8c9-3cd92b4d9bf4','DESPACHO DEL C. GOBERNADOR'),
('8ca193e0-41fb-11ee-a8c9-3cd92b4d9bf4','0','2023-08-23 16:33:00','2023-08-23 15:26:49','1','1','cf961738-41fa-11ee-a8c9-3cd92b4d9bf4','SECRETARA TECNICA'),
('8ca19431-41fb-11ee-a8c9-3cd92b4d9bf4','0','2023-08-23 16:33:00','2023-08-23 15:26:49','1','1','cf961738-41fa-11ee-a8c9-3cd92b4d9bf4','DIRECCIN ADMINISTRATIVA'),
('8ca19482-41fb-11ee-a8c9-3cd92b4d9bf4','0','2023-08-23 16:33:00','2023-08-23 15:26:49','1','1','cf961738-41fa-11ee-a8c9-3cd92b4d9bf4','COORDINACIN JURDICA'),
('8ca194d6-41fb-11ee-a8c9-3cd92b4d9bf4','0','2023-08-23 16:33:00','2023-08-23 15:26:49','1','1','cf961738-41fa-11ee-a8c9-3cd92b4d9bf4','SUBSECRETARA DE DESARROLLO CREATIVO'),
('8ca19529-41fb-11ee-a8c9-3cd92b4d9bf4','0','2023-08-23 16:33:00','2023-08-23 15:26:49','1','1','cf961738-41fa-11ee-a8c9-3cd92b4d9bf4','DIRECCIN DE ARTE Y CREATIVIDAD'),
('8ca1957a-41fb-11ee-a8c9-3cd92b4d9bf4','0','2023-08-23 16:33:00','2023-08-23 15:26:49','1','1','cf961738-41fa-11ee-a8c9-3cd92b4d9bf4','SUBSECRETARA DE PARTICIPACIN Y DIVERSIDAD CULTURAL'),
('8ca195c9-41fb-11ee-a8c9-3cd92b4d9bf4','0','2023-08-23 16:33:00','2023-08-23 15:26:49','1','1','cf961738-41fa-11ee-a8c9-3cd92b4d9bf4','DIRECCIN DE CULTURAS COMUNITARIAS Y MUNICIPALES'),
('8ca1961d-41fb-11ee-a8c9-3cd92b4d9bf4','0','2023-08-23 16:33:00','2023-08-23 15:26:49','1','1','cf96178e-41fa-11ee-a8c9-3cd92b4d9bf4','JUNTA LOCAL DE CONCILIACIN Y ARBITRAJE'),
('8ca19671-41fb-11ee-a8c9-3cd92b4d9bf4','0','2023-08-23 16:33:00','2023-08-23 15:26:49','1','1','cf9617e5-41fa-11ee-a8c9-3cd92b4d9bf4','TRIBUNAL DE JUSTICIA ADMINISTRATIVA'),
('8ca196c2-41fb-11ee-a8c9-3cd92b4d9bf4','0','2023-08-23 16:33:00','2023-08-23 15:26:49','1','1','cf9618ae-41fa-11ee-a8c9-3cd92b4d9bf4','TRIBUNAL DE ARBITRAJE'),
('8ca19713-41fb-11ee-a8c9-3cd92b4d9bf4','0','2023-08-23 16:33:00','2023-08-23 15:26:49','1','1','cf961912-41fa-11ee-a8c9-3cd92b4d9bf4','H. CONGRESO DEL ESTADO'),
('8ca19766-41fb-11ee-a8c9-3cd92b4d9bf4','0','2023-08-23 16:33:00','2023-08-23 15:26:49','1','1','cf961912-41fa-11ee-a8c9-3cd92b4d9bf4','AUDITORA SUPERIOR DEL ESTADO'),
('8ca197b6-41fb-11ee-a8c9-3cd92b4d9bf4','0','2023-08-23 16:33:00','2023-08-23 15:26:49','1','1','cf961912-41fa-11ee-a8c9-3cd92b4d9bf4','PODER JUDICIAL'),
('8ca19805-41fb-11ee-a8c9-3cd92b4d9bf4','0','2023-08-23 16:33:00','2023-08-23 15:26:49','1','1','cf96196d-41fa-11ee-a8c9-3cd92b4d9bf4','UNIVERSIDAD AUTNOMA DE NUEVO LEN'),
('8ca19852-41fb-11ee-a8c9-3cd92b4d9bf4','0','2023-08-23 16:33:00','2023-08-23 15:26:49','1','1','cf96196d-41fa-11ee-a8c9-3cd92b4d9bf4','HOSPITAL UNIVERSITARIO'),
('8ca198a3-41fb-11ee-a8c9-3cd92b4d9bf4','0','2023-08-23 16:33:00','2023-08-23 15:26:49','1','1','cf96196d-41fa-11ee-a8c9-3cd92b4d9bf4','SERVICIOS DE SALUD'),
('8ca198f3-41fb-11ee-a8c9-3cd92b4d9bf4','0','2023-08-23 16:33:00','2023-08-23 15:26:49','1','1','cf96196d-41fa-11ee-a8c9-3cd92b4d9bf4','SISTEMA PARA EL DESARROLLO INTEGRAL DE LA FAMILIA (DIF)'),
('8ca19943-41fb-11ee-a8c9-3cd92b4d9bf4','0','2023-08-23 16:33:00','2023-08-23 15:26:49','1','1','cf96196d-41fa-11ee-a8c9-3cd92b4d9bf4','COMISIN ESTATAL DE LOS DERECHOS HUMANOS (CEDH)'),
('8ca19993-41fb-11ee-a8c9-3cd92b4d9bf4','0','2023-08-23 16:33:00','2023-08-23 15:26:49','1','1','cf96196d-41fa-11ee-a8c9-3cd92b4d9bf4','COLEGIO DE ESTUDIOS CIENTFICOS Y TECNOLGICOS (CECYTE)'),
('8ca199e7-41fb-11ee-a8c9-3cd92b4d9bf4','0','2023-08-23 16:33:00','2023-08-23 15:26:49','1','1','cf96196d-41fa-11ee-a8c9-3cd92b4d9bf4','FIDEICOMISO VIDA SILVESTRE DE NUEVO LEN'),
('8ca19a38-41fb-11ee-a8c9-3cd92b4d9bf4','0','2023-08-23 16:33:00','2023-08-23 15:26:49','1','1','cf96196d-41fa-11ee-a8c9-3cd92b4d9bf4','MUSEO DE HISTORIA MEXICANA'),
('8ca19a88-41fb-11ee-a8c9-3cd92b4d9bf4','0','2023-08-23 16:33:00','2023-08-23 15:26:49','1','1','cf96196d-41fa-11ee-a8c9-3cd92b4d9bf4','CONSEJO PARA LA CULTURA Y LAS ARTES (CONARTE)'),
('8ca19ad9-41fb-11ee-a8c9-3cd92b4d9bf4','0','2023-08-23 16:33:00','2023-08-23 15:26:49','1','1','cf96196d-41fa-11ee-a8c9-3cd92b4d9bf4','SISTEMA DE CAMINOS'),
('8ca19b2c-41fb-11ee-a8c9-3cd92b4d9bf4','0','2023-08-23 16:33:00','2023-08-23 15:26:49','1','1','cf96196d-41fa-11ee-a8c9-3cd92b4d9bf4','FIDEICOMISO PARA LA REORDENACIN COMERCIAL (FIRECOM)'),
('8ca19b7e-41fb-11ee-a8c9-3cd92b4d9bf4','0','2023-08-23 16:33:00','2023-08-23 15:26:49','1','1','cf96196d-41fa-11ee-a8c9-3cd92b4d9bf4','SISTEMA DE TRANSPORTE COLECTIVO METRORREY'),
('8ca19bd0-41fb-11ee-a8c9-3cd92b4d9bf4','0','2023-08-23 16:33:00','2023-08-23 15:26:49','1','1','cf96196d-41fa-11ee-a8c9-3cd92b4d9bf4','FIDEICOMISO TURISMO NUEVO LEN'),
('8ca19c22-41fb-11ee-a8c9-3cd92b4d9bf4','0','2023-08-23 16:33:00','2023-08-23 15:26:49','1','1','cf96196d-41fa-11ee-a8c9-3cd92b4d9bf4','INSTITUTO DE CAPACITACIN Y EDUCACIN PARA EL TRABAJO (ICET)'),
('8ca19c78-41fb-11ee-a8c9-3cd92b4d9bf4','0','2023-08-23 16:33:00','2023-08-23 15:26:49','1','1','cf96196d-41fa-11ee-a8c9-3cd92b4d9bf4','PROMOTORA DE DESARROLLO RURAL (PRODERLEN)'),
('8ca19cc8-41fb-11ee-a8c9-3cd92b4d9bf4','0','2023-08-23 16:33:00','2023-08-23 15:26:49','1','1','cf96196d-41fa-11ee-a8c9-3cd92b4d9bf4','UNIVERSIDAD TECNOLGICA GRAL. MARIANO ESCOBEDO'),
('8ca19d19-41fb-11ee-a8c9-3cd92b4d9bf4','0','2023-08-23 16:33:00','2023-08-23 15:26:49','1','1','cf96196d-41fa-11ee-a8c9-3cd92b4d9bf4','PARQUE FUNDIDORA'),
('8ca19d6a-41fb-11ee-a8c9-3cd92b4d9bf4','0','2023-08-23 16:33:00','2023-08-23 15:26:49','1','1','cf96196d-41fa-11ee-a8c9-3cd92b4d9bf4','COLEGIO DE EDUCACIN PROFESIONAL TCNICA DE NUEVO LEN (CONALEP)'),
('8ca19dbf-41fb-11ee-a8c9-3cd92b4d9bf4','0','2023-08-23 16:33:00','2023-08-23 15:26:49','1','1','cf96196d-41fa-11ee-a8c9-3cd92b4d9bf4','INSTITUTO CONSTRUCTOR DE INFRAESTRUCTURA FISICA, EDUCATIVA Y DEPORTIVA DE N.L.'),
('8ca19e2b-41fb-11ee-a8c9-3cd92b4d9bf4','0','2023-08-23 16:33:00','2023-08-23 15:26:49','1','1','cf96196d-41fa-11ee-a8c9-3cd92b4d9bf4','UNIVERSIDAD TECNOLGICA SANTA CATARINA'),
('8ca19e82-41fb-11ee-a8c9-3cd92b4d9bf4','0','2023-08-23 16:33:00','2023-08-23 15:26:49','1','1','cf96196d-41fa-11ee-a8c9-3cd92b4d9bf4','UNIDAD DE INTEGRACIN EDUCATIVA'),
('8ca19ed6-41fb-11ee-a8c9-3cd92b4d9bf4','0','2023-08-23 16:33:00','2023-08-23 15:26:49','1','1','cf96196d-41fa-11ee-a8c9-3cd92b4d9bf4','FIDEICOMISO SISTEMA INTEGRAL DE TRNSITO METROPOLITANO (SINTRAM)'),
('8ca19f2b-41fb-11ee-a8c9-3cd92b4d9bf4','0','2023-08-23 16:33:00','2023-08-23 15:26:49','1','1','cf96196d-41fa-11ee-a8c9-3cd92b4d9bf4','INSTITUTO ESTATAL DE TRANSPARENCIA, ACCESO A LA INFORMACIN Y PROTECCIN DE DATOS PERSONALES'),
('8ca19f7f-41fb-11ee-a8c9-3cd92b4d9bf4','0','2023-08-23 16:33:00','2023-08-23 15:26:49','1','1','cf96196d-41fa-11ee-a8c9-3cd92b4d9bf4','OPERADORA DE SERVICIOS TURSTICOS DE NUEVO LEN'),
('8ca19fd1-41fb-11ee-a8c9-3cd92b4d9bf4','0','2023-08-23 16:33:00','2023-08-23 15:26:49','1','1','cf96196d-41fa-11ee-a8c9-3cd92b4d9bf4','UNIVERSIDAD TECNOLGICA CADEREYTA'),
('8ca1a021-41fb-11ee-a8c9-3cd92b4d9bf4','0','2023-08-23 16:33:00','2023-08-23 15:26:49','1','1','cf96196d-41fa-11ee-a8c9-3cd92b4d9bf4','UNIVERSIDAD TECNOLGICA LINARES'),
('8ca1a075-41fb-11ee-a8c9-3cd92b4d9bf4','0','2023-08-23 16:33:00','2023-08-23 15:26:49','1','1','cf96196d-41fa-11ee-a8c9-3cd92b4d9bf4','CORPORACIN PARA EL DESARROLLO TURSTICO DE NUEVO LEN'),
('8ca1a0c7-41fb-11ee-a8c9-3cd92b4d9bf4','0','2023-08-23 16:33:00','2023-08-23 15:26:49','1','1','cf96196d-41fa-11ee-a8c9-3cd92b4d9bf4','INSTITUTO ESTATAL DE LAS MUJERES'),
('8ca1a117-41fb-11ee-a8c9-3cd92b4d9bf4','0','2023-08-23 16:33:00','2023-08-23 15:26:49','1','1','cf96196d-41fa-11ee-a8c9-3cd92b4d9bf4','INSTITUTO DE LA VIVIENDA DE NUEVO LEN'),
('8ca1a167-41fb-11ee-a8c9-3cd92b4d9bf4','0','2023-08-23 16:33:00','2023-08-23 15:26:49','1','1','cf96196d-41fa-11ee-a8c9-3cd92b4d9bf4','INSTITUTO ESTATAL DE CULTURA FSICA Y DEPORTE'),
('8ca1a1bd-41fb-11ee-a8c9-3cd92b4d9bf4','0','2023-08-23 16:33:00','2023-08-23 15:26:49','1','1','cf96196d-41fa-11ee-a8c9-3cd92b4d9bf4','INSTITUTO ESTATAL DE LA JUVENTUD'),
('8ca1a283-41fb-11ee-a8c9-3cd92b4d9bf4','0','2023-08-23 16:33:00','2023-08-23 15:26:49','1','1','cf96196d-41fa-11ee-a8c9-3cd92b4d9bf4','INSTITUTO DE INNOVACIN Y TRANSFERENCIA DE TECNOLOGA'),
('8ca1a2e0-41fb-11ee-a8c9-3cd92b4d9bf4','0','2023-08-23 16:33:00','2023-08-23 15:26:49','1','1','cf96196d-41fa-11ee-a8c9-3cd92b4d9bf4','FIDEICOMISO PARA EL DESARROLLO DE LA ZONA CITRCOLA (FIDECITRUS)'),
('8ca1a333-41fb-11ee-a8c9-3cd92b4d9bf4','0','2023-08-23 16:33:00','2023-08-23 15:26:49','1','1','cf96196d-41fa-11ee-a8c9-3cd92b4d9bf4','FIDEICOMISO FONDO EDITORIAL DE NUEVO LEN'),
('8ca1a38a-41fb-11ee-a8c9-3cd92b4d9bf4','0','2023-08-23 16:33:00','2023-08-23 15:26:49','1','1','cf96196d-41fa-11ee-a8c9-3cd92b4d9bf4','PARQUES Y VIDA SILVESTRE DE NUEVO LEN'),
('8ca1a3de-41fb-11ee-a8c9-3cd92b4d9bf4','0','2023-08-23 16:33:00','2023-08-23 15:26:49','1','1','cf96196d-41fa-11ee-a8c9-3cd92b4d9bf4','CONSEJO ESTATAL PARA LA PROMOCIN DE VALORES Y CULTURA DE LA LEGALIDAD'),
('8ca1a431-41fb-11ee-a8c9-3cd92b4d9bf4','0','2023-08-23 16:33:00','2023-08-23 15:26:49','1','1','cf96196d-41fa-11ee-a8c9-3cd92b4d9bf4','INSTITUTO ESTATAL ELECTORAL Y DE PARTICIPACIN CIUDADANA'),
('8ca1a482-41fb-11ee-a8c9-3cd92b4d9bf4','0','2023-08-23 16:33:00','2023-08-23 15:26:49','1','1','cf96196d-41fa-11ee-a8c9-3cd92b4d9bf4','TRIBUNAL ELECTORAL DEL ESTADO'),
('8ca1a4d5-41fb-11ee-a8c9-3cd92b4d9bf4','0','2023-08-23 16:33:00','2023-08-23 15:26:49','1','1','cf96196d-41fa-11ee-a8c9-3cd92b4d9bf4','FISCALA GENERAL DE JUSTICIA'),
('8ca1a527-41fb-11ee-a8c9-3cd92b4d9bf4','0','2023-08-23 16:33:00','2023-08-23 15:26:49','1','1','cf96196d-41fa-11ee-a8c9-3cd92b4d9bf4','SERVICIOS DE AGUA Y DRENAJE DE MONTERREY'),
('8ca1a578-41fb-11ee-a8c9-3cd92b4d9bf4','0','2023-08-23 16:33:00','2023-08-23 15:26:49','1','1','cf96196d-41fa-11ee-a8c9-3cd92b4d9bf4','FIDEICOMISO FESTIVAL INTERNACIONAL DE SANTA LUCA'),
('8ca1a5c9-41fb-11ee-a8c9-3cd92b4d9bf4','0','2023-08-23 16:33:00','2023-08-23 15:26:49','1','1','cf96196d-41fa-11ee-a8c9-3cd92b4d9bf4','CORPORACIN PARA EL DESARROLLO DE LA ZONA FRONTERIZA DE NUEVO LEN'),
('8ca1a61d-41fb-11ee-a8c9-3cd92b4d9bf4','0','2023-08-23 16:33:00','2023-08-23 15:26:49','1','1','cf96196d-41fa-11ee-a8c9-3cd92b4d9bf4','INSTITUTO ESTATAL DE SEGURIDAD PBLICA'),
('8ca1a671-41fb-11ee-a8c9-3cd92b4d9bf4','0','2023-08-23 16:33:00','2023-08-23 15:26:49','1','1','cf96196d-41fa-11ee-a8c9-3cd92b4d9bf4','INSTITUTO DE DEFENSORIA PBLICA DE NUEVO LEN'),
('8ca1a6c5-41fb-11ee-a8c9-3cd92b4d9bf4','0','2023-08-23 16:33:00','2023-08-23 15:26:49','1','1','cf96196d-41fa-11ee-a8c9-3cd92b4d9bf4','UNIVERSIDAD POLITCNICA DE APODACA'),
('8ca1a717-41fb-11ee-a8c9-3cd92b4d9bf4','0','2023-08-23 16:33:00','2023-08-23 15:26:49','1','1','cf96196d-41fa-11ee-a8c9-3cd92b4d9bf4','INSTITUTO DE CONTROL VEHICULAR'),
('8ca1a76d-41fb-11ee-a8c9-3cd92b4d9bf4','0','2023-08-23 16:33:00','2023-08-23 15:26:49','1','1','cf96196d-41fa-11ee-a8c9-3cd92b4d9bf4','INSTITUTO DE SEGURIDAD Y SERVICIOS SOCIALES DE LOS TRABAJADORES DEL ESTADO DE NUEVO LEN'),
('8ca1a7c3-41fb-11ee-a8c9-3cd92b4d9bf4','0','2023-08-23 16:33:00','2023-08-23 15:26:49','1','1','cf96196d-41fa-11ee-a8c9-3cd92b4d9bf4','INSTITUTO DEL AGUA DEL ESTADO DE NUEVO LEN'),
('8ca1a819-41fb-11ee-a8c9-3cd92b4d9bf4','0','2023-08-23 16:33:00','2023-08-23 15:26:49','1','1','cf96196d-41fa-11ee-a8c9-3cd92b4d9bf4','FIDEICOMISO PARA EL DESARROLLO DEL SUR DEL ESTADO DE NUEVO LEN (FIDESUR)'),
('8ca1a86f-41fb-11ee-a8c9-3cd92b4d9bf4','0','2023-08-23 16:33:00','2023-08-23 15:26:49','1','1','cf96196d-41fa-11ee-a8c9-3cd92b4d9bf4','INSTITUTO DE INVESTIGACIN, INNOVACIN Y ESTUDIOS DE POSGRADO PARA LA EDUCACIN DE NUEVO LEN'),
('8ca1a8c7-41fb-11ee-a8c9-3cd92b4d9bf4','0','2023-08-23 16:33:00','2023-08-23 15:26:49','1','1','cf96196d-41fa-11ee-a8c9-3cd92b4d9bf4','INSTITUTO REGISTRAL Y CATASTRAL DEL ESTADO DE NUEVO LEN'),
('8ca1a91b-41fb-11ee-a8c9-3cd92b4d9bf4','0','2023-08-23 16:33:00','2023-08-23 15:26:49','1','1','cf96196d-41fa-11ee-a8c9-3cd92b4d9bf4','UNIVERSIDAD DE CIENCIAS DE LA SEGURIDAD'),
('8ca1a96e-41fb-11ee-a8c9-3cd92b4d9bf4','0','2023-08-23 16:33:00','2023-08-23 15:26:49','1','1','cf96196d-41fa-11ee-a8c9-3cd92b4d9bf4','UNIVERSIDAD POLITCNICA DE GARCA'),
('8ca1a9c1-41fb-11ee-a8c9-3cd92b4d9bf4','0','2023-08-23 16:33:00','2023-08-23 15:26:49','1','1','cf96196d-41fa-11ee-a8c9-3cd92b4d9bf4','SISTEMA DE RADIO Y TELEVISIN DE NUEVO LEN'),
('8ca1aa15-41fb-11ee-a8c9-3cd92b4d9bf4','0','2023-08-23 16:33:00','2023-08-23 15:26:49','1','1','cf96196d-41fa-11ee-a8c9-3cd92b4d9bf4','INSTITUTO ESTATAL DE LAS PERSONAS ADULTAS MAYORES'),
('8ca1aa67-41fb-11ee-a8c9-3cd92b4d9bf4','0','2023-08-23 16:33:00','2023-08-23 15:26:49','1','1','cf96196d-41fa-11ee-a8c9-3cd92b4d9bf4','SECRETARA EJECUTIVA DEL SISTEMA ESTATAL ANTICORRUPCIN'),
('8ca1aab8-41fb-11ee-a8c9-3cd92b4d9bf4','0','2023-08-23 16:33:00','2023-08-23 15:26:49','1','1','cf96196d-41fa-11ee-a8c9-3cd92b4d9bf4','COLEGIO DE BACHILLERES MILITARIZADO \"GENERAL MARIANO ESCOBEDO\"'),
('8ca1ab0a-41fb-11ee-a8c9-3cd92b4d9bf4','0','2023-08-23 16:33:00','2023-08-23 15:26:49','1','1','cf96196d-41fa-11ee-a8c9-3cd92b4d9bf4','UNIVERSIDAD TECNOLGICA BILINGE FRANCO MEXICANA DE NUEVO LEN'),
('8ca1ab60-41fb-11ee-a8c9-3cd92b4d9bf4','0','2023-08-23 16:33:00','2023-08-23 15:26:49','1','1','cf96196d-41fa-11ee-a8c9-3cd92b4d9bf4','INSTITUTO DE MOVILIDAD Y ACCESIBILIDAD DEL ESTADO DE NUEVO LEN'),
('8ca1abb6-41fb-11ee-a8c9-3cd92b4d9bf4','0','2023-08-23 16:33:00','2023-08-23 15:26:49','1','1','cf96196d-41fa-11ee-a8c9-3cd92b4d9bf4','CONSEJO ESTATAL PARA PREVENIR Y ELIMINAR LA DISCRIMINACIN EN EL ESTADO DE NUEVO LEN'),
('8ca1ac09-41fb-11ee-a8c9-3cd92b4d9bf4','0','2023-08-23 16:33:00','2023-08-23 15:26:49','1','1','cf96196d-41fa-11ee-a8c9-3cd92b4d9bf4','CENTRO DE CONCILIACIN LABORAL DEL ESTADO DE NUEVO LEN'),
('8ca1ac58-41fb-11ee-a8c9-3cd92b4d9bf4','0','2023-08-23 16:33:00','2023-08-23 15:26:49','1','1','cf96196d-41fa-11ee-a8c9-3cd92b4d9bf4','AGENCIA ESTATAL PARA LA CALIDAD DEL AIRE'),
('8ca1acac-41fb-11ee-a8c9-3cd92b4d9bf4','0','2023-08-23 16:33:00','2023-08-23 15:26:49','1','1','cf96196d-41fa-11ee-a8c9-3cd92b4d9bf4','FIDEICOMISO PROMOTOR DE PROYECTOS ESTRATGICOS URBANOS (FIDEPROES)'),
('8ca1ad00-41fb-11ee-a8c9-3cd92b4d9bf4','0','2023-08-23 16:33:00','2023-08-23 15:26:49','1','1','cf96196d-41fa-11ee-a8c9-3cd92b4d9bf4','FIDEICOMISO FONDO DE APOYO PARA LA CREACIN Y CONSOLIDACIN DEL EMPLEO PRODUCTIVO EN EL ESTADO DE NUEVO LEN (FOCRECE)'),
('8ca1ad54-41fb-11ee-a8c9-3cd92b4d9bf4','0','2023-08-23 16:33:00','2023-08-23 15:26:49','1','1','cf96196d-41fa-11ee-a8c9-3cd92b4d9bf4','FOMENTO METROPOLITANO DE MONTERREY (FOMERREY)'),
('8ca1ada9-41fb-11ee-a8c9-3cd92b4d9bf4','0','2023-08-23 16:33:00','2023-08-23 15:26:49','1','1','cf96196d-41fa-11ee-a8c9-3cd92b4d9bf4','RED ESTATAL DE AUTOPISTAS DE NUEVO LEN (REA)'),
('8ca1adfc-41fb-11ee-a8c9-3cd92b4d9bf4','0','2023-08-23 16:33:00','2023-08-23 15:26:49','1','1','cf9619c3-41fa-11ee-a8c9-3cd92b4d9bf4','TRANSFERENCIAS A MUNICIPIOS DEL ESTADO');
/*!40000 ALTER TABLE `cat_unidades` ENABLE KEYS */;
UNLOCK TABLES;

--
-- Table structure for table `files`
--

DROP TABLE IF EXISTS `files`;
/*!40101 SET @saved_cs_client     = @@character_set_client */;
/*!40101 SET character_set_client = utf8 */;
CREATE TABLE `files` (
  `id` char(36) NOT NULL DEFAULT uuid(),
  `deleted` binary(1) NOT NULL DEFAULT '0',
  `UltimaActualizacion` datetime NOT NULL DEFAULT current_timestamp() ON UPDATE current_timestamp(),
  `FechaCreacion` datetime NOT NULL DEFAULT current_timestamp(),
  `ModificadoPor` char(36) NOT NULL,
  `CreadoPor` char(36) NOT NULL DEFAULT '',
  `idowner` char(36) DEFAULT NULL,
  `Route` varchar(300) DEFAULT NULL,
  `Nombre` varchar(200) DEFAULT NULL,
  `Estatus` int(11) DEFAULT 0,
  PRIMARY KEY (`id`) USING BTREE
) ENGINE=InnoDB DEFAULT CHARSET=utf8mb3 COLLATE=utf8mb3_general_ci;
/*!40101 SET character_set_client = @saved_cs_client */;

--
-- Dumping data for table `files`
--

LOCK TABLES `files` WRITE;
/*!40000 ALTER TABLE `files` DISABLE KEYS */;
INSERT INTO `files` VALUES
('16974fbf-58d7-11ee-a933-236cb4402701','1','2023-09-21 16:48:56','2023-09-21 16:32:11','05edb872-4919-11ee-8002-d89d6776f970','05edb872-4919-11ee-8002-d89d6776f970','a4c2c14e-519f-11ee-a933-236cb4402701','SICSA/1342/DCCP-0269-2023/2023-09-21 22:34:50DAF-659-2023.pdf','DAF-659-2023.pdf',0),
('314670be-58d3-11ee-a933-236cb4402701','0','2023-09-21 16:54:08','2023-09-21 16:04:18','05edb872-4919-11ee-8002-d89d6776f970','05edb872-4919-11ee-8002-d89d6776f970','8de922f4-58bd-11ee-a933-236cb4402701','SICSA/1342/2022-A-19000-19-1342-01-001/2023-09-21 22:06:562022-A-19000-19-1342-01-001.pdf','2022-A-19000-19-1342-01-001.pdf',1),
('4774a0be-58d5-11ee-a933-236cb4402701','0','2023-09-21 16:19:14','2023-09-21 16:19:14','05edb872-4919-11ee-8002-d89d6776f970','05edb872-4919-11ee-8002-d89d6776f970','a4c2c14e-519f-11ee-a933-236cb4402701','SICSA/1342/DCCP-0269-2023/2023-09-21 22:21:52DCCP-0269-2023.pdf','DCCP-0269-2023.pdf',0),
('6165bbf8-58d5-11ee-a933-236cb4402701','0','2023-09-21 16:19:58','2023-09-21 16:19:58','05edb872-4919-11ee-8002-d89d6776f970','05edb872-4919-11ee-8002-d89d6776f970','b816aeb3-519f-11ee-a933-236cb4402701','SICSA/1342/DCCP-0270-2023/2023-09-21 22:22:36DCCP-0270-2023.pdf','DCCP-0270-2023.pdf',0),
('71b6235d-58d4-11ee-a933-236cb4402701','0','2023-09-21 16:13:15','2023-09-21 16:13:15','05edb872-4919-11ee-8002-d89d6776f970','05edb872-4919-11ee-8002-d89d6776f970','025c8a88-50df-11ee-a933-236cb4402701','SICSA/1342/2023-09-21 22:15:53ACTA DE INICIO 1342.pdf','ACTA DE INICIO 1342.pdf',0),
('7fa4b770-58d9-11ee-a933-236cb4402701','0','2023-09-21 16:49:26','2023-09-21 16:49:26','05edb872-4919-11ee-8002-d89d6776f970','05edb872-4919-11ee-8002-d89d6776f970','7d10d8f0-5259-11ee-a933-236cb4402701','SICSA/1342/DCCP-0269-2023/DAF-659-2023/2023-09-21 22:52:05DAF-659-2023.pdf','DAF-659-2023.pdf',0),
('d1c66033-58d4-11ee-a933-236cb4402701','1','2023-09-21 16:50:02','2023-09-21 16:15:57','05edb872-4919-11ee-8002-d89d6776f970','05edb872-4919-11ee-8002-d89d6776f970','7d10d8f0-5259-11ee-a933-236cb4402701','SICSA/1342/DCCP-0269-2023/DAF-659-2023/2023-09-21 22:18:35DAF-659-2023.pdf','DAF-659-2023.pdf',0),
('f48e3562-5290-11ee-a933-236cb4402701','0','2023-09-13 16:55:21','2023-09-13 16:55:02','05edb872-4919-11ee-8002-d89d6776f970','05edb872-4919-11ee-8002-d89d6776f970','31afc9ea-50f5-11ee-a933-236cb4402701','SICSA/1342/CTG-DCASC-204-2023/2023-09-13 22:57:23CTG-DCASC-204-2023.pdf','CTG-DCASC-204-2023.pdf',1);
/*!40000 ALTER TABLE `files` ENABLE KEYS */;
UNLOCK TABLES;
/*!50003 SET @saved_cs_client      = @@character_set_client */ ;
/*!50003 SET @saved_cs_results     = @@character_set_results */ ;
/*!50003 SET @saved_col_connection = @@collation_connection */ ;
/*!50003 SET character_set_client  = utf8mb4 */ ;
/*!50003 SET character_set_results = utf8mb4 */ ;
/*!50003 SET collation_connection  = utf8mb4_general_ci */ ;
/*!50003 SET @saved_sql_mode       = @@sql_mode */ ;
/*!50003 SET sql_mode              = 'STRICT_TRANS_TABLES,ERROR_FOR_DIVISION_BY_ZERO,NO_AUTO_CREATE_USER,NO_ENGINE_SUBSTITUTION' */ ;
DELIMITER ;;
/*!50003 CREATE*/ /*!50017 DEFINER=`root`@`%`*/ /*!50003 TRIGGER `insertFile` BEFORE INSERT ON `files` FOR EACH ROW BEGIN

INSERT INTO SICSA.filesLog(	
	idfile,
	ModificadoPor,
	Estatus
	)
	VALUES(NEW.id,NEW.ModificadoPor,
	NEW.Estatus);
	
END */;;
DELIMITER ;
/*!50003 SET sql_mode              = @saved_sql_mode */ ;
/*!50003 SET character_set_client  = @saved_cs_client */ ;
/*!50003 SET character_set_results = @saved_cs_results */ ;
/*!50003 SET collation_connection  = @saved_col_connection */ ;
/*!50003 SET @saved_cs_client      = @@character_set_client */ ;
/*!50003 SET @saved_cs_results     = @@character_set_results */ ;
/*!50003 SET @saved_col_connection = @@collation_connection */ ;
/*!50003 SET character_set_client  = utf8mb4 */ ;
/*!50003 SET character_set_results = utf8mb4 */ ;
/*!50003 SET collation_connection  = utf8mb4_general_ci */ ;
/*!50003 SET @saved_sql_mode       = @@sql_mode */ ;
/*!50003 SET sql_mode              = 'STRICT_TRANS_TABLES,ERROR_FOR_DIVISION_BY_ZERO,NO_AUTO_CREATE_USER,NO_ENGINE_SUBSTITUTION' */ ;
DELIMITER ;;
/*!50003 CREATE*/ /*!50017 DEFINER=`root`@`%`*/ /*!50003 TRIGGER `updateFile` BEFORE UPDATE ON `files` FOR EACH ROW BEGIN

INSERT INTO SICSA.filesLog(	
	idfile,
	ModificadoPor,
	Estatus
	)
	VALUES(NEW.id,
	NEW.ModificadoPor,
	NEW.Estatus);
	
END */;;
DELIMITER ;
/*!50003 SET sql_mode              = @saved_sql_mode */ ;
/*!50003 SET character_set_client  = @saved_cs_client */ ;
/*!50003 SET character_set_results = @saved_cs_results */ ;
/*!50003 SET collation_connection  = @saved_col_connection */ ;

--
-- Table structure for table `filesLog`
--

DROP TABLE IF EXISTS `filesLog`;
/*!40101 SET @saved_cs_client     = @@character_set_client */;
/*!40101 SET character_set_client = utf8 */;
CREATE TABLE `filesLog` (
  `id` char(36) NOT NULL DEFAULT uuid(),
  `deleted` binary(1) NOT NULL DEFAULT '0',
  `idfile` char(36) NOT NULL DEFAULT '0',
  `UltimaActualizacion` datetime NOT NULL DEFAULT current_timestamp() ON UPDATE current_timestamp(),
  `FechaCreacion` datetime NOT NULL DEFAULT current_timestamp(),
  `ModificadoPor` char(36) NOT NULL,
  `idowner` char(36) DEFAULT NULL,
  `Route` varchar(300) DEFAULT NULL,
  `Nombre` varchar(200) DEFAULT NULL,
  `Estatus` int(11) DEFAULT 0,
  PRIMARY KEY (`id`) USING BTREE
) ENGINE=InnoDB DEFAULT CHARSET=utf8mb3 COLLATE=utf8mb3_general_ci;
/*!40101 SET character_set_client = @saved_cs_client */;

--
-- Dumping data for table `filesLog`
--

LOCK TABLES `filesLog` WRITE;
/*!40000 ALTER TABLE `filesLog` DISABLE KEYS */;
INSERT INTO `filesLog` VALUES
('00002b6a-5291-11ee-a933-236cb4402701','0','f48e3562-5290-11ee-a933-236cb4402701','2023-09-13 16:55:21','2023-09-13 16:55:21','05edb872-4919-11ee-8002-d89d6776f970',NULL,NULL,NULL,1),
('1697511c-58d7-11ee-a933-236cb4402701','0','16974fbf-58d7-11ee-a933-236cb4402701','2023-09-21 16:32:11','2023-09-21 16:32:11','05edb872-4919-11ee-8002-d89d6776f970',NULL,NULL,NULL,0),
('277b40df-58da-11ee-a933-236cb4402701','0','314670be-58d3-11ee-a933-236cb4402701','2023-09-21 16:54:08','2023-09-21 16:54:08','05edb872-4919-11ee-8002-d89d6776f970',NULL,NULL,NULL,1),
('314671e6-58d3-11ee-a933-236cb4402701','0','314670be-58d3-11ee-a933-236cb4402701','2023-09-21 16:04:18','2023-09-21 16:04:18','05edb872-4919-11ee-8002-d89d6776f970',NULL,NULL,NULL,0),
('4774a1f7-58d5-11ee-a933-236cb4402701','0','4774a0be-58d5-11ee-a933-236cb4402701','2023-09-21 16:19:14','2023-09-21 16:19:14','05edb872-4919-11ee-8002-d89d6776f970',NULL,NULL,NULL,0),
('6165bd55-58d5-11ee-a933-236cb4402701','0','6165bbf8-58d5-11ee-a933-236cb4402701','2023-09-21 16:19:58','2023-09-21 16:19:58','05edb872-4919-11ee-8002-d89d6776f970',NULL,NULL,NULL,0),
('6d805c9a-58d9-11ee-a933-236cb4402701','0','16974fbf-58d7-11ee-a933-236cb4402701','2023-09-21 16:48:56','2023-09-21 16:48:56','05edb872-4919-11ee-8002-d89d6776f970',NULL,NULL,NULL,0),
('71b625c3-58d4-11ee-a933-236cb4402701','0','71b6235d-58d4-11ee-a933-236cb4402701','2023-09-21 16:13:15','2023-09-21 16:13:15','05edb872-4919-11ee-8002-d89d6776f970',NULL,NULL,NULL,0),
('7fa4b8d4-58d9-11ee-a933-236cb4402701','0','7fa4b770-58d9-11ee-a933-236cb4402701','2023-09-21 16:49:26','2023-09-21 16:49:26','05edb872-4919-11ee-8002-d89d6776f970',NULL,NULL,NULL,0),
('9507c706-58d9-11ee-a933-236cb4402701','0','d1c66033-58d4-11ee-a933-236cb4402701','2023-09-21 16:50:02','2023-09-21 16:50:02','05edb872-4919-11ee-8002-d89d6776f970',NULL,NULL,NULL,0),
('d1c6618b-58d4-11ee-a933-236cb4402701','0','d1c66033-58d4-11ee-a933-236cb4402701','2023-09-21 16:15:57','2023-09-21 16:15:57','05edb872-4919-11ee-8002-d89d6776f970',NULL,NULL,NULL,0),
('f48e36fb-5290-11ee-a933-236cb4402701','0','f48e3562-5290-11ee-a933-236cb4402701','2023-09-13 16:55:02','2023-09-13 16:55:02','05edb872-4919-11ee-8002-d89d6776f970',NULL,NULL,NULL,0);
/*!40000 ALTER TABLE `filesLog` ENABLE KEYS */;
UNLOCK TABLES;

--
-- Table structure for table `plandetrabajo`
--

DROP TABLE IF EXISTS `plandetrabajo`;
/*!40101 SET @saved_cs_client     = @@character_set_client */;
/*!40101 SET character_set_client = utf8 */;
CREATE TABLE `plandetrabajo` (
  `id` char(36) NOT NULL DEFAULT uuid(),
  `deleted` binary(1) NOT NULL DEFAULT '0',
  `UltimaActualizacion` datetime NOT NULL DEFAULT current_timestamp() ON UPDATE current_timestamp(),
  `FechaCreacion` datetime NOT NULL DEFAULT current_timestamp(),
  `ModificadoPor` char(36) NOT NULL,
  `CreadoPor` char(36) NOT NULL DEFAULT '',
  `start` date DEFAULT NULL,
  `end` date DEFAULT NULL,
  `name` varchar(150) DEFAULT NULL,
  `type` varchar(50) DEFAULT NULL,
  `progress` int(11) DEFAULT NULL,
  `idauditoria` char(36) DEFAULT NULL,
  `orden` int(11) DEFAULT NULL,
  PRIMARY KEY (`id`) USING BTREE
) ENGINE=InnoDB DEFAULT CHARSET=utf8mb3 COLLATE=utf8mb3_general_ci;
/*!40101 SET character_set_client = @saved_cs_client */;

--
-- Dumping data for table `plandetrabajo`
--

LOCK TABLES `plandetrabajo` WRITE;
/*!40000 ALTER TABLE `plandetrabajo` DISABLE KEYS */;
INSERT INTO `plandetrabajo` VALUES
('91fe2058-3cbe-11ee-aedd-3cd92b4d9bf4','0','2023-08-22 20:04:02','2023-08-16 23:26:08','1','1','2023-08-16','2023-08-17','REUNIONES DE TRABAJO ','task',0,'70ee24f7-2529-11ee-977e-3cd92b4d9bf4',NULL),
('b99b2ec2-3cbe-11ee-aedd-3cd92b4d9bf4','0','2023-08-16 23:29:41','2023-08-16 23:27:15','1','1','2023-08-16','2023-08-17','PREPARACION Y REVISIN DE INFORMACION','task',0,'70ee24f7-2529-11ee-977e-3cd92b4d9bf4',NULL),
('b99f5fc8-3cbe-11ee-aedd-3cd92b4d9bf4','0','2023-08-16 23:29:41','2023-08-16 23:27:15','1','1','2023-08-16','2023-08-17','INICIO DE AUDITORIA','task',0,'70ee24f7-2529-11ee-977e-3cd92b4d9bf4',NULL),
('b9a22821-3cbe-11ee-aedd-3cd92b4d9bf4','0','2023-08-16 23:29:42','2023-08-16 23:27:15','1','1','2023-08-16','2023-08-17','REQUERIMIENTO DE INFORMACIN','task',0,'70ee24f7-2529-11ee-977e-3cd92b4d9bf4',NULL),
('b9a4a32f-3cbe-11ee-aedd-3cd92b4d9bf4','0','2023-08-16 23:29:42','2023-08-16 23:27:15','1','1','2023-08-16','2023-08-17','RECEPCION DE INFORMACIN','task',0,'70ee24f7-2529-11ee-977e-3cd92b4d9bf4',NULL),
('b9a6ed6b-3cbe-11ee-aedd-3cd92b4d9bf4','0','2023-08-16 23:29:43','2023-08-16 23:27:15','1','1','2023-08-16','2023-08-17','REVISION DE INFORMACIN','task',0,'70ee24f7-2529-11ee-977e-3cd92b4d9bf4',NULL),
('b9a99925-3cbe-11ee-aedd-3cd92b4d9bf4','0','2023-08-16 23:29:43','2023-08-16 23:27:15','1','1','2023-08-16','2023-08-17','ENTREGA DE INFORMACIN','task',0,'70ee24f7-2529-11ee-977e-3cd92b4d9bf4',NULL),
('b9ac1476-3cbe-11ee-aedd-3cd92b4d9bf4','0','2023-08-16 23:29:43','2023-08-16 23:27:15','1','1','2023-08-16','2023-08-17','ATENCION DE AUDITORES','task',0,'70ee24f7-2529-11ee-977e-3cd92b4d9bf4',NULL),
('b9ae71cb-3cbe-11ee-aedd-3cd92b4d9bf4','0','2023-08-16 23:29:44','2023-08-16 23:27:15','1','1','2023-08-16','2023-08-17','RESULTADOS PRELIMINARES','task',0,'70ee24f7-2529-11ee-977e-3cd92b4d9bf4',NULL),
('b9b0ff59-3cbe-11ee-aedd-3cd92b4d9bf4','0','2023-08-16 23:29:45','2023-08-16 23:27:15','1','1','2023-08-16','2023-08-17','REVISIN DE RESULTADOS PRELIMINARES','task',0,'70ee24f7-2529-11ee-977e-3cd92b4d9bf4',NULL),
('b9b40d31-3cbe-11ee-aedd-3cd92b4d9bf4','0','2023-08-16 23:29:45','2023-08-16 23:27:15','1','1','2023-08-16','2023-08-17','REQUERIMIENTO DE INFORMACIN','task',0,'70ee24f7-2529-11ee-977e-3cd92b4d9bf4',NULL),
('b9b688e6-3cbe-11ee-aedd-3cd92b4d9bf4','0','2023-08-16 23:29:45','2023-08-16 23:27:15','1','1','2023-08-16','2023-08-17','RECEPCION DE INFORMACIN','task',0,'70ee24f7-2529-11ee-977e-3cd92b4d9bf4',NULL),
('b9b98307-3cbe-11ee-aedd-3cd92b4d9bf4','0','2023-08-16 23:29:46','2023-08-16 23:27:15','1','1','2023-08-16','2023-08-17','REVISIN DE INFORMACIN','task',0,'70ee24f7-2529-11ee-977e-3cd92b4d9bf4',NULL),
('b9bc1b68-3cbe-11ee-aedd-3cd92b4d9bf4','0','2023-08-16 23:29:46','2023-08-16 23:27:15','1','1','2023-08-16','2023-08-17','ENTREGA DE INFORMACIN','task',0,'70ee24f7-2529-11ee-977e-3cd92b4d9bf4',NULL),
('b9be64df-3cbe-11ee-aedd-3cd92b4d9bf4','0','2023-08-16 23:29:47','2023-08-16 23:27:15','1','1','2023-08-16','2023-08-17','RESULTADOS FINALES','task',0,'70ee24f7-2529-11ee-977e-3cd92b4d9bf4',NULL),
('b9c0e97c-3cbe-11ee-aedd-3cd92b4d9bf4','0','2023-08-16 23:29:47','2023-08-16 23:27:15','1','1','2023-08-16','2023-08-17','REVISIN DE RESULTADOS PRELIMINARES','task',0,'70ee24f7-2529-11ee-977e-3cd92b4d9bf4',NULL),
('b9c382a1-3cbe-11ee-aedd-3cd92b4d9bf4','0','2023-08-16 23:29:48','2023-08-16 23:27:15','1','1','2023-08-16','2023-08-17','REQUERIMIENTO DE INFORMACIN','task',0,'70ee24f7-2529-11ee-977e-3cd92b4d9bf4',NULL),
('b9c65f40-3cbe-11ee-aedd-3cd92b4d9bf4','0','2023-08-16 23:29:48','2023-08-16 23:27:15','1','1','2023-08-16','2023-08-17','RECEPCION DE INFORMACIN','task',0,'70ee24f7-2529-11ee-977e-3cd92b4d9bf4',NULL),
('b9c9452f-3cbe-11ee-aedd-3cd92b4d9bf4','0','2023-08-16 23:29:49','2023-08-16 23:27:15','1','1','2023-08-16','2023-08-17','REVISIN DE INFORMACIN','task',0,'70ee24f7-2529-11ee-977e-3cd92b4d9bf4',NULL),
('b9cbc9fc-3cbe-11ee-aedd-3cd92b4d9bf4','0','2023-08-16 23:29:49','2023-08-16 23:27:15','1','1','2023-08-16','2023-08-17','ENTREGA DE INFORMACIN','task',0,'70ee24f7-2529-11ee-977e-3cd92b4d9bf4',NULL),
('b9ce44ee-3cbe-11ee-aedd-3cd92b4d9bf4','0','2023-08-16 23:29:50','2023-08-16 23:27:15','1','1','2023-08-16','2023-08-17','INFORME','task',0,'70ee24f7-2529-11ee-977e-3cd92b4d9bf4',NULL),
('b9d0c9b2-3cbe-11ee-aedd-3cd92b4d9bf4','0','2023-08-16 23:29:51','2023-08-16 23:27:15','1','1','2023-08-16','2023-08-17','ATENDER RESULTADOS','task',0,'70ee24f7-2529-11ee-977e-3cd92b4d9bf4',NULL),
('e04c6849-58da-11ee-a933-236cb4402701','0','2023-09-21 16:59:18','2023-09-21 16:59:18','05edb872-4919-11ee-8002-d89d6776f970','05edb872-4919-11ee-8002-d89d6776f970','2023-03-28','2023-05-22','Auditoria 1342',NULL,NULL,'025c8a88-50df-11ee-a933-236cb4402701',NULL);
/*!40000 ALTER TABLE `plandetrabajo` ENABLE KEYS */;
UNLOCK TABLES;

--
-- Table structure for table `plandetrabajoAnual`
--

DROP TABLE IF EXISTS `plandetrabajoAnual`;
/*!40101 SET @saved_cs_client     = @@character_set_client */;
/*!40101 SET character_set_client = utf8 */;
CREATE TABLE `plandetrabajoAnual` (
  `id` char(36) NOT NULL DEFAULT uuid(),
  `deleted` binary(1) NOT NULL DEFAULT '0',
  `UltimaActualizacion` datetime NOT NULL DEFAULT current_timestamp() ON UPDATE current_timestamp(),
  `FechaCreacion` datetime NOT NULL DEFAULT current_timestamp(),
  `ModificadoPor` char(36) NOT NULL,
  `CreadoPor` char(36) NOT NULL DEFAULT '',
  `start` date DEFAULT NULL,
  `end` date DEFAULT NULL,
  `name` varchar(150) DEFAULT NULL,
  `type` varchar(50) DEFAULT NULL,
  `progress` int(11) DEFAULT NULL,
  `anio` int(11) DEFAULT NULL,
  `orden` int(11) DEFAULT NULL,
  PRIMARY KEY (`id`) USING BTREE
) ENGINE=InnoDB DEFAULT CHARSET=utf8mb3 COLLATE=utf8mb3_general_ci;
/*!40101 SET character_set_client = @saved_cs_client */;

--
-- Dumping data for table `plandetrabajoAnual`
--

LOCK TABLES `plandetrabajoAnual` WRITE;
/*!40000 ALTER TABLE `plandetrabajoAnual` DISABLE KEYS */;
INSERT INTO `plandetrabajoAnual` VALUES
('6cf3b324-3e13-11ee-aedd-3cd92b4d9bf4','0','2023-09-06 11:40:06','2023-08-18 16:06:04','30adc962-7109-11ed-a880-040300000000','30adc962-7109-11ed-a880-040300000000','2023-02-01','2023-05-31','Inicio de auditorias 1er etapa 2022','task',0,2022,1),
('7a1b92c9-3e13-11ee-aedd-3cd92b4d9bf4','0','2023-09-06 11:40:07','2023-08-18 16:06:26','30adc962-7109-11ed-a880-040300000000','30adc962-7109-11ed-a880-040300000000','2023-06-01','2023-06-30','Informes ASF 1era Etapa 2022\r\n','task',0,2022,2),
('8944657f-3e13-11ee-aedd-3cd92b4d9bf4','0','2023-09-06 11:40:08','2023-08-18 16:06:52','30adc962-7109-11ed-a880-040300000000','30adc962-7109-11ed-a880-040300000000','2023-06-01','2023-09-30','Inicio de auditorias 2da etapa 2022','task',0,2022,3),
('95360471-3e13-11ee-aedd-3cd92b4d9bf4','0','2023-09-06 11:40:10','2023-08-18 16:07:12','30adc962-7109-11ed-a880-040300000000','30adc962-7109-11ed-a880-040300000000','2023-10-01','2023-10-30','Informes ASF 2da Etapa 2022','task',0,2022,4),
('a24ee739-3e13-11ee-aedd-3cd92b4d9bf4','0','2023-09-06 11:40:10','2023-08-18 16:07:34','30adc962-7109-11ed-a880-040300000000','30adc962-7109-11ed-a880-040300000000','2023-10-01','2023-12-31','Inicio de auditorias 3era etapa 2022','task',0,2022,5),
('b3d25bbc-3e13-11ee-aedd-3cd92b4d9bf4','0','2023-09-06 11:40:11','2023-08-18 16:08:03','30adc962-7109-11ed-a880-040300000000','30adc962-7109-11ed-a880-040300000000','2024-02-01','2024-02-28','Informes ASF 3era etapa 2022','task',0,2022,6);
/*!40000 ALTER TABLE `plandetrabajoAnual` ENABLE KEYS */;
UNLOCK TABLES;

--
-- Dumping events for database 'SICSA'
--

--
-- Dumping routines for database 'SICSA'
--
/*!50003 SET @saved_sql_mode       = @@sql_mode */ ;
/*!50003 SET sql_mode              = 'NO_AUTO_VALUE_ON_ZERO' */ ;
/*!50003 DROP FUNCTION IF EXISTS `getUserName` */;
/*!50003 SET @saved_cs_client      = @@character_set_client */ ;
/*!50003 SET @saved_cs_results     = @@character_set_results */ ;
/*!50003 SET @saved_col_connection = @@collation_connection */ ;
/*!50003 SET character_set_client  = utf8mb4 */ ;
/*!50003 SET character_set_results = utf8mb4 */ ;
/*!50003 SET collation_connection  = utf8mb4_general_ci */ ;
DELIMITER ;;
CREATE DEFINER=`root`@`%` FUNCTION `getUserName`(`ID_USUARIO` CHAR(36)
) RETURNS varchar(150) CHARSET utf8mb3 COLLATE utf8mb3_general_ci
BEGIN
   DECLARE RESP VARCHAR(150);
	   SELECT   concat(usu.Nombre,' ',usu.ApellidoPaterno,' ',usu.ApellidoMaterno)  INTO RESP	FROM TiCentral.Usuarios usu	WHERE usu.Id = ID_USUARIO ;
	   if RESP IS NOT NULL then
	   RETURN RESP;
	   else
		RETURN 'Validando...';
      END if;
  END ;;
DELIMITER ;
/*!50003 SET sql_mode              = @saved_sql_mode */ ;
/*!50003 SET character_set_client  = @saved_cs_client */ ;
/*!50003 SET character_set_results = @saved_cs_results */ ;
/*!50003 SET collation_connection  = @saved_col_connection */ ;
/*!40103 SET TIME_ZONE=@OLD_TIME_ZONE */;

/*!40101 SET SQL_MODE=@OLD_SQL_MODE */;
/*!40014 SET FOREIGN_KEY_CHECKS=@OLD_FOREIGN_KEY_CHECKS */;
/*!40014 SET UNIQUE_CHECKS=@OLD_UNIQUE_CHECKS */;
/*!40101 SET CHARACTER_SET_CLIENT=@OLD_CHARACTER_SET_CLIENT */;
/*!40101 SET CHARACTER_SET_RESULTS=@OLD_CHARACTER_SET_RESULTS */;
/*!40101 SET COLLATION_CONNECTION=@OLD_COLLATION_CONNECTION */;
/*!40111 SET SQL_NOTES=@OLD_SQL_NOTES */;

-- Dump completed on 2023-09-21 18:57:04
