-- MariaDB dump 10.19  Distrib 10.8.6-MariaDB, for Linux (x86_64)
--
-- Host: localhost    Database: TiCentral
-- ------------------------------------------------------
-- Server version	10.8.6-MariaDB

/*!40101 SET @OLD_CHARACTER_SET_CLIENT=@@CHARACTER_SET_CLIENT */;
/*!40101 SET @OLD_CHARACTER_SET_RESULTS=@@CHARACTER_SET_RESULTS */;
/*!40101 SET @OLD_COLLATION_CONNECTION=@@COLLATION_CONNECTION */;
/*!40101 SET NAMES utf8mb4 */;
/*!40103 SET @OLD_TIME_ZONE=@@TIME_ZONE */;
/*!40103 SET TIME_ZONE='+00:00' */;
/*!40014 SET @OLD_UNIQUE_CHECKS=@@UNIQUE_CHECKS, UNIQUE_CHECKS=0 */;
/*!40014 SET @OLD_FOREIGN_KEY_CHECKS=@@FOREIGN_KEY_CHECKS, FOREIGN_KEY_CHECKS=0 */;
/*!40101 SET @OLD_SQL_MODE=@@SQL_MODE, SQL_MODE='NO_AUTO_VALUE_ON_ZERO' */;
/*!40111 SET @OLD_SQL_NOTES=@@SQL_NOTES, SQL_NOTES=0 */;

--
-- Table structure for table `Apps`
--

DROP TABLE IF EXISTS `Apps`;
/*!40101 SET @saved_cs_client     = @@character_set_client */;
/*!40101 SET character_set_client = utf8 */;
CREATE TABLE `Apps` (
  `Id` char(36) NOT NULL DEFAULT uuid(),
  `Nombre` varchar(3000) NOT NULL,
  `Descripcion` varchar(5000) NOT NULL,
  `Path` varchar(200) NOT NULL,
  `EstaActivo` tinyint(1) NOT NULL DEFAULT 0,
  `CreadoPor` char(36) NOT NULL,
  `FechaDeCreacion` datetime NOT NULL,
  `UltimaModificacion` datetime NOT NULL,
  `ModificadoPor` char(36) NOT NULL,
  `Deleted` tinyint(1) NOT NULL DEFAULT 0,
  PRIMARY KEY (`Id`) USING BTREE,
  KEY `FK1_Apps_C` (`CreadoPor`) USING BTREE,
  KEY `FK2_Apps_M` (`ModificadoPor`) USING BTREE,
  CONSTRAINT `FK1_Apps_C` FOREIGN KEY (`CreadoPor`) REFERENCES `Usuarios` (`Id`) ON DELETE NO ACTION ON UPDATE NO ACTION,
  CONSTRAINT `FK2_Apps_M` FOREIGN KEY (`ModificadoPor`) REFERENCES `Usuarios` (`Id`) ON DELETE NO ACTION ON UPDATE NO ACTION
) ENGINE=InnoDB DEFAULT CHARSET=utf8mb3 COLLATE=utf8mb3_general_ci ROW_FORMAT=DYNAMIC;
/*!40101 SET character_set_client = @saved_cs_client */;

--
-- Dumping data for table `Apps`
--

LOCK TABLES `Apps` WRITE;
/*!40000 ALTER TABLE `Apps` DISABLE KEYS */;
INSERT INTO `Apps` VALUES
('161206bc-405b-11ee-8002-d89d6776f970','SISTEMA DE CONTROL DE SEGUIMIENTO DE AUDITORIAS','Plataforma de Control y Seguimiento de Auditorias del Gobierno del Estado de Nuevo León.','http://10.210.26.25:93',1,'30adc962-7109-11ed-a880-040300000000','2023-08-21 13:43:59','2023-08-21 13:44:00','30adc962-7109-11ed-a880-040300000000',0),
('8d2de28e-c9b6-11ed-afa1-0242ac120002','PLATAFORMA DE DOCUMENTACIÓN OFICIAL','Plataforma para enviar y recibir documentación oficial entre la Tesorería Estatal, Municipios y Organismos Públicos Descentralizados, en materia de distribución de recursos, usando la firma electrónica avanzada (efirma) expedida por el SAT.','http://10.210.0.28:3000',1,'d8483c80-c9b4-11ed-afa1-0242ac120002','2023-03-23 14:10:19','2023-03-23 14:10:24','d8483c80-c9b4-11ed-afa1-0242ac120002',0),
('970c0ac7-51b5-11ee-b06d-3cd92b4d9bf4','PLATAFORMA DE CONTROL DE ACCESOS','Plataforma para control de acceso al edificio','https://tesoreria-virtual.nl.gob.mx/sica',1,'30adc962-7109-11ed-a880-040300000000','2023-09-12 15:46:01','2023-09-12 15:46:01','30adc962-7109-11ed-a880-040300000000',0),
('973ecf89-38ff-11ed-aed0-040300000000','PLATAFORMA DE DISTRIBUCIÓN DE RECURSOS A MUNICIPIOS Y ORGANISMOS PÚBLICOS DESCENTRALIZADOS','Plataforma de distribución de recursos económicos a los Municipios del Estado de Nuevo León, así como para los Organismos Públicos Descentralizados del Gobierno del Estado de Nuevo León.','http://10.210.26.25:81',1,'30adc962-7109-11ed-a880-040300000000','2022-09-20 11:16:28','2022-11-04 12:41:32','30adc962-7109-11ed-a880-040300000000',0),
('f18ad0d4-3087-11ed-aed0-040300000000','PLATAFORMA DE ACCESO ÚNICO Y APLICACIONES','Plataforma que concentra la gestión tanto de usuarios como de accesos a las diversas aplicaciones; permitirá la administración, autorización o denegación del acceso a usuarios y las aplicaciones activas.','./admin',1,'30adc962-7109-11ed-a880-040300000000','2022-09-09 16:39:54','2022-09-09 16:39:54','30adc962-7109-11ed-a880-040300000000',0);
/*!40000 ALTER TABLE `Apps` ENABLE KEYS */;
UNLOCK TABLES;

--
-- Table structure for table `Entidades`
--

DROP TABLE IF EXISTS `Entidades`;
/*!40101 SET @saved_cs_client     = @@character_set_client */;
/*!40101 SET character_set_client = utf8 */;
CREATE TABLE `Entidades` (
  `Id` char(36) NOT NULL DEFAULT uuid(),
  `Nombre` varchar(200) NOT NULL,
  `Direccion` longtext NOT NULL DEFAULT 'Sin Información',
  `Telefono` varchar(10) NOT NULL DEFAULT '000000000',
  `IdTipoEntidad` char(36) NOT NULL,
  `IdTitular` char(36) DEFAULT NULL,
  `PerteneceA` char(36) DEFAULT NULL,
  `ControlInterno` varchar(50) DEFAULT '',
  `ClaveSiregob` varchar(20) DEFAULT NULL,
  `FechaCreacion` datetime NOT NULL DEFAULT current_timestamp(),
  `CreadoPor` char(36) NOT NULL,
  `UltimaActualizacion` datetime NOT NULL DEFAULT current_timestamp(),
  `ModificadoPor` char(36) NOT NULL,
  `Deleted` tinyint(1) NOT NULL DEFAULT 0,
  PRIMARY KEY (`Id`) USING BTREE,
  KEY `Fk_IdTipoDependencia` (`IdTipoEntidad`) USING BTREE,
  KEY `fk_IdTitularDependencia` (`IdTitular`) USING BTREE,
  KEY `fk_PerteneceASecretaria` (`PerteneceA`) USING BTREE,
  KEY `FK_Dependencias_Usuarios` (`CreadoPor`) USING BTREE,
  KEY `FK_Dependencias_Usuarios_2` (`ModificadoPor`) USING BTREE,
  CONSTRAINT `FK_Dependencias_Usuarios` FOREIGN KEY (`CreadoPor`) REFERENCES `Usuarios` (`Id`) ON DELETE NO ACTION ON UPDATE NO ACTION,
  CONSTRAINT `FK_Dependencias_Usuarios_2` FOREIGN KEY (`ModificadoPor`) REFERENCES `Usuarios` (`Id`) ON DELETE NO ACTION ON UPDATE NO ACTION,
  CONSTRAINT `Fk_IdTipoDependencia` FOREIGN KEY (`IdTipoEntidad`) REFERENCES `TipoEntidades` (`Id`) ON DELETE NO ACTION ON UPDATE NO ACTION,
  CONSTRAINT `fk_IdTitularDependencia` FOREIGN KEY (`IdTitular`) REFERENCES `Usuarios` (`Id`) ON DELETE CASCADE
) ENGINE=InnoDB DEFAULT CHARSET=utf8mb3 COLLATE=utf8mb3_general_ci ROW_FORMAT=DYNAMIC;
/*!40101 SET character_set_client = @saved_cs_client */;

--
-- Dumping data for table `Entidades`
--

LOCK TABLES `Entidades` WRITE;
/*!40000 ALTER TABLE `Entidades` DISABLE KEYS */;
INSERT INTO `Entidades` VALUES
('0d6c5ee9-366c-11ee-af0d-3cd92b4d9bf4','DIRECCIÓN DE ATENCIÓN A MUNICIPIOS Y ORGANISMOS PARAESTATALES','MARIANO ESCOBEDO','7896541236','48274e43-4133-11ee-8886-040300000000','99999999-9999-9999-9999-999999999999','ebe62ae2-366b-11ee-af0d-3cd92b4d9bf4','DAMOP','0405','2023-08-08 22:20:20','99999999-9999-9999-9999-999999999999','2023-09-06 17:00:20','30adc962-7109-11ed-a880-040300000000',0),
('27ee21b0-4d8c-11ee-8002-d89d6776f970','DIRECCIÓN DE ATENCIÓN A MUNICIPIOS Y ORGANISMOS PARAESTATALES(ORGANISMOS)','ESCOBE #333','8126902423','c85959e9-4374-11ee-9014-3cd92b4d9bf4','99999999-9999-9999-9999-999999999999','ebe62ae2-366b-11ee-af0d-3cd92b4d9bf4','DAMOP_ORG','0405','2023-09-07 08:37:07','30adc962-7109-11ed-a880-040300000000','2023-09-07 08:37:07','30adc962-7109-11ed-a880-040300000000',0),
('4d8ce7a2-4695-11ee-9014-3cd92b4d9bf4','COMUNICACIÓN','Torre Administrativa | Piso 19, Calle: Washington 2000 Oriente, Colonia Obrera, Monterrey, Nuevo León, CP 64010','1234567890','c85959e9-4374-11ee-9014-3cd92b4d9bf4','99999999-9999-9999-9999-999999999999',NULL,'CPH',NULL,'2023-08-29 11:20:34','99999999-9999-9999-9999-999999999999','2023-08-29 11:20:34','99999999-9999-9999-9999-999999999999',0),
('4d90984b-4695-11ee-9014-3cd92b4d9bf4','CONSEJERÍA JURÍDICA','5 de mayo s/n Col. Centro, Monterrey C.P. 64000','1234567890','c85959e9-4374-11ee-9014-3cd92b4d9bf4','99999999-9999-9999-9999-999999999999',NULL,NULL,NULL,'2023-08-29 11:20:34','99999999-9999-9999-9999-999999999999','2023-08-29 11:20:34','99999999-9999-9999-9999-999999999999',0),
('4d91c6c1-4695-11ee-9014-3cd92b4d9bf4','OFICINA EJECUTIVA','Calle Zaragoza y 5 de Mayo, Zona Centro, Monterrey, Nuevo León, C.P. 64000','1234567890','c85959e9-4374-11ee-9014-3cd92b4d9bf4','99999999-9999-9999-9999-999999999999',NULL,NULL,NULL,'2023-08-29 11:20:34','99999999-9999-9999-9999-999999999999','2023-08-29 11:20:34','99999999-9999-9999-9999-999999999999',0),
('4d93da85-4695-11ee-9014-3cd92b4d9bf4','REPRESENTACIÓN DEL ESTADO EN LA CIUDAD DE MÉXICO','  Calle Marsella 25, Colonia Juárez, Alcaldía Cuauhtémoc, Ciudad de México Código Postal 06600','1234567890','c85959e9-4374-11ee-9014-3cd92b4d9bf4','99999999-9999-9999-9999-999999999999',NULL,NULL,NULL,'2023-08-29 11:20:34','99999999-9999-9999-9999-999999999999','2023-08-29 11:20:34','99999999-9999-9999-9999-999999999999',0),
('4d95a0c2-4695-11ee-9014-3cd92b4d9bf4','SECRETARÍA PARTICULAR','Calle Zaragoza y 5 de Mayo, Zona Centro, Monterrey, Nuevo León, C.P. 64000','1234567890','c85959e9-4374-11ee-9014-3cd92b4d9bf4','99999999-9999-9999-9999-999999999999',NULL,NULL,NULL,'2023-08-29 11:20:34','99999999-9999-9999-9999-999999999999','2023-08-29 11:20:34','99999999-9999-9999-9999-999999999999',0),
('4d96e255-4695-11ee-9014-3cd92b4d9bf4','SECRETARÍA TÉCNICA DE GOBIERNO','5 de mayo s/n Col. Centro, Monterrey C.P. 64000','1234567890','c85959e9-4374-11ee-9014-3cd92b4d9bf4','99999999-9999-9999-9999-999999999999',NULL,NULL,NULL,'2023-08-29 11:20:34','99999999-9999-9999-9999-999999999999','2023-08-29 11:20:34','99999999-9999-9999-9999-999999999999',0),
('57d290ef-3647-11ee-af0d-3cd92b4d9bf4','DIRECCIÓN DE COORDINACIÓN DE PLANEACIÓN HACENDARIA','MARIANO ESCOBEDO 333','1236547891','48274e43-4133-11ee-8886-040300000000','99999999-9999-9999-9999-999999999999','36f6f391-3647-11ee-af0d-3cd92b4d9bf4','CPH',NULL,'2023-08-08 17:57:33','99999999-9999-9999-9999-999999999999','2023-08-08 17:57:33','99999999-9999-9999-9999-999999999999',0),
('57f9c228-4361-11ee-9014-3cd92b4d9bf4','GOBIERNO DEL ESTADO DE NUEVO LEÓN','MARIANO ESCOBEDO','12345678','140bc448-4361-11ee-9014-3cd92b4d9bf4','99999999-9999-9999-9999-999999999999',NULL,'',NULL,'2023-08-25 10:06:26','99999999-9999-9999-9999-999999999999','2023-08-25 10:06:26','99999999-9999-9999-9999-999999999999',0),
('6f53a27b-4ccf-11ee-8002-d89d6776f970','DIRECCIÓN DE PRESUPUESTO Y CONTROL PRESUPUESTAL','MARIANO ESCOBEDO','1234567891','c85959e9-4374-11ee-9014-3cd92b4d9bf4','cd3a3266-0f9f-11ee-8002-d89d6776f970','ebe62ae2-366b-11ee-af0d-3cd92b4d9bf4','DPCP','','2023-09-06 10:06:12','30adc962-7109-11ed-a880-040300000000','2023-09-06 10:06:12','30adc962-7109-11ed-a880-040300000000',0),
('7b75b842-45ca-11ee-9014-3cd92b4d9bf4','COORDINACIÓN DE DESARROLLO Y FORTALECIMIENTO MUNICIPAL','Calle Zaragoza S/N Sur Zona centro Monterrey, Nuevo León CP 64000','123456789','58652579-213e-11ee-ac66-3cd92b4d9bf4','99999999-9999-9999-9999-999999999999','e3a17905-45c9-11ee-9014-3cd92b4d9bf4','',NULL,'2023-08-28 11:44:05','99999999-9999-9999-9999-999999999999','2023-08-28 11:44:05','99999999-9999-9999-9999-999999999999',0),
('7fae1377-42ca-11ee-8f23-00e04c360046','SECRETARÍA DE FINANZAS Y TESORERÍA GENERAL DEL ESTADO','MARIANO ESCOBEDO','','66ba12fc-10ba-11ee-ba60-3cd92b4d9bf4','99999999-9999-9999-9999-999999999999',NULL,'',NULL,'2023-08-24 16:06:32','99999999-9999-9999-9999-999999999999','2023-08-24 16:06:31','99999999-9999-9999-9999-999999999999',0),
('86be0763-4917-11ee-8002-d89d6776f970','DIRECCIÓN ATENCIÓN Y SEGUIMIENTO A AUDITORIAS','ESCOBEDO # 333','8120200000','48274e43-4133-11ee-8886-040300000000','2ada55e8-dedc-11ed-8002-d89d6776f970','ebe62ae2-366b-11ee-af0d-3cd92b4d9bf4','DASA','','2023-09-01 16:32:10','30adc962-7109-11ed-a880-040300000000','2023-09-01 16:32:10','30adc962-7109-11ed-a880-040300000000',0),
('9ca9bbec-4ccf-11ee-8002-d89d6776f970','DIRECCIÓN DE CONTABILIDAD Y CUENTA PÚBLICA','MARIANO ESCOBEDO','1234567891','c85959e9-4374-11ee-9014-3cd92b4d9bf4','99999999-9999-9999-9999-999999999999','ebe62ae2-366b-11ee-af0d-3cd92b4d9bf4','DCCP','','2023-09-06 10:07:28','30adc962-7109-11ed-a880-040300000000','2023-09-06 10:07:28','30adc962-7109-11ed-a880-040300000000',0),
('bd3fbffb-4ccf-11ee-8002-d89d6776f970','DIRECCIÓN DE ADMINSITRACIÓN FINANCIERA','MARIANO ESCOBEDO','1234567896','c85959e9-4374-11ee-9014-3cd92b4d9bf4','99999999-9999-9999-9999-999999999999','ebe62ae2-366b-11ee-af0d-3cd92b4d9bf4','DAF','','2023-09-06 10:08:23','30adc962-7109-11ed-a880-040300000000','2023-09-06 10:08:23','30adc962-7109-11ed-a880-040300000000',0),
('d3025ef1-45ca-11ee-9014-3cd92b4d9bf4','DIRECCIÓN DE ENLACE Y DESARROLLO MUNICIPAL','Calle Zaragoza S/N Sur Zona centro Monterrey, Nuevo León CP 64000','123456789','48274e43-4133-11ee-8886-040300000000','99999999-9999-9999-9999-999999999999','7b75b842-45ca-11ee-9014-3cd92b4d9bf4','',NULL,'2023-08-28 11:46:32','99999999-9999-9999-9999-999999999999','2023-08-28 11:46:32','99999999-9999-9999-9999-999999999999',0),
('d3a775b7-4690-11ee-9014-3cd92b4d9bf4','AMAR A NUEVO LEÓN','Calle Zaragoza y 5 de Mayo, Zona Centro, Monterrey, Nuevo León, C.P. 64000','1223456789','c85959e9-4374-11ee-9014-3cd92b4d9bf4','99999999-9999-9999-9999-999999999999',NULL,NULL,NULL,'2023-08-29 11:20:34','99999999-9999-9999-9999-999999999999','2023-08-29 11:20:34','99999999-9999-9999-9999-999999999999',0),
('e3a17905-45c9-11ee-9014-3cd92b4d9bf4','SECRETARÍA GENERAL DE GOBIERNO','Calle Zaragoza S/N Sur Zona centro Monterrey, Nuevo León CP 64000','123456789','66ba12fc-10ba-11ee-ba60-3cd92b4d9bf4','99999999-9999-9999-9999-999999999999',NULL,'',NULL,'2023-08-28 11:39:50','99999999-9999-9999-9999-999999999999','2023-08-28 11:39:50','99999999-9999-9999-9999-999999999999',0),
('e6a99b49-45f9-11ee-9014-3cd92b4d9bf4','DEPARTAMENTO DE ENLACE','Calle Zaragoza S/N Sur Zona centro Monterrey, Nuevo León CP 64000','123456789','f0ab4e3e-45f8-11ee-9014-3cd92b4d9bf4','99999999-9999-9999-9999-999999999999','d3025ef1-45ca-11ee-9014-3cd92b4d9bf4','DDE',NULL,'2023-08-28 17:23:31','99999999-9999-9999-9999-999999999999','2023-08-28 17:23:31','99999999-9999-9999-9999-999999999999',0),
('ebe62ae2-366b-11ee-af0d-3cd92b4d9bf4','SUBSECRETARIA DE EGRESOS','MARIANO ESCOBEDO','1236547891','e29661c3-213d-11ee-ac66-3cd92b4d9bf4','99999999-9999-9999-9999-999999999999','7fae1377-42ca-11ee-8f23-00e04c360046',NULL,NULL,'2023-08-08 22:19:24','99999999-9999-9999-9999-999999999999','2023-08-08 22:19:24','99999999-9999-9999-9999-999999999999',0);
/*!40000 ALTER TABLE `Entidades` ENABLE KEYS */;
UNLOCK TABLES;

--
-- Table structure for table `MenuPermisos`
--

DROP TABLE IF EXISTS `MenuPermisos`;
/*!40101 SET @saved_cs_client     = @@character_set_client */;
/*!40101 SET character_set_client = utf8 */;
CREATE TABLE `MenuPermisos` (
  `Id` char(36) NOT NULL DEFAULT uuid(),
  `FechaDeCreacion` datetime NOT NULL DEFAULT current_timestamp(),
  `UltimaModificacion` datetime NOT NULL DEFAULT current_timestamp(),
  `CreadoPor` char(36) NOT NULL,
  `ModificadoPor` char(36) NOT NULL,
  `Deleted` tinyint(1) NOT NULL DEFAULT 0,
  `idMenu` char(36) NOT NULL DEFAULT '',
  `idPermiso` char(36) NOT NULL DEFAULT '',
  `idRol` char(36) NOT NULL,
  PRIMARY KEY (`Id`) USING BTREE,
  KEY `FK_MenuPermisos_Usuarios` (`ModificadoPor`) USING BTREE,
  KEY `FK_MenuPermisos_Usuarios_2` (`CreadoPor`) USING BTREE,
  KEY `FK_MenuPermisos_Usuarios_3` (`idMenu`) USING BTREE,
  KEY `FK_MenuPermisos_Usuarios_4` (`idPermiso`) USING BTREE,
  KEY `FK_MenuPermisos_Usuarios_5` (`idRol`) USING BTREE,
  CONSTRAINT `FK_MenuPermisos_Usuarios` FOREIGN KEY (`ModificadoPor`) REFERENCES `Usuarios` (`Id`) ON DELETE NO ACTION ON UPDATE NO ACTION,
  CONSTRAINT `FK_MenuPermisos_Usuarios_2` FOREIGN KEY (`CreadoPor`) REFERENCES `Usuarios` (`Id`) ON DELETE NO ACTION ON UPDATE NO ACTION,
  CONSTRAINT `FK_MenuPermisos_Usuarios_3` FOREIGN KEY (`idMenu`) REFERENCES `Menus` (`Id`) ON DELETE NO ACTION ON UPDATE NO ACTION,
  CONSTRAINT `FK_MenuPermisos_Usuarios_4` FOREIGN KEY (`idPermiso`) REFERENCES `Permisos` (`Id`) ON DELETE NO ACTION ON UPDATE NO ACTION,
  CONSTRAINT `FK_MenuPermisos_Usuarios_5` FOREIGN KEY (`idRol`) REFERENCES `Roles` (`Id`) ON DELETE NO ACTION ON UPDATE NO ACTION
) ENGINE=InnoDB DEFAULT CHARSET=utf8mb3 COLLATE=utf8mb3_general_ci ROW_FORMAT=DYNAMIC;
/*!40101 SET character_set_client = @saved_cs_client */;

--
-- Dumping data for table `MenuPermisos`
--

LOCK TABLES `MenuPermisos` WRITE;
/*!40000 ALTER TABLE `MenuPermisos` DISABLE KEYS */;
INSERT INTO `MenuPermisos` VALUES
('001522b7-5ad7-11ed-a988-040300000000','2023-09-01 17:29:47','2023-09-01 17:29:47','30adc962-7109-11ed-a880-040300000000','30adc962-7109-11ed-a880-040300000000',0,'fd244a6e-3f74-11ed-af5a-040300000000','f9a4a1e4-5ad1-11ed-a988-040300000000','0191ca3b-5acd-11ed-a988-040300000000'),
('0098c4cb-758b-11ed-aad1-040300000000','2023-09-01 17:29:44','2023-09-01 17:29:44','30adc962-7109-11ed-a880-040300000000','30adc962-7109-11ed-a880-040300000000',0,'d71b0eac-40df-11ed-af5a-040300000000','9b53b86a-7588-11ed-aad1-040300000000','2b2a55a0-71c3-11ed-a880-040300000000'),
('0120f5fa-77e3-11ed-aad1-040300000000','2023-09-01 17:29:45','2023-09-01 17:29:45','30adc962-7109-11ed-a880-040300000000','30adc962-7109-11ed-a880-040300000000',0,'ac3decc1-77e0-11ed-aad1-040300000000','c1a957ea-77e2-11ed-aad1-040300000000','2b2a55a0-71c3-11ed-a880-040300000000'),
('0224262c-74e4-11ed-aad1-040300000000','2023-09-01 17:29:44','2023-09-01 17:29:44','30adc962-7109-11ed-a880-040300000000','30adc962-7109-11ed-a880-040300000000',0,'c12ae0ca-5544-11ed-a988-040300000000','ab958600-5bbe-11ed-a988-040300000000','de8ab454-7269-11ed-a880-040300000000'),
('02962b3f-77e3-11ed-aad1-040300000000','2023-09-01 17:29:45','2023-09-01 17:29:45','30adc962-7109-11ed-a880-040300000000','30adc962-7109-11ed-a880-040300000000',0,'ac3decc1-77e0-11ed-aad1-040300000000','c1a5b89a-77e2-11ed-aad1-040300000000','2b2a55a0-71c3-11ed-a880-040300000000'),
('03e719a5-77e3-11ed-aad1-040300000000','2023-09-01 17:29:45','2023-09-01 17:29:45','30adc962-7109-11ed-a880-040300000000','30adc962-7109-11ed-a880-040300000000',0,'ac3decc1-77e0-11ed-aad1-040300000000','c1a02304-77e2-11ed-aad1-040300000000','2b2a55a0-71c3-11ed-a880-040300000000'),
('045bd926-74e4-11ed-aad1-040300000000','2023-09-01 17:29:44','2023-09-01 17:29:44','30adc962-7109-11ed-a880-040300000000','30adc962-7109-11ed-a880-040300000000',0,'c12ae0ca-5544-11ed-a988-040300000000','ab9832d3-5bbe-11ed-a988-040300000000','de8ab454-7269-11ed-a880-040300000000'),
('06029c9f-77e3-11ed-aad1-040300000000','2023-09-01 17:29:45','2023-09-01 17:29:45','30adc962-7109-11ed-a880-040300000000','30adc962-7109-11ed-a880-040300000000',0,'ac3decc1-77e0-11ed-aad1-040300000000','c1ab0cca-77e2-11ed-aad1-040300000000','2b2a55a0-71c3-11ed-a880-040300000000'),
('076b5bd7-d8cf-11ed-8002-d89d6776f970','2023-09-01 17:29:46','2023-09-01 17:29:46','30adc962-7109-11ed-a880-040300000000','30adc962-7109-11ed-a880-040300000000',0,'4f3569a6-66a2-11ed-a880-040300000000','e0fd5b6c-d3e9-11ed-b61c-2c4138b7dab1','2621f126-71d3-11ed-a880-040300000000'),
('076c4e0f-77e3-11ed-aad1-040300000000','2023-09-01 17:29:45','2023-09-01 17:29:45','30adc962-7109-11ed-a880-040300000000','30adc962-7109-11ed-a880-040300000000',0,'ac3decc1-77e0-11ed-aad1-040300000000','c1a7dcee-77e2-11ed-aad1-040300000000','2b2a55a0-71c3-11ed-a880-040300000000'),
('078d543f-74e4-11ed-aad1-040300000000','2023-09-01 17:29:44','2023-09-01 17:29:44','30adc962-7109-11ed-a880-040300000000','30adc962-7109-11ed-a880-040300000000',0,'c12ae0ca-5544-11ed-a988-040300000000','ab99868c-5bbe-11ed-a988-040300000000','de8ab454-7269-11ed-a880-040300000000'),
('0802b269-d8cf-11ed-8002-d89d6776f970','2023-09-01 17:29:41','2023-09-01 17:29:41','30adc962-7109-11ed-a880-040300000000','30adc962-7109-11ed-a880-040300000000',0,'4f3569a6-66a2-11ed-a880-040300000000','16885277-d3ea-11ed-b61c-2c4138b7dab1','2621f126-71d3-11ed-a880-040300000000'),
('09619a31-d8cf-11ed-8002-d89d6776f970','2023-09-01 17:29:41','2023-09-01 17:29:41','30adc962-7109-11ed-a880-040300000000','30adc962-7109-11ed-a880-040300000000',0,'4f3569a6-66a2-11ed-a880-040300000000','0e576314-d3e6-11ed-b61c-2c4138b7dab1','2621f126-71d3-11ed-a880-040300000000'),
('09f7087c-d8cf-11ed-8002-d89d6776f970','2023-09-01 17:29:41','2023-09-01 17:29:41','30adc962-7109-11ed-a880-040300000000','30adc962-7109-11ed-a880-040300000000',0,'4f3569a6-66a2-11ed-a880-040300000000','00b20e12-d3e6-11ed-b61c-2c4138b7dab1','2621f126-71d3-11ed-a880-040300000000'),
('0a4432bd-74e4-11ed-aad1-040300000000','2023-09-01 17:29:44','2023-09-01 17:29:44','30adc962-7109-11ed-a880-040300000000','30adc962-7109-11ed-a880-040300000000',0,'c12ae0ca-5544-11ed-a988-040300000000','ab9abbcc-5bbe-11ed-a988-040300000000','de8ab454-7269-11ed-a880-040300000000'),
('0accc317-74d7-11ed-aad1-040300000000','2023-09-01 17:29:46','2023-09-01 17:29:46','30adc962-7109-11ed-a880-040300000000','30adc962-7109-11ed-a880-040300000000',0,'06fdfe19-53ce-11ed-ab6c-040300000000','ea0a6152-5ebe-11ed-a880-040300000000','2621f126-71d3-11ed-a880-040300000000'),
('0ad2eacb-d8cf-11ed-8002-d89d6776f970','2023-09-01 17:29:44','2023-09-01 17:29:44','30adc962-7109-11ed-a880-040300000000','30adc962-7109-11ed-a880-040300000000',0,'4f3569a6-66a2-11ed-a880-040300000000','bc14e80d-d3dd-11ed-b61c-2c4138b7dab1','2621f126-71d3-11ed-a880-040300000000'),
('0ba1ca11-d8cf-11ed-8002-d89d6776f970','2023-09-01 17:29:45','2023-09-01 17:29:45','30adc962-7109-11ed-a880-040300000000','30adc962-7109-11ed-a880-040300000000',0,'4f3569a6-66a2-11ed-a880-040300000000','d29b1111-d3dd-11ed-b61c-2c4138b7dab1','2621f126-71d3-11ed-a880-040300000000'),
('0c66b809-d8cf-11ed-8002-d89d6776f970','2023-09-01 17:29:46','2023-09-01 17:29:46','30adc962-7109-11ed-a880-040300000000','30adc962-7109-11ed-a880-040300000000',0,'4f3569a6-66a2-11ed-a880-040300000000','ece399bd-d3dd-11ed-b61c-2c4138b7dab1','2621f126-71d3-11ed-a880-040300000000'),
('0c6f0f38-74d7-11ed-aad1-040300000000','2023-09-01 17:29:46','2023-09-01 17:29:46','30adc962-7109-11ed-a880-040300000000','30adc962-7109-11ed-a880-040300000000',0,'06fdfe19-53ce-11ed-ab6c-040300000000','ea0d8cdc-5ebe-11ed-a880-040300000000','2621f126-71d3-11ed-a880-040300000000'),
('0d27368e-d8cf-11ed-8002-d89d6776f970','2023-09-01 17:29:45','2023-09-01 17:29:45','30adc962-7109-11ed-a880-040300000000','30adc962-7109-11ed-a880-040300000000',0,'4f3569a6-66a2-11ed-a880-040300000000','dfec6aed-d3dd-11ed-b61c-2c4138b7dab1','2621f126-71d3-11ed-a880-040300000000'),
('0df90785-74d7-11ed-aad1-040300000000','2023-09-01 17:29:46','2023-09-01 17:29:46','30adc962-7109-11ed-a880-040300000000','30adc962-7109-11ed-a880-040300000000',0,'06fdfe19-53ce-11ed-ab6c-040300000000','ea0ed1c6-5ebe-11ed-a880-040300000000','2621f126-71d3-11ed-a880-040300000000'),
('0e14b4a9-d8cf-11ed-8002-d89d6776f970','2023-09-01 17:29:45','2023-09-01 17:29:45','30adc962-7109-11ed-a880-040300000000','30adc962-7109-11ed-a880-040300000000',0,'4f3569a6-66a2-11ed-a880-040300000000','c89686b8-d3dd-11ed-b61c-2c4138b7dab1','2621f126-71d3-11ed-a880-040300000000'),
('0e2f3889-50e4-11ee-a933-236cb4402701','2023-09-11 13:44:51','2023-09-11 13:44:51','30adc962-7109-11ed-a880-040300000000','30adc962-7109-11ed-a880-040300000000',0,'4f3569a6-66a2-11ed-a880-040300000000','0b8bc358-14ff-11ee-8002-d89d6776f970','2621f126-71d3-11ed-a880-040300000000'),
('0ef36b72-d8cf-11ed-8002-d89d6776f970','2023-09-01 17:29:43','2023-09-01 17:29:43','30adc962-7109-11ed-a880-040300000000','30adc962-7109-11ed-a880-040300000000',0,'4f3569a6-66a2-11ed-a880-040300000000','57bbe994-d898-11ed-b61c-2c4138b7dab1','2621f126-71d3-11ed-a880-040300000000'),
('0f8dafc6-d8cf-11ed-8002-d89d6776f970','2023-09-01 17:29:47','2023-09-01 17:29:47','30adc962-7109-11ed-a880-040300000000','30adc962-7109-11ed-a880-040300000000',0,'4f3569a6-66a2-11ed-a880-040300000000','fdd8a863-d885-11ed-b61c-2c4138b7dab1','2621f126-71d3-11ed-a880-040300000000'),
('119fbe0b-d8cf-11ed-8002-d89d6776f970','2023-09-01 17:29:44','2023-09-01 17:29:44','30adc962-7109-11ed-a880-040300000000','30adc962-7109-11ed-a880-040300000000',0,'4f3569a6-66a2-11ed-a880-040300000000','67113a79-d898-11ed-b61c-2c4138b7dab1','2621f126-71d3-11ed-a880-040300000000'),
('12331d2b-d8cf-11ed-8002-d89d6776f970','2023-09-01 17:29:46','2023-09-01 17:29:46','30adc962-7109-11ed-a880-040300000000','30adc962-7109-11ed-a880-040300000000',0,'4f3569a6-66a2-11ed-a880-040300000000','f05e4b62-d885-11ed-b61c-2c4138b7dab1','2621f126-71d3-11ed-a880-040300000000'),
('12e9b2ce-a27f-11ed-854b-040300000000','2023-09-01 17:29:41','2023-09-01 17:29:41','30adc962-7109-11ed-a880-040300000000','30adc962-7109-11ed-a880-040300000000',0,'74cbffab-95ef-11ed-a912-705a0f328da6','1d060def-968e-11ed-a912-705a0f328da6','2b2a55a0-71c3-11ed-a880-040300000000'),
('13672e06-7684-11ed-aad1-040300000000','2023-09-01 17:29:44','2023-09-01 17:29:44','30adc962-7109-11ed-a880-040300000000','30adc962-7109-11ed-a880-040300000000',0,'e326d92e-61e2-11ed-a880-040300000000','6fc658d0-61e8-11ed-a880-040300000000','2b2a55a0-71c3-11ed-a880-040300000000'),
('13aa87ae-a27f-11ed-854b-040300000000','2023-09-01 17:29:43','2023-09-01 17:29:43','30adc962-7109-11ed-a880-040300000000','30adc962-7109-11ed-a880-040300000000',0,'74cbffab-95ef-11ed-a912-705a0f328da6','5f0ea9ad-968e-11ed-a912-705a0f328da6','2b2a55a0-71c3-11ed-a880-040300000000'),
('141b24a0-a27f-11ed-854b-040300000000','2023-09-01 17:29:44','2023-09-01 17:29:44','30adc962-7109-11ed-a880-040300000000','30adc962-7109-11ed-a880-040300000000',0,'74cbffab-95ef-11ed-a912-705a0f328da6','6ce74f68-968e-11ed-a912-705a0f328da6','2b2a55a0-71c3-11ed-a880-040300000000'),
('1477c558-a27f-11ed-854b-040300000000','2023-09-01 17:29:44','2023-09-01 17:29:44','30adc962-7109-11ed-a880-040300000000','30adc962-7109-11ed-a880-040300000000',0,'74cbffab-95ef-11ed-a912-705a0f328da6','904ec655-968e-11ed-a912-705a0f328da6','2b2a55a0-71c3-11ed-a880-040300000000'),
('14a08021-7274-11ed-a880-040300000000','2023-09-01 17:29:41','2023-09-01 17:29:41','30adc962-7109-11ed-a880-040300000000','30adc962-7109-11ed-a880-040300000000',0,'83456f02-44ff-11ed-aea4-040300000000','0c6c2f89-7274-11ed-a880-040300000000','2b2a55a0-71c3-11ed-a880-040300000000'),
('14ca6a8e-a27f-11ed-854b-040300000000','2023-09-01 17:29:42','2023-09-01 17:29:42','30adc962-7109-11ed-a880-040300000000','30adc962-7109-11ed-a880-040300000000',0,'74cbffab-95ef-11ed-a912-705a0f328da6','20e71a7f-968f-11ed-a912-705a0f328da6','2b2a55a0-71c3-11ed-a880-040300000000'),
('14d2d3dd-7684-11ed-aad1-040300000000','2023-09-01 17:29:44','2023-09-01 17:29:44','30adc962-7109-11ed-a880-040300000000','30adc962-7109-11ed-a880-040300000000',0,'e326d92e-61e2-11ed-a880-040300000000','6fca0dbe-61e8-11ed-a880-040300000000','2b2a55a0-71c3-11ed-a880-040300000000'),
('1543556e-14ff-11ee-8002-d89d6776f970','2023-09-01 17:29:41','2023-09-01 17:29:41','30adc962-7109-11ed-a880-040300000000','30adc962-7109-11ed-a880-040300000000',0,'4f3569a6-66a2-11ed-a880-040300000000','0b8bc358-14ff-11ee-8002-d89d6776f970','de8ab454-7269-11ed-a880-040300000000'),
('155e763d-a27f-11ed-854b-040300000000','2023-09-01 17:29:43','2023-09-01 17:29:43','30adc962-7109-11ed-a880-040300000000','30adc962-7109-11ed-a880-040300000000',0,'74cbffab-95ef-11ed-a912-705a0f328da6','43ca28f0-968f-11ed-a912-705a0f328da6','2b2a55a0-71c3-11ed-a880-040300000000'),
('15bbbf4f-a27f-11ed-854b-040300000000','2023-09-01 17:29:43','2023-09-01 17:29:43','30adc962-7109-11ed-a880-040300000000','30adc962-7109-11ed-a880-040300000000',0,'74cbffab-95ef-11ed-a912-705a0f328da6','4fb9affd-968f-11ed-a912-705a0f328da6','2b2a55a0-71c3-11ed-a880-040300000000'),
('16577fb4-7274-11ed-a880-040300000000','2023-09-01 17:29:41','2023-09-01 17:29:41','30adc962-7109-11ed-a880-040300000000','30adc962-7109-11ed-a880-040300000000',0,'83456f02-44ff-11ed-aea4-040300000000','0c617253-7274-11ed-a880-040300000000','2b2a55a0-71c3-11ed-a880-040300000000'),
('17cdbeea-7274-11ed-a880-040300000000','2023-09-01 17:29:41','2023-09-01 17:29:41','30adc962-7109-11ed-a880-040300000000','30adc962-7109-11ed-a880-040300000000',0,'83456f02-44ff-11ed-aea4-040300000000','0c66f4c7-7274-11ed-a880-040300000000','2b2a55a0-71c3-11ed-a880-040300000000'),
('19623ac9-7274-11ed-a880-040300000000','2023-09-01 17:29:41','2023-09-01 17:29:41','30adc962-7109-11ed-a880-040300000000','30adc962-7109-11ed-a880-040300000000',0,'83456f02-44ff-11ed-aea4-040300000000','0c62f625-7274-11ed-a880-040300000000','2b2a55a0-71c3-11ed-a880-040300000000'),
('1af97802-7274-11ed-a880-040300000000','2023-09-01 17:29:41','2023-09-01 17:29:41','30adc962-7109-11ed-a880-040300000000','30adc962-7109-11ed-a880-040300000000',0,'83456f02-44ff-11ed-aea4-040300000000','0c59b820-7274-11ed-a880-040300000000','2b2a55a0-71c3-11ed-a880-040300000000'),
('1b092c19-d8cf-11ed-8002-d89d6776f970','2023-09-01 17:29:41','2023-09-01 17:29:41','30adc962-7109-11ed-a880-040300000000','30adc962-7109-11ed-a880-040300000000',0,'4f3569a6-66a2-11ed-a880-040300000000','190e7f00-d3e6-11ed-b61c-2c4138b7dab1','2621f126-71d3-11ed-a880-040300000000'),
('1c85e272-7274-11ed-a880-040300000000','2023-09-01 17:29:41','2023-09-01 17:29:41','30adc962-7109-11ed-a880-040300000000','30adc962-7109-11ed-a880-040300000000',0,'83456f02-44ff-11ed-aea4-040300000000','0c696be2-7274-11ed-a880-040300000000','2b2a55a0-71c3-11ed-a880-040300000000'),
('1e186793-7274-11ed-a880-040300000000','2023-09-01 17:29:41','2023-09-01 17:29:41','30adc962-7109-11ed-a880-040300000000','30adc962-7109-11ed-a880-040300000000',0,'83456f02-44ff-11ed-aea4-040300000000','0c651184-7274-11ed-a880-040300000000','2b2a55a0-71c3-11ed-a880-040300000000'),
('1e7289ca-726e-11ed-a880-040300000000','2023-09-01 17:29:43','2023-09-01 17:29:43','30adc962-7109-11ed-a880-040300000000','30adc962-7109-11ed-a880-040300000000',0,'09dbe702-43ff-11ed-aea4-040300000000','4148a74d-5b8e-11ed-a988-040300000000','2b2a55a0-71c3-11ed-a880-040300000000'),
('20194ecb-726e-11ed-a880-040300000000','2023-09-01 17:29:43','2023-09-01 17:29:43','30adc962-7109-11ed-a880-040300000000','30adc962-7109-11ed-a880-040300000000',0,'09dbe702-43ff-11ed-aea4-040300000000','41438c5d-5b8e-11ed-a988-040300000000','2b2a55a0-71c3-11ed-a880-040300000000'),
('215fde1b-757f-11ed-aad1-040300000000','2023-09-01 17:29:45','2023-09-01 17:29:45','30adc962-7109-11ed-a880-040300000000','30adc962-7109-11ed-a880-040300000000',0,'a351bada-4010-11ed-af5a-040300000000','d810be07-5c9c-11ed-a880-040300000000','2b2a55a0-71c3-11ed-a880-040300000000'),
('21c31c31-726e-11ed-a880-040300000000','2023-09-01 17:29:43','2023-09-01 17:29:43','30adc962-7109-11ed-a880-040300000000','30adc962-7109-11ed-a880-040300000000',0,'09dbe702-43ff-11ed-aea4-040300000000','413fc2ec-5b8e-11ed-a988-040300000000','2b2a55a0-71c3-11ed-a880-040300000000'),
('233345cd-726e-11ed-a880-040300000000','2023-09-01 17:29:43','2023-09-01 17:29:43','30adc962-7109-11ed-a880-040300000000','30adc962-7109-11ed-a880-040300000000',0,'09dbe702-43ff-11ed-aea4-040300000000','41410682-5b8e-11ed-a988-040300000000','2b2a55a0-71c3-11ed-a880-040300000000'),
('233ec87d-757f-11ed-aad1-040300000000','2023-09-01 17:29:45','2023-09-01 17:29:45','30adc962-7109-11ed-a880-040300000000','30adc962-7109-11ed-a880-040300000000',0,'a351bada-4010-11ed-af5a-040300000000','d812b07f-5c9c-11ed-a880-040300000000','2b2a55a0-71c3-11ed-a880-040300000000'),
('24251b4a-e5da-11ed-8002-d89d6776f970','2023-09-01 17:29:41','2023-09-01 17:29:41','30adc962-7109-11ed-a880-040300000000','30adc962-7109-11ed-a880-040300000000',0,'b3a6d6a6-40de-11ed-af5a-040300000000','17ab07c6-e5da-11ed-8002-d89d6776f970','2b2a55a0-71c3-11ed-a880-040300000000'),
('24f102cf-7273-11ed-a880-040300000000','2023-09-01 17:29:43','2023-09-01 17:29:43','30adc962-7109-11ed-a880-040300000000','30adc962-7109-11ed-a880-040300000000',0,'0ee92033-43f0-11ed-aea4-040300000000','413e7683-5b8e-11ed-a988-040300000000','2b2a55a0-71c3-11ed-a880-040300000000'),
('2535d18a-726e-11ed-a880-040300000000','2023-09-01 17:29:43','2023-09-01 17:29:43','30adc962-7109-11ed-a880-040300000000','30adc962-7109-11ed-a880-040300000000',0,'09dbe702-43ff-11ed-aea4-040300000000','414675b7-5b8e-11ed-a988-040300000000','2b2a55a0-71c3-11ed-a880-040300000000'),
('2565677b-7274-11ed-a880-040300000000','2023-09-01 17:29:41','2023-09-01 17:29:41','30adc962-7109-11ed-a880-040300000000','30adc962-7109-11ed-a880-040300000000',0,'969e84ee-44ff-11ed-aea4-040300000000','0c7fbe90-7274-11ed-a880-040300000000','2b2a55a0-71c3-11ed-a880-040300000000'),
('269ebcd2-7273-11ed-a880-040300000000','2023-09-01 17:29:43','2023-09-01 17:29:43','30adc962-7109-11ed-a880-040300000000','30adc962-7109-11ed-a880-040300000000',0,'0ee92033-43f0-11ed-aea4-040300000000','413594d1-5b8e-11ed-a988-040300000000','2b2a55a0-71c3-11ed-a880-040300000000'),
('26cc922d-726e-11ed-a880-040300000000','2023-09-01 17:29:43','2023-09-01 17:29:43','30adc962-7109-11ed-a880-040300000000','30adc962-7109-11ed-a880-040300000000',0,'09dbe702-43ff-11ed-aea4-040300000000','41424703-5b8e-11ed-a988-040300000000','2b2a55a0-71c3-11ed-a880-040300000000'),
('26d0a713-7274-11ed-a880-040300000000','2023-09-01 17:29:41','2023-09-01 17:29:41','30adc962-7109-11ed-a880-040300000000','30adc962-7109-11ed-a880-040300000000',0,'969e84ee-44ff-11ed-aea4-040300000000','0c70e0c8-7274-11ed-a880-040300000000','2b2a55a0-71c3-11ed-a880-040300000000'),
('2752c223-c9ae-11ed-8002-d89d6776f970','2023-09-01 17:29:44','2023-09-01 17:29:44','30adc962-7109-11ed-a880-040300000000','30adc962-7109-11ed-a880-040300000000',0,'4f3569a6-66a2-11ed-a880-040300000000','9688d9d9-c445-11ed-b789-2c4138b7dab1','2621f126-71d3-11ed-a880-040300000000'),
('27f42572-0621-11ee-8002-d89d6776f970','2023-09-01 17:29:44','2023-09-01 17:29:44','30adc962-7109-11ed-a880-040300000000','30adc962-7109-11ed-a880-040300000000',0,'4f3569a6-66a2-11ed-a880-040300000000','908ec111-d898-11ed-b61c-2c4138b7dab1','22e1877d-95cc-11ed-a912-705a0f328da6'),
('284e258b-7274-11ed-a880-040300000000','2023-09-01 17:29:41','2023-09-01 17:29:41','30adc962-7109-11ed-a880-040300000000','30adc962-7109-11ed-a880-040300000000',0,'969e84ee-44ff-11ed-aea4-040300000000','0c79d814-7274-11ed-a880-040300000000','2b2a55a0-71c3-11ed-a880-040300000000'),
('29b63741-7274-11ed-a880-040300000000','2023-09-01 17:29:41','2023-09-01 17:29:41','30adc962-7109-11ed-a880-040300000000','30adc962-7109-11ed-a880-040300000000',0,'969e84ee-44ff-11ed-aea4-040300000000','0c73e1c2-7274-11ed-a880-040300000000','2b2a55a0-71c3-11ed-a880-040300000000'),
('2a166f43-7273-11ed-a880-040300000000','2023-09-01 17:29:43','2023-09-01 17:29:43','30adc962-7109-11ed-a880-040300000000','30adc962-7109-11ed-a880-040300000000',0,'0ee92033-43f0-11ed-aea4-040300000000','413bf145-5b8e-11ed-a988-040300000000','2b2a55a0-71c3-11ed-a880-040300000000'),
('2a907dc1-74d7-11ed-aad1-040300000000','2023-09-01 17:29:46','2023-09-01 17:29:46','30adc962-7109-11ed-a880-040300000000','30adc962-7109-11ed-a880-040300000000',0,'a21e7880-40df-11ed-af5a-040300000000','ea34f4c7-5ebe-11ed-a880-040300000000','2621f126-71d3-11ed-a880-040300000000'),
('2aea17a1-0fa1-11ee-8002-d89d6776f970','2023-09-01 17:29:46','2023-09-01 17:29:46','30adc962-7109-11ed-a880-040300000000','30adc962-7109-11ed-a880-040300000000',0,'9aa105ea-b868-11ed-8002-d89d6776f970','e9bc605b-0fa0-11ee-8002-d89d6776f970','0191ca3b-5acd-11ed-a988-040300000000'),
('2b3f2386-7274-11ed-a880-040300000000','2023-09-01 17:29:41','2023-09-01 17:29:41','30adc962-7109-11ed-a880-040300000000','30adc962-7109-11ed-a880-040300000000',0,'969e84ee-44ff-11ed-aea4-040300000000','0c6e49cb-7274-11ed-a880-040300000000','2b2a55a0-71c3-11ed-a880-040300000000'),
('2b604b7d-0fa1-11ee-8002-d89d6776f970','2023-09-01 17:29:47','2023-09-01 17:29:47','30adc962-7109-11ed-a880-040300000000','30adc962-7109-11ed-a880-040300000000',0,'9aa105ea-b868-11ed-8002-d89d6776f970','fbabaf47-0fa0-11ee-8002-d89d6776f970','0191ca3b-5acd-11ed-a988-040300000000'),
('2b849f49-7273-11ed-a880-040300000000','2023-09-01 17:29:43','2023-09-01 17:29:43','30adc962-7109-11ed-a880-040300000000','30adc962-7109-11ed-a880-040300000000',0,'0ee92033-43f0-11ed-aea4-040300000000','413877ed-5b8e-11ed-a988-040300000000','2b2a55a0-71c3-11ed-a880-040300000000'),
('2ba3e068-330e-11ee-8002-d89d6776f970','2023-09-01 17:29:45','2023-09-01 17:29:45','30adc962-7109-11ed-a880-040300000000','30adc962-7109-11ed-a880-040300000000',0,'4f3569a6-66a2-11ed-a880-040300000000','e0fd5b6c-d3e9-11ed-b61c-2c4138b7dab1','22e1877d-95cc-11ed-a912-705a0f328da6'),
('2bb5e9bc-0fa1-11ee-8002-d89d6776f970','2023-09-01 17:29:47','2023-09-01 17:29:47','30adc962-7109-11ed-a880-040300000000','30adc962-7109-11ed-a880-040300000000',0,'9aa105ea-b868-11ed-8002-d89d6776f970','f2b803a0-0fa0-11ee-8002-d89d6776f970','0191ca3b-5acd-11ed-a988-040300000000'),
('2bf8b8c6-74d7-11ed-aad1-040300000000','2023-09-01 17:29:46','2023-09-01 17:29:46','30adc962-7109-11ed-a880-040300000000','30adc962-7109-11ed-a880-040300000000',0,'a21e7880-40df-11ed-af5a-040300000000','ea37805f-5ebe-11ed-a880-040300000000','2621f126-71d3-11ed-a880-040300000000'),
('2c0d8bcb-0fa1-11ee-8002-d89d6776f970','2023-09-01 17:29:41','2023-09-01 17:29:41','30adc962-7109-11ed-a880-040300000000','30adc962-7109-11ed-a880-040300000000',0,'9aa105ea-b868-11ed-8002-d89d6776f970','1653ab55-0fa1-11ee-8002-d89d6776f970','0191ca3b-5acd-11ed-a988-040300000000'),
('2c645174-0fa1-11ee-8002-d89d6776f970','2023-09-01 17:29:42','2023-09-01 17:29:42','30adc962-7109-11ed-a880-040300000000','30adc962-7109-11ed-a880-040300000000',0,'9aa105ea-b868-11ed-8002-d89d6776f970','218f8993-0fa1-11ee-8002-d89d6776f970','0191ca3b-5acd-11ed-a988-040300000000'),
('2cd3eb6c-7274-11ed-a880-040300000000','2023-09-01 17:29:41','2023-09-01 17:29:41','30adc962-7109-11ed-a880-040300000000','30adc962-7109-11ed-a880-040300000000',0,'969e84ee-44ff-11ed-aea4-040300000000','0c7d22ae-7274-11ed-a880-040300000000','2b2a55a0-71c3-11ed-a880-040300000000'),
('2cffeb14-7273-11ed-a880-040300000000','2023-09-01 17:29:43','2023-09-01 17:29:43','30adc962-7109-11ed-a880-040300000000','30adc962-7109-11ed-a880-040300000000',0,'0ee92033-43f0-11ed-aea4-040300000000','413d35ff-5b8e-11ed-a988-040300000000','2b2a55a0-71c3-11ed-a880-040300000000'),
('2d386f6a-726f-11ed-a880-040300000000','2023-09-01 17:29:42','2023-09-01 17:29:42','30adc962-7109-11ed-a880-040300000000','30adc962-7109-11ed-a880-040300000000',0,'cc383716-4341-11ed-aea4-040300000000','2df4690c-5b8f-11ed-a988-040300000000','2b2a55a0-71c3-11ed-a880-040300000000'),
('2d6bd2c4-74d7-11ed-aad1-040300000000','2023-09-01 17:29:46','2023-09-01 17:29:46','30adc962-7109-11ed-a880-040300000000','30adc962-7109-11ed-a880-040300000000',0,'a21e7880-40df-11ed-af5a-040300000000','ea363f9e-5ebe-11ed-a880-040300000000','2621f126-71d3-11ed-a880-040300000000'),
('2e5cff19-7274-11ed-a880-040300000000','2023-09-01 17:29:41','2023-09-01 17:29:41','30adc962-7109-11ed-a880-040300000000','30adc962-7109-11ed-a880-040300000000',0,'969e84ee-44ff-11ed-aea4-040300000000','0c77267d-7274-11ed-a880-040300000000','2b2a55a0-71c3-11ed-a880-040300000000'),
('2e5f6615-330e-11ee-8002-d89d6776f970','2023-09-01 17:29:41','2023-09-01 17:29:41','30adc962-7109-11ed-a880-040300000000','30adc962-7109-11ed-a880-040300000000',0,'4f3569a6-66a2-11ed-a880-040300000000','16885277-d3ea-11ed-b61c-2c4138b7dab1','22e1877d-95cc-11ed-a912-705a0f328da6'),
('2e93c8bd-7273-11ed-a880-040300000000','2023-09-01 17:29:43','2023-09-01 17:29:43','30adc962-7109-11ed-a880-040300000000','30adc962-7109-11ed-a880-040300000000',0,'0ee92033-43f0-11ed-aea4-040300000000','413aab0d-5b8e-11ed-a988-040300000000','2b2a55a0-71c3-11ed-a880-040300000000'),
('2f16b6a9-726f-11ed-a880-040300000000','2023-09-01 17:29:42','2023-09-01 17:29:42','30adc962-7109-11ed-a880-040300000000','30adc962-7109-11ed-a880-040300000000',0,'cc383716-4341-11ed-aea4-040300000000','2dfac53c-5b8f-11ed-a988-040300000000','2b2a55a0-71c3-11ed-a880-040300000000'),
('30f48eee-726f-11ed-a880-040300000000','2023-09-01 17:29:42','2023-09-01 17:29:42','30adc962-7109-11ed-a880-040300000000','30adc962-7109-11ed-a880-040300000000',0,'cc383716-4341-11ed-aea4-040300000000','2df76b5f-5b8f-11ed-a988-040300000000','2b2a55a0-71c3-11ed-a880-040300000000'),
('32a5061b-726f-11ed-a880-040300000000','2023-09-01 17:29:46','2023-09-01 17:29:46','30adc962-7109-11ed-a880-040300000000','30adc962-7109-11ed-a880-040300000000',0,'cc383716-4341-11ed-aea4-040300000000','ee835d55-5b91-11ed-a988-040300000000','2b2a55a0-71c3-11ed-a880-040300000000'),
('34b636f8-726f-11ed-a880-040300000000','2023-09-01 17:29:42','2023-09-01 17:29:42','30adc962-7109-11ed-a880-040300000000','30adc962-7109-11ed-a880-040300000000',0,'cc383716-4341-11ed-aea4-040300000000','2dfc055c-5b8f-11ed-a988-040300000000','2b2a55a0-71c3-11ed-a880-040300000000'),
('369b80a0-726f-11ed-a880-040300000000','2023-09-01 17:29:42','2023-09-01 17:29:42','30adc962-7109-11ed-a880-040300000000','30adc962-7109-11ed-a880-040300000000',0,'cc383716-4341-11ed-aea4-040300000000','2df97fe1-5b8f-11ed-a988-040300000000','2b2a55a0-71c3-11ed-a880-040300000000'),
('396da8af-e5d9-11ed-8002-d89d6776f970','2023-09-01 17:29:42','2023-09-01 17:29:42','30adc962-7109-11ed-a880-040300000000','30adc962-7109-11ed-a880-040300000000',0,'892ffcbf-40df-11ed-af5a-040300000000','25a20508-e5d9-11ed-8002-d89d6776f970','2b2a55a0-71c3-11ed-a880-040300000000'),
('3c90b946-726f-11ed-a880-040300000000','2023-09-01 17:29:42','2023-09-01 17:29:42','30adc962-7109-11ed-a880-040300000000','30adc962-7109-11ed-a880-040300000000',0,'bad984bb-4341-11ed-aea4-040300000000','2debf1be-5b8f-11ed-a988-040300000000','2b2a55a0-71c3-11ed-a880-040300000000'),
('3dc234e7-74d7-11ed-aad1-040300000000','2023-09-01 17:29:45','2023-09-01 17:29:45','30adc962-7109-11ed-a880-040300000000','30adc962-7109-11ed-a880-040300000000',0,'a351bada-4010-11ed-af5a-040300000000','d810be07-5c9c-11ed-a880-040300000000','2621f126-71d3-11ed-a880-040300000000'),
('3e508d47-726f-11ed-a880-040300000000','2023-09-01 17:29:42','2023-09-01 17:29:42','30adc962-7109-11ed-a880-040300000000','30adc962-7109-11ed-a880-040300000000',0,'bad984bb-4341-11ed-aea4-040300000000','2df31d51-5b8f-11ed-a988-040300000000','2b2a55a0-71c3-11ed-a880-040300000000'),
('3f102dd4-74d7-11ed-aad1-040300000000','2023-09-01 17:29:45','2023-09-01 17:29:45','30adc962-7109-11ed-a880-040300000000','30adc962-7109-11ed-a880-040300000000',0,'a351bada-4010-11ed-af5a-040300000000','d81524dc-5c9c-11ed-a880-040300000000','2621f126-71d3-11ed-a880-040300000000'),
('407878b5-74d7-11ed-aad1-040300000000','2023-09-01 17:29:45','2023-09-01 17:29:45','30adc962-7109-11ed-a880-040300000000','30adc962-7109-11ed-a880-040300000000',0,'a351bada-4010-11ed-af5a-040300000000','d812b07f-5c9c-11ed-a880-040300000000','2621f126-71d3-11ed-a880-040300000000'),
('41aeab5c-74d7-11ed-aad1-040300000000','2023-09-01 17:29:45','2023-09-01 17:29:45','30adc962-7109-11ed-a880-040300000000','30adc962-7109-11ed-a880-040300000000',0,'a351bada-4010-11ed-af5a-040300000000','d813dec3-5c9c-11ed-a880-040300000000','2621f126-71d3-11ed-a880-040300000000'),
('42a9dc9e-726f-11ed-a880-040300000000','2023-09-01 17:29:42','2023-09-01 17:29:42','30adc962-7109-11ed-a880-040300000000','30adc962-7109-11ed-a880-040300000000',0,'bad984bb-4341-11ed-aea4-040300000000','2dee0966-5b8f-11ed-a988-040300000000','2b2a55a0-71c3-11ed-a880-040300000000'),
('42d34e57-74d7-11ed-aad1-040300000000','2023-09-01 17:29:45','2023-09-01 17:29:45','30adc962-7109-11ed-a880-040300000000','30adc962-7109-11ed-a880-040300000000',0,'a351bada-4010-11ed-af5a-040300000000','d8166a5b-5c9c-11ed-a880-040300000000','2621f126-71d3-11ed-a880-040300000000'),
('4449083f-726f-11ed-a880-040300000000','2023-09-01 17:29:46','2023-09-01 17:29:46','30adc962-7109-11ed-a880-040300000000','30adc962-7109-11ed-a880-040300000000',0,'bad984bb-4341-11ed-aea4-040300000000','ee7dc951-5b91-11ed-a988-040300000000','2b2a55a0-71c3-11ed-a880-040300000000'),
('444f6444-74d7-11ed-aad1-040300000000','2023-09-01 17:29:42','2023-09-01 17:29:42','30adc962-7109-11ed-a880-040300000000','30adc962-7109-11ed-a880-040300000000',0,'a351bada-4010-11ed-af5a-040300000000','23c0573a-5ca1-11ed-a880-040300000000','2621f126-71d3-11ed-a880-040300000000'),
('45e56fa9-726f-11ed-a880-040300000000','2023-09-01 17:29:42','2023-09-01 17:29:42','30adc962-7109-11ed-a880-040300000000','30adc962-7109-11ed-a880-040300000000',0,'bad984bb-4341-11ed-aea4-040300000000','2df0995b-5b8f-11ed-a988-040300000000','2b2a55a0-71c3-11ed-a880-040300000000'),
('4778f95d-726f-11ed-a880-040300000000','2023-09-01 17:29:42','2023-09-01 17:29:42','30adc962-7109-11ed-a880-040300000000','30adc962-7109-11ed-a880-040300000000',0,'bad984bb-4341-11ed-aea4-040300000000','2df1d8ef-5b8f-11ed-a988-040300000000','2b2a55a0-71c3-11ed-a880-040300000000'),
('47bcc8d4-d8ce-11ed-8002-d89d6776f970','2023-09-01 17:29:46','2023-09-01 17:29:46','30adc962-7109-11ed-a880-040300000000','30adc962-7109-11ed-a880-040300000000',0,'4f3569a6-66a2-11ed-a880-040300000000','ece399bd-d3dd-11ed-b61c-2c4138b7dab1','22e1877d-95cc-11ed-a912-705a0f328da6'),
('4853c986-0eef-11ee-8002-d89d6776f970','2023-09-01 17:29:42','2023-09-01 17:29:42','30adc962-7109-11ed-a880-040300000000','30adc962-7109-11ed-a880-040300000000',0,'4f3569a6-66a2-11ed-a880-040300000000','3f826700-0eef-11ee-8002-d89d6776f970','2621f126-71d3-11ed-a880-040300000000'),
('490b15e2-726f-11ed-a880-040300000000','2023-09-01 17:29:42','2023-09-01 17:29:42','30adc962-7109-11ed-a880-040300000000','30adc962-7109-11ed-a880-040300000000',0,'bad984bb-4341-11ed-aea4-040300000000','2def4d19-5b8f-11ed-a988-040300000000','2b2a55a0-71c3-11ed-a880-040300000000'),
('4c816c6c-74d7-11ed-aad1-040300000000','2023-09-01 17:29:41','2023-09-01 17:29:41','30adc962-7109-11ed-a880-040300000000','30adc962-7109-11ed-a880-040300000000',0,'1b30d3dd-6a85-11ed-a880-040300000000','0273a565-6a86-11ed-a880-040300000000','2621f126-71d3-11ed-a880-040300000000'),
('4caf3b39-74d7-11ed-aad1-040300000000','2023-09-01 17:29:41','2023-09-01 17:29:41','30adc962-7109-11ed-a880-040300000000','30adc962-7109-11ed-a880-040300000000',0,'1b30d3dd-6a85-11ed-a880-040300000000','02797f24-6a86-11ed-a880-040300000000','2621f126-71d3-11ed-a880-040300000000'),
('4cc13683-d8ce-11ed-8002-d89d6776f970','2023-09-01 17:29:44','2023-09-01 17:29:44','30adc962-7109-11ed-a880-040300000000','30adc962-7109-11ed-a880-040300000000',0,'4f3569a6-66a2-11ed-a880-040300000000','bc14e80d-d3dd-11ed-b61c-2c4138b7dab1','22e1877d-95cc-11ed-a912-705a0f328da6'),
('4ea6c448-74d7-11ed-aad1-040300000000','2023-09-01 17:29:41','2023-09-01 17:29:41','30adc962-7109-11ed-a880-040300000000','30adc962-7109-11ed-a880-040300000000',0,'1b30d3dd-6a85-11ed-a880-040300000000','027a924a-6a86-11ed-a880-040300000000','2621f126-71d3-11ed-a880-040300000000'),
('4f4d7f51-d8ce-11ed-8002-d89d6776f970','2023-09-01 17:29:44','2023-09-01 17:29:44','30adc962-7109-11ed-a880-040300000000','30adc962-7109-11ed-a880-040300000000',0,'4f3569a6-66a2-11ed-a880-040300000000','ae568806-d3dd-11ed-b61c-2c4138b7dab1','22e1877d-95cc-11ed-a912-705a0f328da6'),
('4f6ada53-104d-11ee-8002-d89d6776f970','2023-09-01 17:29:42','2023-09-01 17:29:42','30adc962-7109-11ed-a880-040300000000','30adc962-7109-11ed-a880-040300000000',0,'519c292a-5f00-11ed-a880-040300000000','35fb6373-104d-11ee-8002-d89d6776f970','ee999ece-9b56-11ed-b58e-2c4138b7dab1'),
('501070d6-e915-11ed-8002-d89d6776f970','2023-09-01 17:29:43','2023-09-01 17:29:43','30adc962-7109-11ed-a880-040300000000','30adc962-7109-11ed-a880-040300000000',0,'a4cd8315-4fce-11ed-ab6c-040300000000','45be5d8f-e915-11ed-8002-d89d6776f970','2b2a55a0-71c3-11ed-a880-040300000000'),
('5203eb17-d8ce-11ed-8002-d89d6776f970','2023-09-01 17:29:46','2023-09-01 17:29:46','30adc962-7109-11ed-a880-040300000000','30adc962-7109-11ed-a880-040300000000',0,'4f3569a6-66a2-11ed-a880-040300000000','f05e4b62-d885-11ed-b61c-2c4138b7dab1','22e1877d-95cc-11ed-a912-705a0f328da6'),
('5309a635-d8ce-11ed-8002-d89d6776f970','2023-09-01 17:29:44','2023-09-01 17:29:44','30adc962-7109-11ed-a880-040300000000','30adc962-7109-11ed-a880-040300000000',0,'4f3569a6-66a2-11ed-a880-040300000000','67113a79-d898-11ed-b61c-2c4138b7dab1','22e1877d-95cc-11ed-a912-705a0f328da6'),
('55b3623d-0ef5-11ee-8002-d89d6776f970','2023-09-01 17:29:45','2023-09-01 17:29:45','30adc962-7109-11ed-a880-040300000000','30adc962-7109-11ed-a880-040300000000',0,'4f3569a6-66a2-11ed-a880-040300000000','d29b1111-d3dd-11ed-b61c-2c4138b7dab1','de8ab454-7269-11ed-a880-040300000000'),
('56cd89f0-7268-11ed-a880-040300000000','2023-09-01 17:29:42','2023-09-01 17:29:42','30adc962-7109-11ed-a880-040300000000','30adc962-7109-11ed-a880-040300000000',0,'46f68911-45ad-11ed-aea4-040300000000','2028a5d6-5ed0-11ed-a880-040300000000','2b2a55a0-71c3-11ed-a880-040300000000'),
('573d2675-0ef5-11ee-8002-d89d6776f970','2023-09-01 17:29:46','2023-09-01 17:29:46','30adc962-7109-11ed-a880-040300000000','30adc962-7109-11ed-a880-040300000000',0,'4f3569a6-66a2-11ed-a880-040300000000','ece399bd-d3dd-11ed-b61c-2c4138b7dab1','de8ab454-7269-11ed-a880-040300000000'),
('58a89f5c-7274-11ed-a880-040300000000','2023-09-01 17:29:46','2023-09-01 17:29:46','30adc962-7109-11ed-a880-040300000000','30adc962-7109-11ed-a880-040300000000',0,'949c760e-4500-11ed-aea4-040300000000','e3f29b6b-6130-11ed-a880-040300000000','2b2a55a0-71c3-11ed-a880-040300000000'),
('592d4f8a-d8ce-11ed-8002-d89d6776f970','2023-09-01 17:29:43','2023-09-01 17:29:43','30adc962-7109-11ed-a880-040300000000','30adc962-7109-11ed-a880-040300000000',0,'4f3569a6-66a2-11ed-a880-040300000000','57bbe994-d898-11ed-b61c-2c4138b7dab1','22e1877d-95cc-11ed-a912-705a0f328da6'),
('5a6f6368-7268-11ed-a880-040300000000','2023-09-01 17:29:42','2023-09-01 17:29:42','30adc962-7109-11ed-a880-040300000000','30adc962-7109-11ed-a880-040300000000',0,'5dd79f46-45ad-11ed-aea4-040300000000','20273047-5ed0-11ed-a880-040300000000','2b2a55a0-71c3-11ed-a880-040300000000'),
('5a7b5355-d8ce-11ed-8002-d89d6776f970','2023-09-01 17:29:47','2023-09-01 17:29:47','30adc962-7109-11ed-a880-040300000000','30adc962-7109-11ed-a880-040300000000',0,'4f3569a6-66a2-11ed-a880-040300000000','fdd8a863-d885-11ed-b61c-2c4138b7dab1','22e1877d-95cc-11ed-a912-705a0f328da6'),
('5af3197c-7274-11ed-a880-040300000000','2023-09-01 17:29:46','2023-09-01 17:29:46','30adc962-7109-11ed-a880-040300000000','30adc962-7109-11ed-a880-040300000000',0,'949c760e-4500-11ed-aea4-040300000000','e3f9ac2b-6130-11ed-a880-040300000000','2b2a55a0-71c3-11ed-a880-040300000000'),
('5c5605ac-d948-11ed-8002-d89d6776f970','2023-09-01 17:29:43','2023-09-01 17:29:43','30adc962-7109-11ed-a880-040300000000','30adc962-7109-11ed-a880-040300000000',0,'74684762-4408-11ed-aea4-040300000000','55ff369f-d948-11ed-8002-d89d6776f970','2b2a55a0-71c3-11ed-a880-040300000000'),
('5c83187e-7274-11ed-a880-040300000000','2023-09-01 17:29:46','2023-09-01 17:29:46','30adc962-7109-11ed-a880-040300000000','30adc962-7109-11ed-a880-040300000000',0,'949c760e-4500-11ed-aea4-040300000000','e3f4d02f-6130-11ed-a880-040300000000','2b2a55a0-71c3-11ed-a880-040300000000'),
('5caebe0f-d8ce-11ed-8002-d89d6776f970','2023-09-01 17:29:42','2023-09-01 17:29:42','30adc962-7109-11ed-a880-040300000000','30adc962-7109-11ed-a880-040300000000',0,'4f3569a6-66a2-11ed-a880-040300000000','3929f695-d3e0-11ed-b61c-2c4138b7dab1','22e1877d-95cc-11ed-a912-705a0f328da6'),
('5d299fd7-0ef5-11ee-8002-d89d6776f970','2023-09-01 17:29:43','2023-09-01 17:29:43','30adc962-7109-11ed-a880-040300000000','30adc962-7109-11ed-a880-040300000000',0,'4f3569a6-66a2-11ed-a880-040300000000','57bbe994-d898-11ed-b61c-2c4138b7dab1','de8ab454-7269-11ed-a880-040300000000'),
('5e0d8bad-7274-11ed-a880-040300000000','2023-09-01 17:29:46','2023-09-01 17:29:46','30adc962-7109-11ed-a880-040300000000','30adc962-7109-11ed-a880-040300000000',0,'949c760e-4500-11ed-aea4-040300000000','e3fc2ee8-6130-11ed-a880-040300000000','2b2a55a0-71c3-11ed-a880-040300000000'),
('5e430c77-0ef5-11ee-8002-d89d6776f970','2023-09-01 17:29:47','2023-09-01 17:29:47','30adc962-7109-11ed-a880-040300000000','30adc962-7109-11ed-a880-040300000000',0,'4f3569a6-66a2-11ed-a880-040300000000','fdd8a863-d885-11ed-b61c-2c4138b7dab1','de8ab454-7269-11ed-a880-040300000000'),
('5e58822c-7268-11ed-a880-040300000000','2023-09-01 17:29:42','2023-09-01 17:29:42','30adc962-7109-11ed-a880-040300000000','30adc962-7109-11ed-a880-040300000000',0,'744a2693-45ad-11ed-aea4-040300000000','2026419c-5ed0-11ed-a880-040300000000','2b2a55a0-71c3-11ed-a880-040300000000'),
('5f9aac14-7274-11ed-a880-040300000000','2023-09-01 17:29:46','2023-09-01 17:29:46','30adc962-7109-11ed-a880-040300000000','30adc962-7109-11ed-a880-040300000000',0,'949c760e-4500-11ed-aea4-040300000000','e3f7658e-6130-11ed-a880-040300000000','2b2a55a0-71c3-11ed-a880-040300000000'),
('61f15e30-e5e4-11ed-8002-d89d6776f970','2023-09-01 17:29:43','2023-09-01 17:29:43','30adc962-7109-11ed-a880-040300000000','30adc962-7109-11ed-a880-040300000000',0,'994bbea0-71b6-11ed-a880-040300000000','4b89f31b-e5e4-11ed-8002-d89d6776f970','2b2a55a0-71c3-11ed-a880-040300000000'),
('62a420e6-7725-11ed-aad1-040300000000','2023-09-01 17:29:46','2023-09-01 17:29:46','30adc962-7109-11ed-a880-040300000000','30adc962-7109-11ed-a880-040300000000',0,'b034d2a0-40df-11ed-af5a-040300000000','ea3ab9d0-5ebe-11ed-a880-040300000000','2621f126-71d3-11ed-a880-040300000000'),
('63c8dac3-7274-11ed-a880-040300000000','2023-09-01 17:29:46','2023-09-01 17:29:46','30adc962-7109-11ed-a880-040300000000','30adc962-7109-11ed-a880-040300000000',0,'aadf1b2f-4500-11ed-aea4-040300000000','f1993a3c-612f-11ed-a880-040300000000','2b2a55a0-71c3-11ed-a880-040300000000'),
('6550ec66-7274-11ed-a880-040300000000','2023-09-01 17:29:46','2023-09-01 17:29:46','30adc962-7109-11ed-a880-040300000000','30adc962-7109-11ed-a880-040300000000',0,'aadf1b2f-4500-11ed-aea4-040300000000','f19f7e4b-612f-11ed-a880-040300000000','2b2a55a0-71c3-11ed-a880-040300000000'),
('656ca64e-7725-11ed-aad1-040300000000','2023-09-01 17:29:46','2023-09-01 17:29:46','30adc962-7109-11ed-a880-040300000000','30adc962-7109-11ed-a880-040300000000',0,'b034d2a0-40df-11ed-af5a-040300000000','ea3ddbdf-5ebe-11ed-a880-040300000000','2621f126-71d3-11ed-a880-040300000000'),
('66932bfb-7725-11ed-aad1-040300000000','2023-09-01 17:29:46','2023-09-01 17:29:46','30adc962-7109-11ed-a880-040300000000','30adc962-7109-11ed-a880-040300000000',0,'b034d2a0-40df-11ed-af5a-040300000000','ea3c9c28-5ebe-11ed-a880-040300000000','2621f126-71d3-11ed-a880-040300000000'),
('66e41c15-7274-11ed-a880-040300000000','2023-09-01 17:29:46','2023-09-01 17:29:46','30adc962-7109-11ed-a880-040300000000','30adc962-7109-11ed-a880-040300000000',0,'aadf1b2f-4500-11ed-aea4-040300000000','f19a7c5b-612f-11ed-a880-040300000000','2b2a55a0-71c3-11ed-a880-040300000000'),
('6733df90-0f9d-11ee-8002-d89d6776f970','2023-09-01 17:29:44','2023-09-01 17:29:44','30adc962-7109-11ed-a880-040300000000','30adc962-7109-11ed-a880-040300000000',0,'4f3569a6-66a2-11ed-a880-040300000000','908ec111-d898-11ed-b61c-2c4138b7dab1','de8ab454-7269-11ed-a880-040300000000'),
('6852f7b2-7274-11ed-a880-040300000000','2023-09-01 17:29:46','2023-09-01 17:29:46','30adc962-7109-11ed-a880-040300000000','30adc962-7109-11ed-a880-040300000000',0,'aadf1b2f-4500-11ed-aea4-040300000000','f1a0c7e2-612f-11ed-a880-040300000000','2b2a55a0-71c3-11ed-a880-040300000000'),
('69d02ecb-0f9d-11ee-8002-d89d6776f970','2023-09-01 17:29:44','2023-09-01 17:29:44','30adc962-7109-11ed-a880-040300000000','30adc962-7109-11ed-a880-040300000000',0,'4f3569a6-66a2-11ed-a880-040300000000','67113a79-d898-11ed-b61c-2c4138b7dab1','de8ab454-7269-11ed-a880-040300000000'),
('69e13999-7274-11ed-a880-040300000000','2023-09-01 17:29:46','2023-09-01 17:29:46','30adc962-7109-11ed-a880-040300000000','30adc962-7109-11ed-a880-040300000000',0,'aadf1b2f-4500-11ed-aea4-040300000000','f19d9476-612f-11ed-a880-040300000000','2b2a55a0-71c3-11ed-a880-040300000000'),
('6a0164f6-5406-11ee-a933-236cb4402701','2023-09-15 13:28:22','2023-09-15 13:28:22','30adc962-7109-11ed-a880-040300000000','30adc962-7109-11ed-a880-040300000000',0,'4f3569a6-66a2-11ed-a880-040300000000','605e439b-5406-11ee-a933-236cb4402701','2621f126-71d3-11ed-a880-040300000000'),
('6b824357-0f9d-11ee-8002-d89d6776f970','2023-09-01 17:29:46','2023-09-01 17:29:46','30adc962-7109-11ed-a880-040300000000','30adc962-7109-11ed-a880-040300000000',0,'4f3569a6-66a2-11ed-a880-040300000000','f05e4b62-d885-11ed-b61c-2c4138b7dab1','de8ab454-7269-11ed-a880-040300000000'),
('6e29f137-0f9d-11ee-8002-d89d6776f970','2023-09-01 17:29:43','2023-09-01 17:29:43','30adc962-7109-11ed-a880-040300000000','30adc962-7109-11ed-a880-040300000000',0,'4f3569a6-66a2-11ed-a880-040300000000','5fd960cf-0ad6-11ee-8002-d89d6776f970','de8ab454-7269-11ed-a880-040300000000'),
('6ed85e4b-7274-11ed-a880-040300000000','2023-09-01 17:29:46','2023-09-01 17:29:46','30adc962-7109-11ed-a880-040300000000','30adc962-7109-11ed-a880-040300000000',0,'c1ac8fed-4500-11ed-aea4-040300000000','e3e810df-6130-11ed-a880-040300000000','2b2a55a0-71c3-11ed-a880-040300000000'),
('7056f79c-7274-11ed-a880-040300000000','2023-09-01 17:29:46','2023-09-01 17:29:46','30adc962-7109-11ed-a880-040300000000','30adc962-7109-11ed-a880-040300000000',0,'c1ac8fed-4500-11ed-aea4-040300000000','e3ede209-6130-11ed-a880-040300000000','2b2a55a0-71c3-11ed-a880-040300000000'),
('71eef075-7274-11ed-a880-040300000000','2023-09-01 17:29:46','2023-09-01 17:29:46','30adc962-7109-11ed-a880-040300000000','30adc962-7109-11ed-a880-040300000000',0,'c1ac8fed-4500-11ed-aea4-040300000000','e3e9fd86-6130-11ed-a880-040300000000','2b2a55a0-71c3-11ed-a880-040300000000'),
('721513d4-edcc-11ed-8002-d89d6776f970','2023-09-01 17:29:43','2023-09-01 17:29:43','30adc962-7109-11ed-a880-040300000000','30adc962-7109-11ed-a880-040300000000',0,'fd244a6e-3f74-11ed-af5a-040300000000','54a3de6b-e46a-11ed-b61c-2c4138b7dab1','0191ca3b-5acd-11ed-a988-040300000000'),
('735b7205-edcc-11ed-8002-d89d6776f970','2023-09-01 17:29:42','2023-09-01 17:29:42','30adc962-7109-11ed-a880-040300000000','30adc962-7109-11ed-a880-040300000000',0,'fd244a6e-3f74-11ed-af5a-040300000000','3ff4ff45-e469-11ed-b61c-2c4138b7dab1','0191ca3b-5acd-11ed-a988-040300000000'),
('737e1835-7274-11ed-a880-040300000000','2023-09-01 17:29:46','2023-09-01 17:29:46','30adc962-7109-11ed-a880-040300000000','30adc962-7109-11ed-a880-040300000000',0,'c1ac8fed-4500-11ed-aea4-040300000000','e3f05b06-6130-11ed-a880-040300000000','2b2a55a0-71c3-11ed-a880-040300000000'),
('73dd4dbb-edcc-11ed-8002-d89d6776f970','2023-09-01 17:29:43','2023-09-01 17:29:43','30adc962-7109-11ed-a880-040300000000','30adc962-7109-11ed-a880-040300000000',0,'fd244a6e-3f74-11ed-af5a-040300000000','43e44f35-e46a-11ed-b61c-2c4138b7dab1','0191ca3b-5acd-11ed-a988-040300000000'),
('7467f39e-0ad6-11ee-8002-d89d6776f970','2023-09-01 17:29:43','2023-09-01 17:29:43','30adc962-7109-11ed-a880-040300000000','30adc962-7109-11ed-a880-040300000000',0,'4f3569a6-66a2-11ed-a880-040300000000','5fd960cf-0ad6-11ee-8002-d89d6776f970','6e2e84fb-0717-11ee-8002-d89d6776f970'),
('75121eb2-7274-11ed-a880-040300000000','2023-09-01 17:29:46','2023-09-01 17:29:46','30adc962-7109-11ed-a880-040300000000','30adc962-7109-11ed-a880-040300000000',0,'c1ac8fed-4500-11ed-aea4-040300000000','e3ec06ab-6130-11ed-a880-040300000000','2b2a55a0-71c3-11ed-a880-040300000000'),
('75721d72-edcc-11ed-8002-d89d6776f970','2023-09-01 17:29:44','2023-09-01 17:29:44','30adc962-7109-11ed-a880-040300000000','30adc962-7109-11ed-a880-040300000000',0,'fd244a6e-3f74-11ed-af5a-040300000000','bb79aecf-e469-11ed-b61c-2c4138b7dab1','0191ca3b-5acd-11ed-a988-040300000000'),
('78f435bc-7274-11ed-a880-040300000000','2023-09-01 17:29:46','2023-09-01 17:29:46','30adc962-7109-11ed-a880-040300000000','30adc962-7109-11ed-a880-040300000000',0,'da6aba58-4500-11ed-aea4-040300000000','e3d7673f-6130-11ed-a880-040300000000','2b2a55a0-71c3-11ed-a880-040300000000'),
('7a23cfeb-5bce-11ee-a933-236cb4402701','2023-09-25 11:08:06','2023-09-25 11:08:06','30adc962-7109-11ed-a880-040300000000','30adc962-7109-11ed-a880-040300000000',0,'36d57fa0-5bc6-11ee-a933-236cb4402701','070320e7-5bce-11ee-a933-236cb4402701','d17a5382-5bcd-11ee-a933-236cb4402701'),
('7a521774-4d8f-11ee-8002-d89d6776f970','2023-09-07 09:00:54','2023-09-07 09:00:54','30adc962-7109-11ed-a880-040300000000','30adc962-7109-11ed-a880-040300000000',0,'519c292a-5f00-11ed-a880-040300000000','09573316-c42c-11ed-b789-2c4138b7dab1','80b7e403-1054-11ee-8002-d89d6776f970'),
('7a5a62b4-5bce-11ee-a933-236cb4402701','2023-09-25 11:08:06','2023-09-25 11:08:06','30adc962-7109-11ed-a880-040300000000','30adc962-7109-11ed-a880-040300000000',0,'36d57fa0-5bc6-11ee-a933-236cb4402701','0705db91-5bce-11ee-a933-236cb4402701','d17a5382-5bcd-11ee-a933-236cb4402701'),
('7a826dfe-7274-11ed-a880-040300000000','2023-09-01 17:29:46','2023-09-01 17:29:46','30adc962-7109-11ed-a880-040300000000','30adc962-7109-11ed-a880-040300000000',0,'da6aba58-4500-11ed-aea4-040300000000','e3e3b74b-6130-11ed-a880-040300000000','2b2a55a0-71c3-11ed-a880-040300000000'),
('7a8ee4c5-5bce-11ee-a933-236cb4402701','2023-09-25 11:08:07','2023-09-25 11:08:07','30adc962-7109-11ed-a880-040300000000','30adc962-7109-11ed-a880-040300000000',0,'36d57fa0-5bc6-11ee-a933-236cb4402701','0708fdcc-5bce-11ee-a933-236cb4402701','d17a5382-5bcd-11ee-a933-236cb4402701'),
('7ad5b043-2fe7-11ee-8002-d89d6776f970','2023-09-01 17:29:43','2023-09-01 17:29:43','30adc962-7109-11ed-a880-040300000000','30adc962-7109-11ed-a880-040300000000',0,'a6679532-2cb1-11ee-8002-d89d6776f970','62f69293-2fe7-11ee-8002-d89d6776f970','2b2a55a0-71c3-11ed-a880-040300000000'),
('7b531602-2fe7-11ee-8002-d89d6776f970','2023-09-01 17:29:44','2023-09-01 17:29:44','30adc962-7109-11ed-a880-040300000000','30adc962-7109-11ed-a880-040300000000',0,'a6679532-2cb1-11ee-8002-d89d6776f970','6b80752e-2fe7-11ee-8002-d89d6776f970','2b2a55a0-71c3-11ed-a880-040300000000'),
('7c26e622-7274-11ed-a880-040300000000','2023-09-01 17:29:46','2023-09-01 17:29:46','30adc962-7109-11ed-a880-040300000000','30adc962-7109-11ed-a880-040300000000',0,'da6aba58-4500-11ed-aea4-040300000000','e3de8807-6130-11ed-a880-040300000000','2b2a55a0-71c3-11ed-a880-040300000000'),
('7c2fec2b-4d8f-11ee-8002-d89d6776f970','2023-09-07 09:00:57','2023-09-07 09:00:57','30adc962-7109-11ed-a880-040300000000','30adc962-7109-11ed-a880-040300000000',0,'519c292a-5f00-11ed-a880-040300000000','f28a5758-c40f-11ed-b789-2c4138b7dab1','80b7e403-1054-11ee-8002-d89d6776f970'),
('7cb2d7b5-0ed3-11ee-8002-d89d6776f970','2023-09-01 17:29:44','2023-09-01 17:29:44','30adc962-7109-11ed-a880-040300000000','30adc962-7109-11ed-a880-040300000000',0,'c12ae0ca-5544-11ed-a988-040300000000','ab958600-5bbe-11ed-a988-040300000000','2621f126-71d3-11ed-a880-040300000000'),
('7d4be5f2-0717-11ee-8002-d89d6776f970','2023-09-01 17:29:44','2023-09-01 17:29:44','30adc962-7109-11ed-a880-040300000000','30adc962-7109-11ed-a880-040300000000',0,'4f3569a6-66a2-11ed-a880-040300000000','908ec111-d898-11ed-b61c-2c4138b7dab1','6e2e84fb-0717-11ee-8002-d89d6776f970'),
('7dca94b5-7274-11ed-a880-040300000000','2023-09-01 17:29:46','2023-09-01 17:29:46','30adc962-7109-11ed-a880-040300000000','30adc962-7109-11ed-a880-040300000000',0,'da6aba58-4500-11ed-aea4-040300000000','e3e5e4e1-6130-11ed-a880-040300000000','2b2a55a0-71c3-11ed-a880-040300000000'),
('7dfe8b8c-0717-11ee-8002-d89d6776f970','2023-09-01 17:29:44','2023-09-01 17:29:44','30adc962-7109-11ed-a880-040300000000','30adc962-7109-11ed-a880-040300000000',0,'4f3569a6-66a2-11ed-a880-040300000000','67113a79-d898-11ed-b61c-2c4138b7dab1','6e2e84fb-0717-11ee-8002-d89d6776f970'),
('7e59b1a9-e5da-11ed-8002-d89d6776f970','2023-09-01 17:29:41','2023-09-01 17:29:41','30adc962-7109-11ed-a880-040300000000','30adc962-7109-11ed-a880-040300000000',0,'e326d92e-61e2-11ed-a880-040300000000','1b58c0fd-c8dd-11ed-b4d7-2c4138b7dab1','2b2a55a0-71c3-11ed-a880-040300000000'),
('7e636ff9-4d8f-11ee-8002-d89d6776f970','2023-09-07 09:01:01','2023-09-07 09:01:01','30adc962-7109-11ed-a880-040300000000','30adc962-7109-11ed-a880-040300000000',0,'519c292a-5f00-11ed-a880-040300000000','dee97a80-c40f-11ed-b789-2c4138b7dab1','80b7e403-1054-11ee-8002-d89d6776f970'),
('7e98b87e-0717-11ee-8002-d89d6776f970','2023-09-01 17:29:43','2023-09-01 17:29:43','30adc962-7109-11ed-a880-040300000000','30adc962-7109-11ed-a880-040300000000',0,'4f3569a6-66a2-11ed-a880-040300000000','57bbe994-d898-11ed-b61c-2c4138b7dab1','6e2e84fb-0717-11ee-8002-d89d6776f970'),
('7f99b7b0-7274-11ed-a880-040300000000','2023-09-01 17:29:46','2023-09-01 17:29:46','30adc962-7109-11ed-a880-040300000000','30adc962-7109-11ed-a880-040300000000',0,'da6aba58-4500-11ed-aea4-040300000000','e3e0caa6-6130-11ed-a880-040300000000','2b2a55a0-71c3-11ed-a880-040300000000'),
('8049e1ff-4d8f-11ee-8002-d89d6776f970','2023-09-07 09:01:04','2023-09-07 09:01:04','30adc962-7109-11ed-a880-040300000000','30adc962-7109-11ed-a880-040300000000',0,'519c292a-5f00-11ed-a880-040300000000','26250b64-c42c-11ed-b789-2c4138b7dab1','80b7e403-1054-11ee-8002-d89d6776f970'),
('809dafd9-757d-11ed-aad1-040300000000','2023-09-01 17:29:46','2023-09-01 17:29:46','30adc962-7109-11ed-a880-040300000000','30adc962-7109-11ed-a880-040300000000',0,'bc2576b2-40df-11ed-af5a-040300000000','ea42f353-5ebe-11ed-a880-040300000000','2b2a55a0-71c3-11ed-a880-040300000000'),
('81f6faa3-757d-11ed-aad1-040300000000','2023-09-01 17:29:46','2023-09-01 17:29:46','30adc962-7109-11ed-a880-040300000000','30adc962-7109-11ed-a880-040300000000',0,'bc2576b2-40df-11ed-af5a-040300000000','ea458315-5ebe-11ed-a880-040300000000','2b2a55a0-71c3-11ed-a880-040300000000'),
('82d44ea0-758c-11ed-aad1-040300000000','2023-09-01 17:29:46','2023-09-01 17:29:46','30adc962-7109-11ed-a880-040300000000','30adc962-7109-11ed-a880-040300000000',0,'94263848-40df-11ed-af5a-040300000000','ea312a5b-5ebe-11ed-a880-040300000000','2b2a55a0-71c3-11ed-a880-040300000000'),
('835cc0f9-757d-11ed-aad1-040300000000','2023-09-01 17:29:46','2023-09-01 17:29:46','30adc962-7109-11ed-a880-040300000000','30adc962-7109-11ed-a880-040300000000',0,'bc2576b2-40df-11ed-af5a-040300000000','ea4436ce-5ebe-11ed-a880-040300000000','2b2a55a0-71c3-11ed-a880-040300000000'),
('844bb6e2-758c-11ed-aad1-040300000000','2023-09-01 17:29:46','2023-09-01 17:29:46','30adc962-7109-11ed-a880-040300000000','30adc962-7109-11ed-a880-040300000000',0,'94263848-40df-11ed-af5a-040300000000','ea33af79-5ebe-11ed-a880-040300000000','2b2a55a0-71c3-11ed-a880-040300000000'),
('84a8b1cd-50e2-11ee-a933-236cb4402701','2023-09-11 13:33:51','2023-09-11 13:33:51','30adc962-7109-11ed-a880-040300000000','30adc962-7109-11ed-a880-040300000000',0,'4f3569a6-66a2-11ed-a880-040300000000','7b391b2d-50e2-11ee-a933-236cb4402701','2621f126-71d3-11ed-a880-040300000000'),
('85bd44ec-758c-11ed-aad1-040300000000','2023-09-01 17:29:46','2023-09-01 17:29:46','30adc962-7109-11ed-a880-040300000000','30adc962-7109-11ed-a880-040300000000',0,'94263848-40df-11ed-af5a-040300000000','ea32692b-5ebe-11ed-a880-040300000000','2b2a55a0-71c3-11ed-a880-040300000000'),
('8a41722f-1054-11ee-8002-d89d6776f970','2023-09-01 17:29:44','2023-09-01 17:29:44','30adc962-7109-11ed-a880-040300000000','30adc962-7109-11ed-a880-040300000000',0,'4f3569a6-66a2-11ed-a880-040300000000','908ec111-d898-11ed-b61c-2c4138b7dab1','80b7e403-1054-11ee-8002-d89d6776f970'),
('8a9cd026-b148-11ed-8002-d89d6776f970','2023-09-01 17:29:44','2023-09-01 17:29:44','30adc962-7109-11ed-a880-040300000000','30adc962-7109-11ed-a880-040300000000',0,'c12ae0ca-5544-11ed-a988-040300000000','ab8f7267-5bbe-11ed-a988-040300000000','2621f126-71d3-11ed-a880-040300000000'),
('8c960d74-1054-11ee-8002-d89d6776f970','2023-09-01 17:29:44','2023-09-01 17:29:44','30adc962-7109-11ed-a880-040300000000','30adc962-7109-11ed-a880-040300000000',0,'4f3569a6-66a2-11ed-a880-040300000000','67113a79-d898-11ed-b61c-2c4138b7dab1','80b7e403-1054-11ee-8002-d89d6776f970'),
('8fe56170-1054-11ee-8002-d89d6776f970','2023-09-01 17:29:43','2023-09-01 17:29:43','30adc962-7109-11ed-a880-040300000000','30adc962-7109-11ed-a880-040300000000',0,'4f3569a6-66a2-11ed-a880-040300000000','5fd960cf-0ad6-11ee-8002-d89d6776f970','80b7e403-1054-11ee-8002-d89d6776f970'),
('8ff63f92-fb24-11ed-8002-d89d6776f970','2023-09-01 17:29:44','2023-09-01 17:29:44','30adc962-7109-11ed-a880-040300000000','30adc962-7109-11ed-a880-040300000000',0,'4f3569a6-66a2-11ed-a880-040300000000','86a761ff-fb24-11ed-8002-d89d6776f970','2621f126-71d3-11ed-a880-040300000000'),
('8fffa568-e5d9-11ed-8002-d89d6776f970','2023-09-01 17:29:46','2023-09-01 17:29:46','30adc962-7109-11ed-a880-040300000000','30adc962-7109-11ed-a880-040300000000',0,'8bf79e3e-40de-11ed-af5a-040300000000','ea283dab-5ebe-11ed-a880-040300000000','2b2a55a0-71c3-11ed-a880-040300000000'),
('94c74f18-0f9e-11ee-8002-d89d6776f970','2023-09-01 17:29:41','2023-09-01 17:29:41','30adc962-7109-11ed-a880-040300000000','30adc962-7109-11ed-a880-040300000000',0,'bfe5b905-6117-11ed-a880-040300000000','17c35307-edd6-11ed-b61c-2c4138b7dab1','5eb9ce50-7655-11ed-aad1-040300000000'),
('959d771f-fe46-11ed-8002-d89d6776f970','2023-09-01 17:29:42','2023-09-01 17:29:42','30adc962-7109-11ed-a880-040300000000','30adc962-7109-11ed-a880-040300000000',0,'ab1c51ed-40e1-11ed-af5a-040300000000','1ed49c87-fe46-11ed-8002-d89d6776f970','2b2a55a0-71c3-11ed-a880-040300000000'),
('9a05b482-7284-11ed-a880-040300000000','2023-09-01 17:29:42','2023-09-01 17:29:42','30adc962-7109-11ed-a880-040300000000','30adc962-7109-11ed-a880-040300000000',0,'9fc49b62-435c-11ed-aea4-040300000000','4110ad75-5b8e-11ed-a988-040300000000','2b2a55a0-71c3-11ed-a880-040300000000'),
('9b9e7140-7284-11ed-a880-040300000000','2023-09-01 17:29:42','2023-09-01 17:29:42','30adc962-7109-11ed-a880-040300000000','30adc962-7109-11ed-a880-040300000000',0,'9fc49b62-435c-11ed-aea4-040300000000','4107d035-5b8e-11ed-a988-040300000000','2b2a55a0-71c3-11ed-a880-040300000000'),
('9d127f93-7284-11ed-a880-040300000000','2023-09-01 17:29:42','2023-09-01 17:29:42','30adc962-7109-11ed-a880-040300000000','30adc962-7109-11ed-a880-040300000000',0,'9fc49b62-435c-11ed-aea4-040300000000','410d38c5-5b8e-11ed-a988-040300000000','2b2a55a0-71c3-11ed-a880-040300000000'),
('9e876183-7284-11ed-a880-040300000000','2023-09-01 17:29:42','2023-09-01 17:29:42','30adc962-7109-11ed-a880-040300000000','30adc962-7109-11ed-a880-040300000000',0,'9fc49b62-435c-11ed-aea4-040300000000','41090574-5b8e-11ed-a988-040300000000','2b2a55a0-71c3-11ed-a880-040300000000'),
('9e8be6c6-726e-11ed-a880-040300000000','2023-09-01 17:29:43','2023-09-01 17:29:43','30adc962-7109-11ed-a880-040300000000','30adc962-7109-11ed-a880-040300000000',0,'bad4cf29-43ef-11ed-aea4-040300000000','41344872-5b8e-11ed-a988-040300000000','2b2a55a0-71c3-11ed-a880-040300000000'),
('9ef8b702-757e-11ed-aad1-040300000000','2023-09-01 17:29:46','2023-09-01 17:29:46','30adc962-7109-11ed-a880-040300000000','30adc962-7109-11ed-a880-040300000000',0,'7f767eb1-4111-11ed-af5a-040300000000','ea20a181-5ebe-11ed-a880-040300000000','2b2a55a0-71c3-11ed-a880-040300000000'),
('9f3d41f6-fe46-11ed-8002-d89d6776f970','2023-09-01 17:29:42','2023-09-01 17:29:42','30adc962-7109-11ed-a880-040300000000','30adc962-7109-11ed-a880-040300000000',0,'cb333253-4336-11ed-aea4-040300000000','2d160587-fe46-11ed-8002-d89d6776f970','2b2a55a0-71c3-11ed-a880-040300000000'),
('9fa49d3b-726e-11ed-a880-040300000000','2023-09-01 17:29:43','2023-09-01 17:29:43','30adc962-7109-11ed-a880-040300000000','30adc962-7109-11ed-a880-040300000000',0,'bad4cf29-43ef-11ed-aea4-040300000000','412df747-5b8e-11ed-a988-040300000000','2b2a55a0-71c3-11ed-a880-040300000000'),
('9ff8a841-7284-11ed-a880-040300000000','2023-09-01 17:29:42','2023-09-01 17:29:42','30adc962-7109-11ed-a880-040300000000','30adc962-7109-11ed-a880-040300000000',0,'9fc49b62-435c-11ed-aea4-040300000000','410f6719-5b8e-11ed-a988-040300000000','2b2a55a0-71c3-11ed-a880-040300000000'),
('a09aa44a-757e-11ed-aad1-040300000000','2023-09-01 17:29:46','2023-09-01 17:29:46','30adc962-7109-11ed-a880-040300000000','30adc962-7109-11ed-a880-040300000000',0,'7f767eb1-4111-11ed-af5a-040300000000','ea21e66d-5ebe-11ed-a880-040300000000','2b2a55a0-71c3-11ed-a880-040300000000'),
('a0bb2ad5-726e-11ed-a880-040300000000','2023-09-01 17:29:43','2023-09-01 17:29:43','30adc962-7109-11ed-a880-040300000000','30adc962-7109-11ed-a880-040300000000',0,'bad4cf29-43ef-11ed-aea4-040300000000','4131c397-5b8e-11ed-a988-040300000000','2b2a55a0-71c3-11ed-a880-040300000000'),
('a19ef230-7284-11ed-a880-040300000000','2023-09-01 17:29:42','2023-09-01 17:29:42','30adc962-7109-11ed-a880-040300000000','30adc962-7109-11ed-a880-040300000000',0,'9fc49b62-435c-11ed-aea4-040300000000','410a4ba0-5b8e-11ed-a988-040300000000','2b2a55a0-71c3-11ed-a880-040300000000'),
('a1d61a01-726e-11ed-a880-040300000000','2023-09-01 17:29:43','2023-09-01 17:29:43','30adc962-7109-11ed-a880-040300000000','30adc962-7109-11ed-a880-040300000000',0,'bad4cf29-43ef-11ed-aea4-040300000000','412f384f-5b8e-11ed-a988-040300000000','2b2a55a0-71c3-11ed-a880-040300000000'),
('a23ca939-757e-11ed-aad1-040300000000','2023-09-01 17:29:46','2023-09-01 17:29:46','30adc962-7109-11ed-a880-040300000000','30adc962-7109-11ed-a880-040300000000',0,'7f767eb1-4111-11ed-af5a-040300000000','ea232c05-5ebe-11ed-a880-040300000000','2b2a55a0-71c3-11ed-a880-040300000000'),
('a2bdb5b1-5352-11ee-a933-236cb4402701','2023-09-14 16:01:27','2023-09-14 16:01:27','30adc962-7109-11ed-a880-040300000000','30adc962-7109-11ed-a880-040300000000',0,'830dd02e-5351-11ee-a933-236cb4402701','dc8bf81f-5351-11ee-a933-236cb4402701','3b7ee097-2119-11ee-ac66-3cd92b4d9bf4'),
('a2fa547a-5352-11ee-a933-236cb4402701','2023-09-14 16:01:28','2023-09-14 16:01:28','30adc962-7109-11ed-a880-040300000000','30adc962-7109-11ed-a880-040300000000',0,'830dd02e-5351-11ee-a933-236cb4402701','dc9184c9-5351-11ee-a933-236cb4402701','3b7ee097-2119-11ee-ac66-3cd92b4d9bf4'),
('a30f5397-726e-11ed-a880-040300000000','2023-09-01 17:29:43','2023-09-01 17:29:43','30adc962-7109-11ed-a880-040300000000','30adc962-7109-11ed-a880-040300000000',0,'bad4cf29-43ef-11ed-aea4-040300000000','413303a8-5b8e-11ed-a988-040300000000','2b2a55a0-71c3-11ed-a880-040300000000'),
('a33000b1-5352-11ee-a933-236cb4402701','2023-09-14 16:01:28','2023-09-14 16:01:28','30adc962-7109-11ed-a880-040300000000','30adc962-7109-11ed-a880-040300000000',0,'830dd02e-5351-11ee-a933-236cb4402701','dc9378e7-5351-11ee-a933-236cb4402701','3b7ee097-2119-11ee-ac66-3cd92b4d9bf4'),
('a44f3400-726e-11ed-a880-040300000000','2023-09-01 17:29:43','2023-09-01 17:29:43','30adc962-7109-11ed-a880-040300000000','30adc962-7109-11ed-a880-040300000000',0,'bad4cf29-43ef-11ed-aea4-040300000000','4130808f-5b8e-11ed-a988-040300000000','2b2a55a0-71c3-11ed-a880-040300000000'),
('a4c1eeaa-e441-11ed-8002-d89d6776f970','2023-09-01 17:29:44','2023-09-01 17:29:44','30adc962-7109-11ed-a880-040300000000','30adc962-7109-11ed-a880-040300000000',0,'4f3569a6-66a2-11ed-a880-040300000000','71106398-e3c2-11ed-b61c-2c4138b7dab1','2621f126-71d3-11ed-a880-040300000000'),
('a6e2df81-e441-11ed-8002-d89d6776f970','2023-09-01 17:29:46','2023-09-01 17:29:46','30adc962-7109-11ed-a880-040300000000','30adc962-7109-11ed-a880-040300000000',0,'4f3569a6-66a2-11ed-a880-040300000000','e92b1608-e3b9-11ed-b61c-2c4138b7dab1','2621f126-71d3-11ed-a880-040300000000'),
('a6f87f5f-0fa1-11ee-8002-d89d6776f970','2023-09-01 17:29:44','2023-09-01 17:29:44','30adc962-7109-11ed-a880-040300000000','30adc962-7109-11ed-a880-040300000000',0,'4f3569a6-66a2-11ed-a880-040300000000','908ec111-d898-11ed-b61c-2c4138b7dab1','11aa824f-95cc-11ed-a912-705a0f328da6'),
('a8c33da7-e441-11ed-8002-d89d6776f970','2023-09-01 17:29:44','2023-09-01 17:29:44','30adc962-7109-11ed-a880-040300000000','30adc962-7109-11ed-a880-040300000000',0,'4f3569a6-66a2-11ed-a880-040300000000','93a0229c-e3bb-11ed-b61c-2c4138b7dab1','2621f126-71d3-11ed-a880-040300000000'),
('a99172c6-e441-11ed-8002-d89d6776f970','2023-09-01 17:29:44','2023-09-01 17:29:44','30adc962-7109-11ed-a880-040300000000','30adc962-7109-11ed-a880-040300000000',0,'4f3569a6-66a2-11ed-a880-040300000000','99b74add-e3c2-11ed-b61c-2c4138b7dab1','2621f126-71d3-11ed-a880-040300000000'),
('aa18bc2a-e441-11ed-8002-d89d6776f970','2023-09-01 17:29:44','2023-09-01 17:29:44','30adc962-7109-11ed-a880-040300000000','30adc962-7109-11ed-a880-040300000000',0,'4f3569a6-66a2-11ed-a880-040300000000','b3288460-e3bd-11ed-b61c-2c4138b7dab1','2621f126-71d3-11ed-a880-040300000000'),
('aa2009d0-e5d9-11ed-8002-d89d6776f970','2023-09-01 17:29:44','2023-09-01 17:29:44','30adc962-7109-11ed-a880-040300000000','30adc962-7109-11ed-a880-040300000000',0,'8bf79e3e-40de-11ed-af5a-040300000000','a144c345-e5d9-11ed-8002-d89d6776f970','2b2a55a0-71c3-11ed-a880-040300000000'),
('ab209546-0fa1-11ee-8002-d89d6776f970','2023-09-01 17:29:44','2023-09-01 17:29:44','30adc962-7109-11ed-a880-040300000000','30adc962-7109-11ed-a880-040300000000',0,'4f3569a6-66a2-11ed-a880-040300000000','67113a79-d898-11ed-b61c-2c4138b7dab1','11aa824f-95cc-11ed-a912-705a0f328da6'),
('abf8b325-726e-11ed-a880-040300000000','2023-09-01 17:29:42','2023-09-01 17:29:42','30adc962-7109-11ed-a880-040300000000','30adc962-7109-11ed-a880-040300000000',0,'cb333253-4336-11ed-aea4-040300000000','41185390-5b8e-11ed-a988-040300000000','2b2a55a0-71c3-11ed-a880-040300000000'),
('ac24f85d-0fa1-11ee-8002-d89d6776f970','2023-09-01 17:29:46','2023-09-01 17:29:46','30adc962-7109-11ed-a880-040300000000','30adc962-7109-11ed-a880-040300000000',0,'4f3569a6-66a2-11ed-a880-040300000000','f05e4b62-d885-11ed-b61c-2c4138b7dab1','11aa824f-95cc-11ed-a912-705a0f328da6'),
('ac5043a6-0ebd-11ee-8002-d89d6776f970','2023-09-01 17:29:41','2023-09-01 17:29:41','30adc962-7109-11ed-a880-040300000000','30adc962-7109-11ed-a880-040300000000',0,'bfe5b905-6117-11ed-a880-040300000000','17c35307-edd6-11ed-b61c-2c4138b7dab1','d78871a5-ccd1-11ed-8002-d89d6776f970'),
('acdafeb6-ff33-11ed-8002-d89d6776f970','2023-09-01 17:29:44','2023-09-01 17:29:44','30adc962-7109-11ed-a880-040300000000','30adc962-7109-11ed-a880-040300000000',0,'37b2b3ba-ff33-11ed-8002-d89d6776f970','6ed5312c-ff33-11ed-8002-d89d6776f970','0191ca3b-5acd-11ed-a988-040300000000'),
('acf01116-fe46-11ed-8002-d89d6776f970','2023-09-01 17:29:43','2023-09-01 17:29:43','30adc962-7109-11ed-a880-040300000000','30adc962-7109-11ed-a880-040300000000',0,'bad4cf29-43ef-11ed-aea4-040300000000','50ec7155-fe46-11ed-8002-d89d6776f970','2b2a55a0-71c3-11ed-a880-040300000000'),
('ad1b3436-726e-11ed-a880-040300000000','2023-09-01 17:29:44','2023-09-01 17:29:44','30adc962-7109-11ed-a880-040300000000','30adc962-7109-11ed-a880-040300000000',0,'ecf7d586-4f27-11ed-a964-040300000000','a5e460a6-65e5-11ed-a880-040300000000','2b2a55a0-71c3-11ed-a880-040300000000'),
('ad492504-726e-11ed-a880-040300000000','2023-09-01 17:29:42','2023-09-01 17:29:42','30adc962-7109-11ed-a880-040300000000','30adc962-7109-11ed-a880-040300000000',0,'cb333253-4336-11ed-aea4-040300000000','4111f972-5b8e-11ed-a988-040300000000','2b2a55a0-71c3-11ed-a880-040300000000'),
('ad7d975e-ff33-11ed-8002-d89d6776f970','2023-09-01 17:29:44','2023-09-01 17:29:44','30adc962-7109-11ed-a880-040300000000','30adc962-7109-11ed-a880-040300000000',0,'37b2b3ba-ff33-11ed-8002-d89d6776f970','84cd8cbd-ff33-11ed-8002-d89d6776f970','0191ca3b-5acd-11ed-a988-040300000000'),
('ae99fb84-e441-11ed-8002-d89d6776f970','2023-09-01 17:29:44','2023-09-01 17:29:44','30adc962-7109-11ed-a880-040300000000','30adc962-7109-11ed-a880-040300000000',0,'4f3569a6-66a2-11ed-a880-040300000000','980312c9-e3be-11ed-b61c-2c4138b7dab1','2621f126-71d3-11ed-a880-040300000000'),
('af079d2c-726e-11ed-a880-040300000000','2023-09-01 17:29:42','2023-09-01 17:29:42','30adc962-7109-11ed-a880-040300000000','30adc962-7109-11ed-a880-040300000000',0,'cb333253-4336-11ed-aea4-040300000000','4115c92e-5b8e-11ed-a988-040300000000','2b2a55a0-71c3-11ed-a880-040300000000'),
('af700bb5-e441-11ed-8002-d89d6776f970','2023-09-01 17:29:44','2023-09-01 17:29:44','30adc962-7109-11ed-a880-040300000000','30adc962-7109-11ed-a880-040300000000',0,'4f3569a6-66a2-11ed-a880-040300000000','96f13cb7-e3c0-11ed-b61c-2c4138b7dab1','2621f126-71d3-11ed-a880-040300000000'),
('b0225d97-0fa1-11ee-8002-d89d6776f970','2023-09-01 17:29:43','2023-09-01 17:29:43','30adc962-7109-11ed-a880-040300000000','30adc962-7109-11ed-a880-040300000000',0,'4f3569a6-66a2-11ed-a880-040300000000','5fd960cf-0ad6-11ee-8002-d89d6776f970','11aa824f-95cc-11ed-a912-705a0f328da6'),
('b03c25b7-e441-11ed-8002-d89d6776f970','2023-09-01 17:29:44','2023-09-01 17:29:44','30adc962-7109-11ed-a880-040300000000','30adc962-7109-11ed-a880-040300000000',0,'4f3569a6-66a2-11ed-a880-040300000000','88cfa3aa-e3c2-11ed-b61c-2c4138b7dab1','2621f126-71d3-11ed-a880-040300000000'),
('b0e07347-726e-11ed-a880-040300000000','2023-09-01 17:29:42','2023-09-01 17:29:42','30adc962-7109-11ed-a880-040300000000','30adc962-7109-11ed-a880-040300000000',0,'cb333253-4336-11ed-aea4-040300000000','411337f0-5b8e-11ed-a988-040300000000','2b2a55a0-71c3-11ed-a880-040300000000'),
('b0e71847-e441-11ed-8002-d89d6776f970','2023-09-01 17:29:44','2023-09-01 17:29:44','30adc962-7109-11ed-a880-040300000000','30adc962-7109-11ed-a880-040300000000',0,'4f3569a6-66a2-11ed-a880-040300000000','7ac1ec3c-e3be-11ed-b61c-2c4138b7dab1','2621f126-71d3-11ed-a880-040300000000'),
('b1e7fca3-e441-11ed-8002-d89d6776f970','2023-09-01 17:29:44','2023-09-01 17:29:44','30adc962-7109-11ed-a880-040300000000','30adc962-7109-11ed-a880-040300000000',0,'4f3569a6-66a2-11ed-a880-040300000000','94fdf508-e3bf-11ed-b61c-2c4138b7dab1','2621f126-71d3-11ed-a880-040300000000'),
('b37dc260-726e-11ed-a880-040300000000','2023-09-01 17:29:42','2023-09-01 17:29:42','30adc962-7109-11ed-a880-040300000000','30adc962-7109-11ed-a880-040300000000',0,'cb333253-4336-11ed-aea4-040300000000','41170742-5b8e-11ed-a988-040300000000','2b2a55a0-71c3-11ed-a880-040300000000'),
('b4da3177-fe46-11ed-8002-d89d6776f970','2023-09-01 17:29:43','2023-09-01 17:29:43','30adc962-7109-11ed-a880-040300000000','30adc962-7109-11ed-a880-040300000000',0,'c74e096c-4437-11ed-aea4-040300000000','5e44829b-fe46-11ed-8002-d89d6776f970','2b2a55a0-71c3-11ed-a880-040300000000'),
('b6e83bee-0fa1-11ee-8002-d89d6776f970','2023-09-01 17:29:46','2023-09-01 17:29:46','30adc962-7109-11ed-a880-040300000000','30adc962-7109-11ed-a880-040300000000',0,'4f3569a6-66a2-11ed-a880-040300000000','ece399bd-d3dd-11ed-b61c-2c4138b7dab1','11aa824f-95cc-11ed-a912-705a0f328da6'),
('b7c85a5a-757e-11ed-aad1-040300000000','2023-09-01 17:29:46','2023-09-01 17:29:46','30adc962-7109-11ed-a880-040300000000','30adc962-7109-11ed-a880-040300000000',0,'b3a6d6a6-40de-11ed-af5a-040300000000','ea3f2367-5ebe-11ed-a880-040300000000','2b2a55a0-71c3-11ed-a880-040300000000'),
('b8072c37-7271-11ed-a880-040300000000','2023-09-01 17:29:43','2023-09-01 17:29:43','30adc962-7109-11ed-a880-040300000000','30adc962-7109-11ed-a880-040300000000',0,'1a3baa30-436c-11ed-aea4-040300000000','412cae3d-5b8e-11ed-a988-040300000000','2b2a55a0-71c3-11ed-a880-040300000000'),
('b90320b2-b850-11ed-8002-d89d6776f970','2023-09-01 17:29:47','2023-09-01 17:29:47','30adc962-7109-11ed-a880-040300000000','30adc962-7109-11ed-a880-040300000000',0,'fd244a6e-3f74-11ed-af5a-040300000000','f9a4a1e4-5ad1-11ed-a988-040300000000','abb64046-b850-11ed-8002-d89d6776f970'),
('b92a15d4-757e-11ed-aad1-040300000000','2023-09-01 17:29:46','2023-09-01 17:29:46','30adc962-7109-11ed-a880-040300000000','30adc962-7109-11ed-a880-040300000000',0,'b3a6d6a6-40de-11ed-af5a-040300000000','ea41b26a-5ebe-11ed-a880-040300000000','2b2a55a0-71c3-11ed-a880-040300000000'),
('b991a9ca-7271-11ed-a880-040300000000','2023-09-01 17:29:42','2023-09-01 17:29:42','30adc962-7109-11ed-a880-040300000000','30adc962-7109-11ed-a880-040300000000',0,'1a3baa30-436c-11ed-aea4-040300000000','4123c4ef-5b8e-11ed-a988-040300000000','2b2a55a0-71c3-11ed-a880-040300000000'),
('b9d0a6bc-fe46-11ed-8002-d89d6776f970','2023-09-01 17:29:44','2023-09-01 17:29:44','30adc962-7109-11ed-a880-040300000000','30adc962-7109-11ed-a880-040300000000',0,'1a3baa30-436c-11ed-aea4-040300000000','67c2ffad-fe46-11ed-8002-d89d6776f970','2b2a55a0-71c3-11ed-a880-040300000000'),
('ba8ba462-757e-11ed-aad1-040300000000','2023-09-01 17:29:46','2023-09-01 17:29:46','30adc962-7109-11ed-a880-040300000000','30adc962-7109-11ed-a880-040300000000',0,'b3a6d6a6-40de-11ed-af5a-040300000000','ea4066cf-5ebe-11ed-a880-040300000000','2b2a55a0-71c3-11ed-a880-040300000000'),
('ba94d704-757d-11ed-aad1-040300000000','2023-09-01 17:29:46','2023-09-01 17:29:46','30adc962-7109-11ed-a880-040300000000','30adc962-7109-11ed-a880-040300000000',0,'072aade5-4344-11ed-aea4-040300000000','ea101867-5ebe-11ed-a880-040300000000','2b2a55a0-71c3-11ed-a880-040300000000'),
('bb221965-7271-11ed-a880-040300000000','2023-09-01 17:29:43','2023-09-01 17:29:43','30adc962-7109-11ed-a880-040300000000','30adc962-7109-11ed-a880-040300000000',0,'1a3baa30-436c-11ed-aea4-040300000000','4127914f-5b8e-11ed-a988-040300000000','2b2a55a0-71c3-11ed-a880-040300000000'),
('bb32c619-0fa1-11ee-8002-d89d6776f970','2023-09-01 17:29:43','2023-09-01 17:29:43','30adc962-7109-11ed-a880-040300000000','30adc962-7109-11ed-a880-040300000000',0,'4f3569a6-66a2-11ed-a880-040300000000','57bbe994-d898-11ed-b61c-2c4138b7dab1','11aa824f-95cc-11ed-a912-705a0f328da6'),
('bb39ec57-757d-11ed-aad1-040300000000','2023-09-01 17:29:46','2023-09-01 17:29:46','30adc962-7109-11ed-a880-040300000000','30adc962-7109-11ed-a880-040300000000',0,'072aade5-4344-11ed-aea4-040300000000','ea152e5b-5ebe-11ed-a880-040300000000','2b2a55a0-71c3-11ed-a880-040300000000'),
('bb651ba0-e5d8-11ed-8002-d89d6776f970','2023-09-01 17:29:46','2023-09-01 17:29:46','30adc962-7109-11ed-a880-040300000000','30adc962-7109-11ed-a880-040300000000',0,'892ffcbf-40df-11ed-af5a-040300000000','ea246d16-5ebe-11ed-a880-040300000000','2b2a55a0-71c3-11ed-a880-040300000000'),
('bbbc478d-fe46-11ed-8002-d89d6776f970','2023-09-01 17:29:44','2023-09-01 17:29:44','30adc962-7109-11ed-a880-040300000000','30adc962-7109-11ed-a880-040300000000',0,'0eb1d899-4401-11ed-aea4-040300000000','790a0790-fe46-11ed-8002-d89d6776f970','2b2a55a0-71c3-11ed-a880-040300000000'),
('bc1323c2-726e-11ed-a880-040300000000','2023-09-01 17:29:42','2023-09-01 17:29:42','30adc962-7109-11ed-a880-040300000000','30adc962-7109-11ed-a880-040300000000',0,'cb333253-4336-11ed-aea4-040300000000','411481f0-5b8e-11ed-a988-040300000000','2b2a55a0-71c3-11ed-a880-040300000000'),
('bc9aa95a-757d-11ed-aad1-040300000000','2023-09-01 17:29:46','2023-09-01 17:29:46','30adc962-7109-11ed-a880-040300000000','30adc962-7109-11ed-a880-040300000000',0,'072aade5-4344-11ed-aea4-040300000000','ea167388-5ebe-11ed-a880-040300000000','2b2a55a0-71c3-11ed-a880-040300000000'),
('bcc2de85-0fa1-11ee-8002-d89d6776f970','2023-09-01 17:29:47','2023-09-01 17:29:47','30adc962-7109-11ed-a880-040300000000','30adc962-7109-11ed-a880-040300000000',0,'4f3569a6-66a2-11ed-a880-040300000000','fdd8a863-d885-11ed-b61c-2c4138b7dab1','11aa824f-95cc-11ed-a912-705a0f328da6'),
('bcc7e083-7271-11ed-a880-040300000000','2023-09-01 17:29:43','2023-09-01 17:29:43','30adc962-7109-11ed-a880-040300000000','30adc962-7109-11ed-a880-040300000000',0,'1a3baa30-436c-11ed-aea4-040300000000','412a7a0f-5b8e-11ed-a988-040300000000','2b2a55a0-71c3-11ed-a880-040300000000'),
('bd0f94e6-0aeb-11ee-8002-d89d6776f970','2023-09-01 17:29:42','2023-09-01 17:29:42','30adc962-7109-11ed-a880-040300000000','30adc962-7109-11ed-a880-040300000000',0,'519c292a-5f00-11ed-a880-040300000000','38821fe1-ca76-11ed-b8d9-2c4138b7dab1','ee999ece-9b56-11ed-b58e-2c4138b7dab1'),
('be01c6fe-7271-11ed-a880-040300000000','2023-09-01 17:29:42','2023-09-01 17:29:42','30adc962-7109-11ed-a880-040300000000','30adc962-7109-11ed-a880-040300000000',0,'1a3baa30-436c-11ed-aea4-040300000000','41250bd5-5b8e-11ed-a988-040300000000','2b2a55a0-71c3-11ed-a880-040300000000'),
('bf67223b-7271-11ed-a880-040300000000','2023-09-01 17:29:43','2023-09-01 17:29:43','30adc962-7109-11ed-a880-040300000000','30adc962-7109-11ed-a880-040300000000',0,'1a3baa30-436c-11ed-aea4-040300000000','4126506f-5b8e-11ed-a988-040300000000','2b2a55a0-71c3-11ed-a880-040300000000'),
('c035940c-0aeb-11ee-8002-d89d6776f970','2023-09-01 17:29:42','2023-09-01 17:29:42','30adc962-7109-11ed-a880-040300000000','30adc962-7109-11ed-a880-040300000000',0,'519c292a-5f00-11ed-a880-040300000000','26250b64-c42c-11ed-b789-2c4138b7dab1','ee999ece-9b56-11ed-b58e-2c4138b7dab1'),
('c10ad083-0aeb-11ee-8002-d89d6776f970','2023-09-01 17:29:41','2023-09-01 17:29:41','30adc962-7109-11ed-a880-040300000000','30adc962-7109-11ed-a880-040300000000',0,'519c292a-5f00-11ed-a880-040300000000','09573316-c42c-11ed-b789-2c4138b7dab1','ee999ece-9b56-11ed-b58e-2c4138b7dab1'),
('c201bc7a-726e-11ed-a880-040300000000','2023-09-01 17:29:43','2023-09-01 17:29:43','30adc962-7109-11ed-a880-040300000000','30adc962-7109-11ed-a880-040300000000',0,'c74e096c-4437-11ed-aea4-040300000000','4164af12-5b8e-11ed-a988-040300000000','2b2a55a0-71c3-11ed-a880-040300000000'),
('c2947e77-fe46-11ed-8002-d89d6776f970','2023-09-01 17:29:44','2023-09-01 17:29:44','30adc962-7109-11ed-a880-040300000000','30adc962-7109-11ed-a880-040300000000',0,'09dbe702-43ff-11ed-aea4-040300000000','705fb215-fe46-11ed-8002-d89d6776f970','2b2a55a0-71c3-11ed-a880-040300000000'),
('c296a3df-7269-11ed-a880-040300000000','2023-09-01 17:29:43','2023-09-01 17:29:43','30adc962-7109-11ed-a880-040300000000','30adc962-7109-11ed-a880-040300000000',0,'74684762-4408-11ed-aea4-040300000000','415d0e2c-5b8e-11ed-a988-040300000000','2b2a55a0-71c3-11ed-a880-040300000000'),
('c31e5cb2-726e-11ed-a880-040300000000','2023-09-01 17:29:43','2023-09-01 17:29:43','30adc962-7109-11ed-a880-040300000000','30adc962-7109-11ed-a880-040300000000',0,'c74e096c-4437-11ed-aea4-040300000000','415e5a07-5b8e-11ed-a988-040300000000','2b2a55a0-71c3-11ed-a880-040300000000'),
('c4253425-2199-11ee-8002-d89d6776f970','2023-09-01 17:29:47','2023-09-01 17:29:47','30adc962-7109-11ed-a880-040300000000','30adc962-7109-11ed-a880-040300000000',0,'c40d55cb-40e0-11ed-af5a-040300000000','fe8b2409-5ec2-11ed-a880-040300000000','0c67e95b-74f1-11ed-aad1-040300000000'),
('c42e350f-7269-11ed-a880-040300000000','2023-09-01 17:29:43','2023-09-01 17:29:43','30adc962-7109-11ed-a880-040300000000','30adc962-7109-11ed-a880-040300000000',0,'74684762-4408-11ed-aea4-040300000000','415425b0-5b8e-11ed-a988-040300000000','2b2a55a0-71c3-11ed-a880-040300000000'),
('c45992af-726e-11ed-a880-040300000000','2023-09-01 17:29:43','2023-09-01 17:29:43','30adc962-7109-11ed-a880-040300000000','30adc962-7109-11ed-a880-040300000000',0,'c74e096c-4437-11ed-aea4-040300000000','4162251a-5b8e-11ed-a988-040300000000','2b2a55a0-71c3-11ed-a880-040300000000'),
('c4bef127-2199-11ee-8002-d89d6776f970','2023-09-01 17:29:47','2023-09-01 17:29:47','30adc962-7109-11ed-a880-040300000000','30adc962-7109-11ed-a880-040300000000',0,'c40d55cb-40e0-11ed-af5a-040300000000','fe8d193c-5ec2-11ed-a880-040300000000','0c67e95b-74f1-11ed-aad1-040300000000'),
('c5560138-2199-11ee-8002-d89d6776f970','2023-09-01 17:29:43','2023-09-01 17:29:43','30adc962-7109-11ed-a880-040300000000','30adc962-7109-11ed-a880-040300000000',0,'c40d55cb-40e0-11ed-af5a-040300000000','4fe81fce-6085-11ed-a880-040300000000','0c67e95b-74f1-11ed-aad1-040300000000'),
('c59e4d96-726e-11ed-a880-040300000000','2023-09-01 17:29:43','2023-09-01 17:29:43','30adc962-7109-11ed-a880-040300000000','30adc962-7109-11ed-a880-040300000000',0,'c74e096c-4437-11ed-aea4-040300000000','415f9930-5b8e-11ed-a988-040300000000','2b2a55a0-71c3-11ed-a880-040300000000'),
('c5b0e84f-7269-11ed-a880-040300000000','2023-09-01 17:29:43','2023-09-01 17:29:43','30adc962-7109-11ed-a880-040300000000','30adc962-7109-11ed-a880-040300000000',0,'74684762-4408-11ed-aea4-040300000000','41598aa2-5b8e-11ed-a988-040300000000','2b2a55a0-71c3-11ed-a880-040300000000'),
('c6da43d5-726e-11ed-a880-040300000000','2023-09-01 17:29:43','2023-09-01 17:29:43','30adc962-7109-11ed-a880-040300000000','30adc962-7109-11ed-a880-040300000000',0,'c74e096c-4437-11ed-aea4-040300000000','41636480-5b8e-11ed-a988-040300000000','2b2a55a0-71c3-11ed-a880-040300000000'),
('c7502619-7269-11ed-a880-040300000000','2023-09-01 17:29:43','2023-09-01 17:29:43','30adc962-7109-11ed-a880-040300000000','30adc962-7109-11ed-a880-040300000000',0,'74684762-4408-11ed-aea4-040300000000','41556ca1-5b8e-11ed-a988-040300000000','2b2a55a0-71c3-11ed-a880-040300000000'),
('c8685024-726e-11ed-a880-040300000000','2023-09-01 17:29:43','2023-09-01 17:29:43','30adc962-7109-11ed-a880-040300000000','30adc962-7109-11ed-a880-040300000000',0,'c74e096c-4437-11ed-aea4-040300000000','4160df25-5b8e-11ed-a988-040300000000','2b2a55a0-71c3-11ed-a880-040300000000'),
('c88982c0-7271-11ed-a880-040300000000','2023-09-01 17:29:43','2023-09-01 17:29:43','30adc962-7109-11ed-a880-040300000000','30adc962-7109-11ed-a880-040300000000',0,'0eb1d899-4401-11ed-aea4-040300000000','4152dad6-5b8e-11ed-a988-040300000000','2b2a55a0-71c3-11ed-a880-040300000000'),
('c89216f5-2199-11ee-8002-d89d6776f970','2023-09-01 17:29:47','2023-09-01 17:29:47','30adc962-7109-11ed-a880-040300000000','30adc962-7109-11ed-a880-040300000000',0,'c40d55cb-40e0-11ed-af5a-040300000000','fe8e5e75-5ec2-11ed-a880-040300000000','0c67e95b-74f1-11ed-aad1-040300000000'),
('c9094992-757d-11ed-aad1-040300000000','2023-09-01 17:29:46','2023-09-01 17:29:46','30adc962-7109-11ed-a880-040300000000','30adc962-7109-11ed-a880-040300000000',0,'33058232-40de-11ed-af5a-040300000000','ea17b9cb-5ebe-11ed-a880-040300000000','2b2a55a0-71c3-11ed-a880-040300000000'),
('c91a6459-7269-11ed-a880-040300000000','2023-09-01 17:29:43','2023-09-01 17:29:43','30adc962-7109-11ed-a880-040300000000','30adc962-7109-11ed-a880-040300000000',0,'74684762-4408-11ed-aea4-040300000000','415bc897-5b8e-11ed-a988-040300000000','2b2a55a0-71c3-11ed-a880-040300000000'),
('c9fdbdaa-7271-11ed-a880-040300000000','2023-09-01 17:29:43','2023-09-01 17:29:43','30adc962-7109-11ed-a880-040300000000','30adc962-7109-11ed-a880-040300000000',0,'0eb1d899-4401-11ed-aea4-040300000000','4149f154-5b8e-11ed-a988-040300000000','2b2a55a0-71c3-11ed-a880-040300000000'),
('ca1a9ac9-7812-11ed-aad1-040300000000','2023-09-01 17:29:44','2023-09-01 17:29:44','30adc962-7109-11ed-a880-040300000000','30adc962-7109-11ed-a880-040300000000',0,'ecf7d586-4f27-11ed-a964-040300000000','a5e5aca8-65e5-11ed-a880-040300000000','2b2a55a0-71c3-11ed-a880-040300000000'),
('cadb5273-7269-11ed-a880-040300000000','2023-09-01 17:29:43','2023-09-01 17:29:43','30adc962-7109-11ed-a880-040300000000','30adc962-7109-11ed-a880-040300000000',0,'74684762-4408-11ed-aea4-040300000000','4156b151-5b8e-11ed-a988-040300000000','2b2a55a0-71c3-11ed-a880-040300000000'),
('cade9f6b-757d-11ed-aad1-040300000000','2023-09-01 17:29:46','2023-09-01 17:29:46','30adc962-7109-11ed-a880-040300000000','30adc962-7109-11ed-a880-040300000000',0,'33058232-40de-11ed-af5a-040300000000','ea1d7707-5ebe-11ed-a880-040300000000','2b2a55a0-71c3-11ed-a880-040300000000'),
('cb69f7df-7812-11ed-aad1-040300000000','2023-09-01 17:29:44','2023-09-01 17:29:44','30adc962-7109-11ed-a880-040300000000','30adc962-7109-11ed-a880-040300000000',0,'ecf7d586-4f27-11ed-a964-040300000000','a5e26c24-65e5-11ed-a880-040300000000','2b2a55a0-71c3-11ed-a880-040300000000'),
('cb75f062-7271-11ed-a880-040300000000','2023-09-01 17:29:43','2023-09-01 17:29:43','30adc962-7109-11ed-a880-040300000000','30adc962-7109-11ed-a880-040300000000',0,'0eb1d899-4401-11ed-aea4-040300000000','414f5d8c-5b8e-11ed-a988-040300000000','2b2a55a0-71c3-11ed-a880-040300000000'),
('cbbf1219-758a-11ed-aad1-040300000000','2023-09-01 17:29:45','2023-09-01 17:29:45','30adc962-7109-11ed-a880-040300000000','30adc962-7109-11ed-a880-040300000000',0,'c8bbd4f0-40df-11ed-af5a-040300000000','ce58b273-7587-11ed-aad1-040300000000','2b2a55a0-71c3-11ed-a880-040300000000'),
('cc58a0a8-757d-11ed-aad1-040300000000','2023-09-01 17:29:46','2023-09-01 17:29:46','30adc962-7109-11ed-a880-040300000000','30adc962-7109-11ed-a880-040300000000',0,'33058232-40de-11ed-af5a-040300000000','ea1f5ba5-5ebe-11ed-a880-040300000000','2b2a55a0-71c3-11ed-a880-040300000000'),
('ccdf8d1c-757e-11ed-aad1-040300000000','2023-09-01 17:29:46','2023-09-01 17:29:46','30adc962-7109-11ed-a880-040300000000','30adc962-7109-11ed-a880-040300000000',0,'892ffcbf-40df-11ed-af5a-040300000000','ea26fc18-5ebe-11ed-a880-040300000000','2b2a55a0-71c3-11ed-a880-040300000000'),
('ccfd42b4-7271-11ed-a880-040300000000','2023-09-01 17:29:43','2023-09-01 17:29:43','30adc962-7109-11ed-a880-040300000000','30adc962-7109-11ed-a880-040300000000',0,'0eb1d899-4401-11ed-aea4-040300000000','414b37ca-5b8e-11ed-a988-040300000000','2b2a55a0-71c3-11ed-a880-040300000000'),
('ce46acdf-757e-11ed-aad1-040300000000','2023-09-01 17:29:46','2023-09-01 17:29:46','30adc962-7109-11ed-a880-040300000000','30adc962-7109-11ed-a880-040300000000',0,'892ffcbf-40df-11ed-af5a-040300000000','ea25b120-5ebe-11ed-a880-040300000000','2b2a55a0-71c3-11ed-a880-040300000000'),
('ce8b9ee9-7271-11ed-a880-040300000000','2023-09-01 17:29:43','2023-09-01 17:29:43','30adc962-7109-11ed-a880-040300000000','30adc962-7109-11ed-a880-040300000000',0,'0eb1d899-4401-11ed-aea4-040300000000','41519986-5b8e-11ed-a988-040300000000','2b2a55a0-71c3-11ed-a880-040300000000'),
('cfd22752-8ac1-11ed-88bc-040300000000','2023-09-01 17:29:43','2023-09-01 17:29:43','30adc962-7109-11ed-a880-040300000000','30adc962-7109-11ed-a880-040300000000',0,'8bf79e3e-40de-11ed-af5a-040300000000','5f73ab89-815f-11ed-a963-040300000000','2b2a55a0-71c3-11ed-a880-040300000000'),
('d027d9f7-7271-11ed-a880-040300000000','2023-09-01 17:29:43','2023-09-01 17:29:43','30adc962-7109-11ed-a880-040300000000','30adc962-7109-11ed-a880-040300000000',0,'0eb1d899-4401-11ed-aea4-040300000000','414c7ddf-5b8e-11ed-a988-040300000000','2b2a55a0-71c3-11ed-a880-040300000000'),
('d22e82e8-8ac1-11ed-88bc-040300000000','2023-09-01 17:29:44','2023-09-01 17:29:44','30adc962-7109-11ed-a880-040300000000','30adc962-7109-11ed-a880-040300000000',0,'892ffcbf-40df-11ed-af5a-040300000000','7bed21fa-815e-11ed-a963-040300000000','2b2a55a0-71c3-11ed-a880-040300000000'),
('d2e6eaaf-a28b-11ed-854b-040300000000','2023-09-01 17:29:43','2023-09-01 17:29:43','30adc962-7109-11ed-a880-040300000000','30adc962-7109-11ed-a880-040300000000',0,'3149fbd2-a26b-11ed-b561-2c4138b7dab1','4552bbc8-a26b-11ed-b561-2c4138b7dab1','0191ca3b-5acd-11ed-a988-040300000000'),
('d3516130-a28b-11ed-854b-040300000000','2023-09-01 17:29:42','2023-09-01 17:29:42','30adc962-7109-11ed-a880-040300000000','30adc962-7109-11ed-a880-040300000000',0,'3149fbd2-a26b-11ed-b561-2c4138b7dab1','3d66cb7a-a27a-11ed-b561-2c4138b7dab1','0191ca3b-5acd-11ed-a988-040300000000'),
('d3bb1f4e-a28b-11ed-854b-040300000000','2023-09-01 17:29:44','2023-09-01 17:29:44','30adc962-7109-11ed-a880-040300000000','30adc962-7109-11ed-a880-040300000000',0,'3149fbd2-a26b-11ed-b561-2c4138b7dab1','6caac88e-a27a-11ed-b561-2c4138b7dab1','0191ca3b-5acd-11ed-a988-040300000000'),
('d43fe5e1-0fa1-11ee-8002-d89d6776f970','2023-09-01 17:29:44','2023-09-01 17:29:44','30adc962-7109-11ed-a880-040300000000','30adc962-7109-11ed-a880-040300000000',0,'4f3569a6-66a2-11ed-a880-040300000000','bc14e80d-d3dd-11ed-b61c-2c4138b7dab1','11aa824f-95cc-11ed-a912-705a0f328da6'),
('d4777c5e-8ac1-11ed-88bc-040300000000','2023-09-01 17:29:43','2023-09-01 17:29:43','30adc962-7109-11ed-a880-040300000000','30adc962-7109-11ed-a880-040300000000',0,'7f767eb1-4111-11ed-af5a-040300000000','49be6ed4-815e-11ed-a963-040300000000','2b2a55a0-71c3-11ed-a880-040300000000'),
('d6457ad4-a28b-11ed-854b-040300000000','2023-09-01 17:29:43','2023-09-01 17:29:43','30adc962-7109-11ed-a880-040300000000','30adc962-7109-11ed-a880-040300000000',0,'b4471dc5-a268-11ed-b561-2c4138b7dab1','57420ee0-a269-11ed-b561-2c4138b7dab1','0191ca3b-5acd-11ed-a988-040300000000'),
('d6950d09-8ac1-11ed-88bc-040300000000','2023-09-01 17:29:41','2023-09-01 17:29:41','30adc962-7109-11ed-a880-040300000000','30adc962-7109-11ed-a880-040300000000',0,'33058232-40de-11ed-af5a-040300000000','00cfeb05-815e-11ed-a963-040300000000','2b2a55a0-71c3-11ed-a880-040300000000'),
('d6ae0999-a28b-11ed-854b-040300000000','2023-09-01 17:29:44','2023-09-01 17:29:44','30adc962-7109-11ed-a880-040300000000','30adc962-7109-11ed-a880-040300000000',0,'b4471dc5-a268-11ed-b561-2c4138b7dab1','65735b2c-a269-11ed-b561-2c4138b7dab1','0191ca3b-5acd-11ed-a988-040300000000'),
('d70e1256-a28b-11ed-854b-040300000000','2023-09-01 17:29:44','2023-09-01 17:29:44','30adc962-7109-11ed-a880-040300000000','30adc962-7109-11ed-a880-040300000000',0,'b4471dc5-a268-11ed-b561-2c4138b7dab1','a1d506f5-a269-11ed-b561-2c4138b7dab1','0191ca3b-5acd-11ed-a988-040300000000'),
('d8226e0e-77e2-11ed-aad1-040300000000','2023-09-01 17:29:45','2023-09-01 17:29:45','30adc962-7109-11ed-a880-040300000000','30adc962-7109-11ed-a880-040300000000',0,'ee272ae7-77e0-11ed-aad1-040300000000','c1c4e0f4-77e2-11ed-aad1-040300000000','2b2a55a0-71c3-11ed-a880-040300000000'),
('d88f7aac-8ac1-11ed-88bc-040300000000','2023-09-01 17:29:46','2023-09-01 17:29:46','30adc962-7109-11ed-a880-040300000000','30adc962-7109-11ed-a880-040300000000',0,'072aade5-4344-11ed-aea4-040300000000','f233351e-815a-11ed-a963-040300000000','2b2a55a0-71c3-11ed-a880-040300000000'),
('d8e55c40-fa66-11ed-8002-d89d6776f970','2023-09-01 17:29:42','2023-09-01 17:29:42','30adc962-7109-11ed-a880-040300000000','30adc962-7109-11ed-a880-040300000000',0,'408237ce-5574-11ed-a988-040300000000','3017321d-d898-11ed-b61c-2c4138b7dab1','a65773a5-fa66-11ed-8002-d89d6776f970'),
('d946537e-a28b-11ed-854b-040300000000','2023-09-01 17:29:43','2023-09-01 17:29:43','30adc962-7109-11ed-a880-040300000000','30adc962-7109-11ed-a880-040300000000',0,'e884bd89-a267-11ed-b561-2c4138b7dab1','63373174-a27b-11ed-b561-2c4138b7dab1','0191ca3b-5acd-11ed-a988-040300000000'),
('d9a4379d-a28b-11ed-854b-040300000000','2023-09-01 17:29:43','2023-09-01 17:29:43','30adc962-7109-11ed-a880-040300000000','30adc962-7109-11ed-a880-040300000000',0,'e884bd89-a267-11ed-b561-2c4138b7dab1','633e5a84-a27b-11ed-b561-2c4138b7dab1','0191ca3b-5acd-11ed-a988-040300000000'),
('d9c3a19e-77e2-11ed-aad1-040300000000','2023-09-01 17:29:45','2023-09-01 17:29:45','30adc962-7109-11ed-a880-040300000000','30adc962-7109-11ed-a880-040300000000',0,'ee272ae7-77e0-11ed-aad1-040300000000','c1b4e2d7-77e2-11ed-aad1-040300000000','2b2a55a0-71c3-11ed-a880-040300000000'),
('d9c5c3a4-c411-11ed-b789-2c4138b7dab1','2023-09-01 17:29:45','2023-09-01 17:29:45','30adc962-7109-11ed-a880-040300000000','30adc962-7109-11ed-a880-040300000000',0,'519c292a-5f00-11ed-a880-040300000000','dee97a80-c40f-11ed-b789-2c4138b7dab1','ee999ece-9b56-11ed-b58e-2c4138b7dab1'),
('d9fa68e7-a28b-11ed-854b-040300000000','2023-09-01 17:29:43','2023-09-01 17:29:43','30adc962-7109-11ed-a880-040300000000','30adc962-7109-11ed-a880-040300000000',0,'e884bd89-a267-11ed-b561-2c4138b7dab1','633d1727-a27b-11ed-b561-2c4138b7dab1','0191ca3b-5acd-11ed-a988-040300000000'),
('dacd6136-c411-11ed-b789-2c4138b7dab1','2023-09-01 17:29:47','2023-09-01 17:29:47','30adc962-7109-11ed-a880-040300000000','30adc962-7109-11ed-a880-040300000000',0,'519c292a-5f00-11ed-a880-040300000000','f28a5758-c40f-11ed-b789-2c4138b7dab1','ee999ece-9b56-11ed-b58e-2c4138b7dab1'),
('db1443ca-8ac1-11ed-88bc-040300000000','2023-09-01 17:29:45','2023-09-01 17:29:45','30adc962-7109-11ed-a880-040300000000','30adc962-7109-11ed-a880-040300000000',0,'94263848-40df-11ed-af5a-040300000000','c6796d23-815f-11ed-a963-040300000000','2b2a55a0-71c3-11ed-a880-040300000000'),
('db2be369-77e2-11ed-aad1-040300000000','2023-09-01 17:29:45','2023-09-01 17:29:45','30adc962-7109-11ed-a880-040300000000','30adc962-7109-11ed-a880-040300000000',0,'ee272ae7-77e0-11ed-aad1-040300000000','c1bd5a46-77e2-11ed-aad1-040300000000','2b2a55a0-71c3-11ed-a880-040300000000'),
('dba222a7-7272-11ed-a880-040300000000','2023-09-01 17:29:42','2023-09-01 17:29:42','30adc962-7109-11ed-a880-040300000000','30adc962-7109-11ed-a880-040300000000',0,'4d0e7262-4366-11ed-aea4-040300000000','41228043-5b8e-11ed-a988-040300000000','2b2a55a0-71c3-11ed-a880-040300000000'),
('dc9ee724-77e2-11ed-aad1-040300000000','2023-09-01 17:29:45','2023-09-01 17:29:45','30adc962-7109-11ed-a880-040300000000','30adc962-7109-11ed-a880-040300000000',0,'ee272ae7-77e0-11ed-aad1-040300000000','c1b83bd1-77e2-11ed-aad1-040300000000','2b2a55a0-71c3-11ed-a880-040300000000'),
('dd7ff94c-7272-11ed-a880-040300000000','2023-09-01 17:29:42','2023-09-01 17:29:42','30adc962-7109-11ed-a880-040300000000','30adc962-7109-11ed-a880-040300000000',0,'4d0e7262-4366-11ed-aea4-040300000000','41199c91-5b8e-11ed-a988-040300000000','2b2a55a0-71c3-11ed-a880-040300000000'),
('dde6cb09-16d4-11ee-8002-d89d6776f970','2023-09-01 17:29:45','2023-09-01 17:29:45','30adc962-7109-11ed-a880-040300000000','30adc962-7109-11ed-a880-040300000000',0,'4ac87d9e-16ca-11ee-8002-d89d6776f970','d46f7cca-16d4-11ee-8002-d89d6776f970','2b2a55a0-71c3-11ed-a880-040300000000'),
('de274fa6-77e2-11ed-aad1-040300000000','2023-09-01 17:29:45','2023-09-01 17:29:45','30adc962-7109-11ed-a880-040300000000','30adc962-7109-11ed-a880-040300000000',0,'ee272ae7-77e0-11ed-aad1-040300000000','c1b218af-77e2-11ed-aad1-040300000000','2b2a55a0-71c3-11ed-a880-040300000000'),
('de3fac12-16d4-11ee-8002-d89d6776f970','2023-09-01 17:29:45','2023-09-01 17:29:45','30adc962-7109-11ed-a880-040300000000','30adc962-7109-11ed-a880-040300000000',0,'4ac87d9e-16ca-11ee-8002-d89d6776f970','c16f3408-16d4-11ee-8002-d89d6776f970','2b2a55a0-71c3-11ed-a880-040300000000'),
('de48d9a8-8ac1-11ed-88bc-040300000000','2023-09-01 17:29:45','2023-09-01 17:29:45','30adc962-7109-11ed-a880-040300000000','30adc962-7109-11ed-a880-040300000000',0,'b3a6d6a6-40de-11ed-af5a-040300000000','d651e7cc-815f-11ed-a963-040300000000','2b2a55a0-71c3-11ed-a880-040300000000'),
('de906994-16d4-11ee-8002-d89d6776f970','2023-09-01 17:29:45','2023-09-01 17:29:45','30adc962-7109-11ed-a880-040300000000','30adc962-7109-11ed-a880-040300000000',0,'4ac87d9e-16ca-11ee-8002-d89d6776f970','ca190e6e-16d4-11ee-8002-d89d6776f970','2b2a55a0-71c3-11ed-a880-040300000000'),
('defb1a78-757d-11ed-aad1-040300000000','2023-09-01 17:29:45','2023-09-01 17:29:45','30adc962-7109-11ed-a880-040300000000','30adc962-7109-11ed-a880-040300000000',0,'7a5a469c-6158-11ed-a880-040300000000','c8c0bd39-6158-11ed-a880-040300000000','2b2a55a0-71c3-11ed-a880-040300000000'),
('df1e4d77-7272-11ed-a880-040300000000','2023-09-01 17:29:42','2023-09-01 17:29:42','30adc962-7109-11ed-a880-040300000000','30adc962-7109-11ed-a880-040300000000',0,'4d0e7262-4366-11ed-aea4-040300000000','411feffa-5b8e-11ed-a988-040300000000','2b2a55a0-71c3-11ed-a880-040300000000'),
('df1f0fe2-74e2-11ed-aad1-040300000000','2023-09-01 17:29:44','2023-09-01 17:29:44','30adc962-7109-11ed-a880-040300000000','30adc962-7109-11ed-a880-040300000000',0,'c12ae0ca-5544-11ed-a988-040300000000','ab9abbcc-5bbe-11ed-a988-040300000000','2621f126-71d3-11ed-a880-040300000000'),
('dfed18f4-77e2-11ed-aad1-040300000000','2023-09-01 17:29:45','2023-09-01 17:29:45','30adc962-7109-11ed-a880-040300000000','30adc962-7109-11ed-a880-040300000000',0,'ee272ae7-77e0-11ed-aad1-040300000000','c1c06fa5-77e2-11ed-aad1-040300000000','2b2a55a0-71c3-11ed-a880-040300000000'),
('e0678e9d-757d-11ed-aad1-040300000000','2023-09-01 17:29:45','2023-09-01 17:29:45','30adc962-7109-11ed-a880-040300000000','30adc962-7109-11ed-a880-040300000000',0,'7a5a469c-6158-11ed-a880-040300000000','c8c7e433-6158-11ed-a880-040300000000','2b2a55a0-71c3-11ed-a880-040300000000'),
('e160324a-7272-11ed-a880-040300000000','2023-09-01 17:29:42','2023-09-01 17:29:42','30adc962-7109-11ed-a880-040300000000','30adc962-7109-11ed-a880-040300000000',0,'4d0e7262-4366-11ed-aea4-040300000000','411c7bf5-5b8e-11ed-a988-040300000000','2b2a55a0-71c3-11ed-a880-040300000000'),
('e173be8b-77e2-11ed-aad1-040300000000','2023-09-01 17:29:45','2023-09-01 17:29:45','30adc962-7109-11ed-a880-040300000000','30adc962-7109-11ed-a880-040300000000',0,'ee272ae7-77e0-11ed-aad1-040300000000','c1bb194c-77e2-11ed-aad1-040300000000','2b2a55a0-71c3-11ed-a880-040300000000'),
('e1abfb6b-726c-11ed-a880-040300000000','2023-09-01 17:29:42','2023-09-01 17:29:42','30adc962-7109-11ed-a880-040300000000','30adc962-7109-11ed-a880-040300000000',0,'ab1c51ed-40e1-11ed-af5a-040300000000','4106854a-5b8e-11ed-a988-040300000000','2b2a55a0-71c3-11ed-a880-040300000000'),
('e1ec3284-757d-11ed-aad1-040300000000','2023-09-01 17:29:45','2023-09-01 17:29:45','30adc962-7109-11ed-a880-040300000000','30adc962-7109-11ed-a880-040300000000',0,'7a5a469c-6158-11ed-a880-040300000000','c8c1fc7a-6158-11ed-a880-040300000000','2b2a55a0-71c3-11ed-a880-040300000000'),
('e30038ec-74e2-11ed-aad1-040300000000','2023-09-01 17:29:44','2023-09-01 17:29:44','30adc962-7109-11ed-a880-040300000000','30adc962-7109-11ed-a880-040300000000',0,'c12ae0ca-5544-11ed-a988-040300000000','ab99868c-5bbe-11ed-a988-040300000000','2621f126-71d3-11ed-a880-040300000000'),
('e3404f6c-7272-11ed-a880-040300000000','2023-09-01 17:29:42','2023-09-01 17:29:42','30adc962-7109-11ed-a880-040300000000','30adc962-7109-11ed-a880-040300000000',0,'4d0e7262-4366-11ed-aea4-040300000000','41213795-5b8e-11ed-a988-040300000000','2b2a55a0-71c3-11ed-a880-040300000000'),
('e34f4497-726c-11ed-a880-040300000000','2023-09-01 17:29:42','2023-09-01 17:29:42','30adc962-7109-11ed-a880-040300000000','30adc962-7109-11ed-a880-040300000000',0,'ab1c51ed-40e1-11ed-af5a-040300000000','40fc4e61-5b8e-11ed-a988-040300000000','2b2a55a0-71c3-11ed-a880-040300000000'),
('e4bc2471-726c-11ed-a880-040300000000','2023-09-01 17:29:42','2023-09-01 17:29:42','30adc962-7109-11ed-a880-040300000000','30adc962-7109-11ed-a880-040300000000',0,'ab1c51ed-40e1-11ed-af5a-040300000000','41002800-5b8e-11ed-a988-040300000000','2b2a55a0-71c3-11ed-a880-040300000000'),
('e4d4e293-7272-11ed-a880-040300000000','2023-09-01 17:29:42','2023-09-01 17:29:42','30adc962-7109-11ed-a880-040300000000','30adc962-7109-11ed-a880-040300000000',0,'4d0e7262-4366-11ed-aea4-040300000000','411eaf8a-5b8e-11ed-a988-040300000000','2b2a55a0-71c3-11ed-a880-040300000000'),
('e4ddf15a-4d8c-11ee-8002-d89d6776f970','2023-09-07 08:42:24','2023-09-07 08:42:24','30adc962-7109-11ed-a880-040300000000','30adc962-7109-11ed-a880-040300000000',0,'408237ce-5574-11ed-a988-040300000000','3017321d-d898-11ed-b61c-2c4138b7dab1','80b7e403-1054-11ee-8002-d89d6776f970'),
('e6540f04-726c-11ed-a880-040300000000','2023-09-01 17:29:42','2023-09-01 17:29:42','30adc962-7109-11ed-a880-040300000000','30adc962-7109-11ed-a880-040300000000',0,'ab1c51ed-40e1-11ed-af5a-040300000000','40fd9e7e-5b8e-11ed-a988-040300000000','2b2a55a0-71c3-11ed-a880-040300000000'),
('e739b28f-757e-11ed-aad1-040300000000','2023-09-01 17:29:46','2023-09-01 17:29:46','30adc962-7109-11ed-a880-040300000000','30adc962-7109-11ed-a880-040300000000',0,'8bf79e3e-40de-11ed-af5a-040300000000','ea2e00cf-5ebe-11ed-a880-040300000000','2b2a55a0-71c3-11ed-a880-040300000000'),
('e75b0a36-e5e3-11ed-8002-d89d6776f970','2023-09-01 17:29:45','2023-09-01 17:29:45','30adc962-7109-11ed-a880-040300000000','30adc962-7109-11ed-a880-040300000000',0,'a4cd8315-4fce-11ed-ab6c-040300000000','d8f3d1e6-e5e3-11ed-8002-d89d6776f970','2b2a55a0-71c3-11ed-a880-040300000000'),
('e7e923d0-726c-11ed-a880-040300000000','2023-09-01 17:29:42','2023-09-01 17:29:42','30adc962-7109-11ed-a880-040300000000','30adc962-7109-11ed-a880-040300000000',0,'ab1c51ed-40e1-11ed-af5a-040300000000','41045140-5b8e-11ed-a988-040300000000','2b2a55a0-71c3-11ed-a880-040300000000'),
('e82b4899-e5e3-11ed-8002-d89d6776f970','2023-09-01 17:29:44','2023-09-01 17:29:44','30adc962-7109-11ed-a880-040300000000','30adc962-7109-11ed-a880-040300000000',0,'a4cd8315-4fce-11ed-ab6c-040300000000','a2147b50-c8d7-11ed-b4d7-2c4138b7dab1','2b2a55a0-71c3-11ed-a880-040300000000'),
('e8eafd66-757e-11ed-aad1-040300000000','2023-09-01 17:29:46','2023-09-01 17:29:46','30adc962-7109-11ed-a880-040300000000','30adc962-7109-11ed-a880-040300000000',0,'8bf79e3e-40de-11ed-af5a-040300000000','ea2fe423-5ebe-11ed-a880-040300000000','2b2a55a0-71c3-11ed-a880-040300000000'),
('e91e3e70-77e2-11ed-aad1-040300000000','2023-09-01 17:29:45','2023-09-01 17:29:45','30adc962-7109-11ed-a880-040300000000','30adc962-7109-11ed-a880-040300000000',0,'07626fa5-77e1-11ed-aad1-040300000000','c1d646ca-77e2-11ed-aad1-040300000000','2b2a55a0-71c3-11ed-a880-040300000000'),
('e9a353d7-726c-11ed-a880-040300000000','2023-09-01 17:29:42','2023-09-01 17:29:42','30adc962-7109-11ed-a880-040300000000','30adc962-7109-11ed-a880-040300000000',0,'ab1c51ed-40e1-11ed-af5a-040300000000','40fed4d9-5b8e-11ed-a988-040300000000','2b2a55a0-71c3-11ed-a880-040300000000'),
('ea9547ea-0ad5-11ee-8002-d89d6776f970','2023-09-01 17:29:45','2023-09-01 17:29:45','30adc962-7109-11ed-a880-040300000000','30adc962-7109-11ed-a880-040300000000',0,'4f3569a6-66a2-11ed-a880-040300000000','bc14e80d-d3dd-11ed-b61c-2c4138b7dab1','6e2e84fb-0717-11ee-8002-d89d6776f970'),
('eb6964c5-0ad5-11ee-8002-d89d6776f970','2023-09-01 17:29:45','2023-09-01 17:29:45','30adc962-7109-11ed-a880-040300000000','30adc962-7109-11ed-a880-040300000000',0,'4f3569a6-66a2-11ed-a880-040300000000','d29b1111-d3dd-11ed-b61c-2c4138b7dab1','6e2e84fb-0717-11ee-8002-d89d6776f970'),
('ec85e0ed-0ad5-11ee-8002-d89d6776f970','2023-09-01 17:29:46','2023-09-01 17:29:46','30adc962-7109-11ed-a880-040300000000','30adc962-7109-11ed-a880-040300000000',0,'4f3569a6-66a2-11ed-a880-040300000000','ece399bd-d3dd-11ed-b61c-2c4138b7dab1','6e2e84fb-0717-11ee-8002-d89d6776f970'),
('ecd7ab35-77e2-11ed-aad1-040300000000','2023-09-01 17:29:45','2023-09-01 17:29:45','30adc962-7109-11ed-a880-040300000000','30adc962-7109-11ed-a880-040300000000',0,'07626fa5-77e1-11ed-aad1-040300000000','c1c90ff4-77e2-11ed-aad1-040300000000','2b2a55a0-71c3-11ed-a880-040300000000'),
('ed331048-70d6-11ed-a880-040300000000','2023-09-01 17:29:47','2023-09-01 17:29:47','30adc962-7109-11ed-a880-040300000000','30adc962-7109-11ed-a880-040300000000',0,'fd244a6e-3f74-11ed-af5a-040300000000','f9a689b3-5ad1-11ed-a988-040300000000','0191ca3b-5acd-11ed-a988-040300000000'),
('ed9ede92-0ad5-11ee-8002-d89d6776f970','2023-09-01 17:29:45','2023-09-01 17:29:45','30adc962-7109-11ed-a880-040300000000','30adc962-7109-11ed-a880-040300000000',0,'4f3569a6-66a2-11ed-a880-040300000000','dfec6aed-d3dd-11ed-b61c-2c4138b7dab1','6e2e84fb-0717-11ee-8002-d89d6776f970'),
('ee63c9a9-51cf-11ee-a933-236cb4402701','2023-09-12 17:53:19','2023-09-12 17:53:19','30adc962-7109-11ed-a880-040300000000','30adc962-7109-11ed-a880-040300000000',0,'3a63e59f-4ce6-11ee-b06d-3cd92b4d9bf4','b9b34ae5-51cf-11ee-a933-236cb4402701','3b7ee097-2119-11ee-ac66-3cd92b4d9bf4'),
('ee9c944e-51cf-11ee-a933-236cb4402701','2023-09-12 17:53:19','2023-09-12 17:53:19','30adc962-7109-11ed-a880-040300000000','30adc962-7109-11ed-a880-040300000000',0,'3a63e59f-4ce6-11ee-b06d-3cd92b4d9bf4','b9b82ee2-51cf-11ee-a933-236cb4402701','3b7ee097-2119-11ee-ac66-3cd92b4d9bf4'),
('eed485b8-51cf-11ee-a933-236cb4402701','2023-09-12 17:53:20','2023-09-12 17:53:20','30adc962-7109-11ed-a880-040300000000','30adc962-7109-11ed-a880-040300000000',0,'3a63e59f-4ce6-11ee-b06d-3cd92b4d9bf4','b9c10267-51cf-11ee-a933-236cb4402701','3b7ee097-2119-11ee-ac66-3cd92b4d9bf4'),
('efa355a6-77e2-11ed-aad1-040300000000','2023-09-01 17:29:45','2023-09-01 17:29:45','30adc962-7109-11ed-a880-040300000000','30adc962-7109-11ed-a880-040300000000',0,'07626fa5-77e1-11ed-aad1-040300000000','c1d162f7-77e2-11ed-aad1-040300000000','2b2a55a0-71c3-11ed-a880-040300000000'),
('f0c05500-758a-11ed-aad1-040300000000','2023-09-01 17:29:41','2023-09-01 17:29:41','30adc962-7109-11ed-a880-040300000000','30adc962-7109-11ed-a880-040300000000',0,'c8bbd4f0-40df-11ed-af5a-040300000000','019e0528-7588-11ed-aad1-040300000000','2b2a55a0-71c3-11ed-a880-040300000000'),
('f0f9c2bb-0ad5-11ee-8002-d89d6776f970','2023-09-01 17:29:45','2023-09-01 17:29:45','30adc962-7109-11ed-a880-040300000000','30adc962-7109-11ed-a880-040300000000',0,'4f3569a6-66a2-11ed-a880-040300000000','c89686b8-d3dd-11ed-b61c-2c4138b7dab1','6e2e84fb-0717-11ee-8002-d89d6776f970'),
('f10de5e0-77e2-11ed-aad1-040300000000','2023-09-01 17:29:45','2023-09-01 17:29:45','30adc962-7109-11ed-a880-040300000000','30adc962-7109-11ed-a880-040300000000',0,'07626fa5-77e1-11ed-aad1-040300000000','c1cbbe49-77e2-11ed-aad1-040300000000','2b2a55a0-71c3-11ed-a880-040300000000'),
('f23e7e99-7269-11ed-a880-040300000000','2023-09-01 17:29:47','2023-09-01 17:29:47','30adc962-7109-11ed-a880-040300000000','30adc962-7109-11ed-a880-040300000000',0,'c40d55cb-40e0-11ed-af5a-040300000000','fe8b2409-5ec2-11ed-a880-040300000000','2b2a55a0-71c3-11ed-a880-040300000000'),
('f28c5914-77e2-11ed-aad1-040300000000','2023-09-01 17:29:45','2023-09-01 17:29:45','30adc962-7109-11ed-a880-040300000000','30adc962-7109-11ed-a880-040300000000',0,'07626fa5-77e1-11ed-aad1-040300000000','c1c6a9fa-77e2-11ed-aad1-040300000000','2b2a55a0-71c3-11ed-a880-040300000000'),
('f2e38c33-758a-11ed-aad1-040300000000','2023-09-01 17:29:41','2023-09-01 17:29:41','30adc962-7109-11ed-a880-040300000000','30adc962-7109-11ed-a880-040300000000',0,'c8bbd4f0-40df-11ed-af5a-040300000000','0fbc47ab-7588-11ed-aad1-040300000000','2b2a55a0-71c3-11ed-a880-040300000000'),
('f4315fd3-77e2-11ed-aad1-040300000000','2023-09-01 17:29:45','2023-09-01 17:29:45','30adc962-7109-11ed-a880-040300000000','30adc962-7109-11ed-a880-040300000000',0,'07626fa5-77e1-11ed-aad1-040300000000','c1d3fb08-77e2-11ed-aad1-040300000000','2b2a55a0-71c3-11ed-a880-040300000000'),
('f45fdbb6-7269-11ed-a880-040300000000','2023-09-01 17:29:47','2023-09-01 17:29:47','30adc962-7109-11ed-a880-040300000000','30adc962-7109-11ed-a880-040300000000',0,'c40d55cb-40e0-11ed-af5a-040300000000','fe8d193c-5ec2-11ed-a880-040300000000','2b2a55a0-71c3-11ed-a880-040300000000'),
('f59949f8-77e2-11ed-aad1-040300000000','2023-09-01 17:29:45','2023-09-01 17:29:45','30adc962-7109-11ed-a880-040300000000','30adc962-7109-11ed-a880-040300000000',0,'07626fa5-77e1-11ed-aad1-040300000000','c1ce0e27-77e2-11ed-aad1-040300000000','2b2a55a0-71c3-11ed-a880-040300000000'),
('f62f5f2e-7269-11ed-a880-040300000000','2023-09-01 17:29:43','2023-09-01 17:29:43','30adc962-7109-11ed-a880-040300000000','30adc962-7109-11ed-a880-040300000000',0,'c40d55cb-40e0-11ed-af5a-040300000000','4fe81fce-6085-11ed-a880-040300000000','2b2a55a0-71c3-11ed-a880-040300000000'),
('f70275ed-5ad6-11ed-a988-040300000000','2023-09-01 17:29:45','2023-09-01 17:29:45','30adc962-7109-11ed-a880-040300000000','30adc962-7109-11ed-a880-040300000000',0,'9095c472-509e-11ed-ab6c-040300000000','d9693834-5ad1-11ed-a988-040300000000','0191ca3b-5acd-11ed-a988-040300000000'),
('f8780b45-5ad6-11ed-a988-040300000000','2023-09-01 17:29:45','2023-09-01 17:29:45','30adc962-7109-11ed-a880-040300000000','30adc962-7109-11ed-a880-040300000000',0,'9095c472-509e-11ed-ab6c-040300000000','d97198b6-5ad1-11ed-a988-040300000000','0191ca3b-5acd-11ed-a988-040300000000'),
('f97395f2-fa67-11ed-8002-d89d6776f970','2023-09-01 17:29:45','2023-09-01 17:29:45','30adc962-7109-11ed-a880-040300000000','30adc962-7109-11ed-a880-040300000000',0,'519c292a-5f00-11ed-a880-040300000000','dee97a80-c40f-11ed-b789-2c4138b7dab1','a65773a5-fa66-11ed-8002-d89d6776f970'),
('f9efdb70-5ad6-11ed-a988-040300000000','2023-09-01 17:29:45','2023-09-01 17:29:45','30adc962-7109-11ed-a880-040300000000','30adc962-7109-11ed-a880-040300000000',0,'9095c472-509e-11ed-ab6c-040300000000','d973635c-5ad1-11ed-a988-040300000000','0191ca3b-5acd-11ed-a988-040300000000'),
('faac34d5-fa67-11ed-8002-d89d6776f970','2023-09-01 17:29:46','2023-09-01 17:29:46','30adc962-7109-11ed-a880-040300000000','30adc962-7109-11ed-a880-040300000000',0,'519c292a-5f00-11ed-a880-040300000000','f28a5758-c40f-11ed-b789-2c4138b7dab1','a65773a5-fa66-11ed-8002-d89d6776f970'),
('fb1ce508-758a-11ed-aad1-040300000000','2023-09-01 17:29:43','2023-09-01 17:29:43','30adc962-7109-11ed-a880-040300000000','30adc962-7109-11ed-a880-040300000000',0,'d71b0eac-40df-11ed-af5a-040300000000','4427380a-7588-11ed-aad1-040300000000','2b2a55a0-71c3-11ed-a880-040300000000'),
('fb42ead5-fa67-11ed-8002-d89d6776f970','2023-09-01 17:29:41','2023-09-01 17:29:41','30adc962-7109-11ed-a880-040300000000','30adc962-7109-11ed-a880-040300000000',0,'519c292a-5f00-11ed-a880-040300000000','09573316-c42c-11ed-b789-2c4138b7dab1','a65773a5-fa66-11ed-8002-d89d6776f970'),
('fbce7e1c-e5d9-11ed-8002-d89d6776f970','2023-09-01 17:29:47','2023-09-01 17:29:47','30adc962-7109-11ed-a880-040300000000','30adc962-7109-11ed-a880-040300000000',0,'7f767eb1-4111-11ed-af5a-040300000000','f2b998ab-e5d9-11ed-8002-d89d6776f970','2b2a55a0-71c3-11ed-a880-040300000000'),
('fc1ac954-fa67-11ed-8002-d89d6776f970','2023-09-01 17:29:42','2023-09-01 17:29:42','30adc962-7109-11ed-a880-040300000000','30adc962-7109-11ed-a880-040300000000',0,'519c292a-5f00-11ed-a880-040300000000','26250b64-c42c-11ed-b789-2c4138b7dab1','a65773a5-fa66-11ed-8002-d89d6776f970'),
('fd74c089-758a-11ed-aad1-040300000000','2023-09-01 17:29:44','2023-09-01 17:29:44','30adc962-7109-11ed-a880-040300000000','30adc962-7109-11ed-a880-040300000000',0,'d71b0eac-40df-11ed-af5a-040300000000','71b76d38-7588-11ed-aad1-040300000000','2b2a55a0-71c3-11ed-a880-040300000000'),
('fe454f08-77e2-11ed-aad1-040300000000','2023-09-01 17:29:45','2023-09-01 17:29:45','30adc962-7109-11ed-a880-040300000000','30adc962-7109-11ed-a880-040300000000',0,'ac3decc1-77e0-11ed-aad1-040300000000','c1ad9021-77e2-11ed-aad1-040300000000','2b2a55a0-71c3-11ed-a880-040300000000'),
('ffa42806-77e2-11ed-aad1-040300000000','2023-09-01 17:29:45','2023-09-01 17:29:45','30adc962-7109-11ed-a880-040300000000','30adc962-7109-11ed-a880-040300000000',0,'ac3decc1-77e0-11ed-aad1-040300000000','c1a42a11-77e2-11ed-aad1-040300000000','2b2a55a0-71c3-11ed-a880-040300000000'),
('ffeef178-74e3-11ed-aad1-040300000000','2023-09-01 17:29:44','2023-09-01 17:29:44','30adc962-7109-11ed-a880-040300000000','30adc962-7109-11ed-a880-040300000000',0,'c12ae0ca-5544-11ed-a988-040300000000','ab8f7267-5bbe-11ed-a988-040300000000','de8ab454-7269-11ed-a880-040300000000');
/*!40000 ALTER TABLE `MenuPermisos` ENABLE KEYS */;
UNLOCK TABLES;

--
-- Table structure for table `Menus`
--

DROP TABLE IF EXISTS `Menus`;
/*!40101 SET @saved_cs_client     = @@character_set_client */;
/*!40101 SET character_set_client = utf8 */;
CREATE TABLE `Menus` (
  `Id` char(36) NOT NULL DEFAULT uuid(),
  `Menu` varchar(255) NOT NULL,
  `IdApp` char(36) NOT NULL,
  `Descripcion` varchar(200) NOT NULL,
  `Nivel` int(11) NOT NULL DEFAULT 0,
  `Orden` int(11) DEFAULT NULL,
  `MenuPadre` char(36) DEFAULT '',
  `Icon` varchar(50) DEFAULT NULL,
  `Path` varchar(100) DEFAULT '/',
  `ControlInterno` varchar(50) DEFAULT NULL,
  `FechaDeCreacion` datetime DEFAULT current_timestamp(),
  `UltimaModificacion` datetime DEFAULT current_timestamp(),
  `CreadoPor` char(36) NOT NULL,
  `ModificadoPor` char(36) NOT NULL,
  `Deleted` tinyint(1) NOT NULL DEFAULT 0,
  PRIMARY KEY (`Id`) USING BTREE,
  KEY `FK_Menus_Usuarios` (`ModificadoPor`) USING BTREE,
  KEY `FK_Menus_Usuarios_2` (`CreadoPor`) USING BTREE,
  CONSTRAINT `FK_Menus_Usuarios` FOREIGN KEY (`ModificadoPor`) REFERENCES `Usuarios` (`Id`) ON DELETE NO ACTION ON UPDATE NO ACTION,
  CONSTRAINT `FK_Menus_Usuarios_2` FOREIGN KEY (`CreadoPor`) REFERENCES `Usuarios` (`Id`) ON DELETE NO ACTION ON UPDATE NO ACTION
) ENGINE=InnoDB DEFAULT CHARSET=utf8mb3 COLLATE=utf8mb3_general_ci ROW_FORMAT=DYNAMIC;
/*!40101 SET character_set_client = @saved_cs_client */;

--
-- Dumping data for table `Menus`
--

LOCK TABLES `Menus` WRITE;
/*!40000 ALTER TABLE `Menus` DISABLE KEYS */;
INSERT INTO `Menus` VALUES
('01e489ef-4016-11ed-af5a-040300000000','Contacto','973ecf89-38ff-11ed-aed0-040300000000','Información de Contactos ',0,3,'','<Article />','/',NULL,'2022-09-29 11:44:36','2022-11-30 17:55:43','30adc962-7109-11ed-a880-040300000000','30adc962-7109-11ed-a880-040300000000',0),
('04257f84-a346-11ed-b561-2c4138b7dab1','DAMOP','973ecf89-38ff-11ed-aed0-040300000000','Operaciones de DAMOP',0,0,NULL,NULL,'/',NULL,'2023-02-02 16:07:43','2023-02-02 16:13:35','30adc962-7109-11ed-a880-040300000000','30adc962-7109-11ed-a880-040300000000',0),
('06fdfe19-53ce-11ed-ab6c-040300000000','Bancos','973ecf89-38ff-11ed-aed0-040300000000','Información de Bancos',1,4,'0a653e2e-400b-11ed-af5a-040300000000',NULL,'/inicio/catalogos/bancos','BANCOS','2022-10-24 13:59:46','2022-11-30 17:55:43','30adc962-7109-11ed-a880-040300000000','30adc962-7109-11ed-a880-040300000000',0),
('072aade5-4344-11ed-aea4-040300000000','Municipio Proyección','973ecf89-38ff-11ed-aed0-040300000000','Administración de Estadisticas de la Proyección de los Municipios',1,6,'0a653e2e-400b-11ed-af5a-040300000000',NULL,'/inicio/catalogos/munproyec','MUNPROYEC','2022-10-03 12:51:35','2022-12-20 12:52:50','30adc962-7109-11ed-a880-040300000000','30adc962-7109-11ed-a880-040300000000',0),
('07626fa5-77e1-11ed-aad1-040300000000','ISN 100% Nómina','973ecf89-38ff-11ed-aed0-040300000000','Fondo ISN 100% Nómina',1,2,'1880ed9d-77e0-11ed-aad1-040300000000',NULL,'/inicio/convenios/ISN100','ISN100','2022-12-09 10:46:29','2022-12-12 11:53:42','30adc962-7109-11ed-a880-040300000000','30adc962-7109-11ed-a880-040300000000',0),
('09dbe702-43ff-11ed-aea4-040300000000','FEXHI','973ecf89-38ff-11ed-aed0-040300000000','FEXHI',1,7,'68b48311-40e1-11ed-af5a-040300000000',NULL,'/inicio/participaciones/FEXHI','FEXHI','2022-10-04 11:10:16','2022-11-30 17:55:43','30adc962-7109-11ed-a880-040300000000','30adc962-7109-11ed-a880-040300000000',0),
('0a222cc8-1ced-11ee-8002-d89d6776f970','Firma Electrónica','973ecf89-38ff-11ed-aed0-040300000000','Firma Electrónica',0,55,NULL,NULL,'/','FIRELE','2023-07-07 10:38:09','2023-07-07 10:38:09','30adc962-7109-11ed-a880-040300000000','30adc962-7109-11ed-a880-040300000000',0),
('0a653e2e-400b-11ed-af5a-040300000000','Catálogos','973ecf89-38ff-11ed-aed0-040300000000','Administración de Catalogos',0,1,'','<Article />','/',NULL,'2022-09-29 10:26:06','2022-11-30 17:55:43','30adc962-7109-11ed-a880-040300000000','30adc962-7109-11ed-a880-040300000000',0),
('0eb1d899-4401-11ed-aea4-040300000000','COMP ISAN','973ecf89-38ff-11ed-aed0-040300000000','COMP ISAN',1,8,'68b48311-40e1-11ed-af5a-040300000000',NULL,'/inicio/participaciones/COMP ISAN','COMPISAN','2022-10-04 11:24:43','2022-12-05 10:34:55','30adc962-7109-11ed-a880-040300000000','30adc962-7109-11ed-a880-040300000000',0),
('0ee92033-43f0-11ed-aea4-040300000000','ISR Salarios','973ecf89-38ff-11ed-aed0-040300000000','ISR Salarios',1,6,'68b48311-40e1-11ed-af5a-040300000000',NULL,'/inicio/participaciones/ISR SALARIOS','ISRSALARIOS','2022-10-04 09:23:02','2022-12-09 10:34:38','30adc962-7109-11ed-a880-040300000000','30adc962-7109-11ed-a880-040300000000',0),
('0f057d0c-40df-11ed-af5a-040300000000','Contacto Municipios','973ecf89-38ff-11ed-aed0-040300000000','Contacto Municipios',1,1,'01e489ef-4016-11ed-af5a-040300000000',NULL,'/inicio/contactomunicipio','CMUNICIPIOS','2022-09-30 11:43:47','2022-11-30 17:55:43','30adc962-7109-11ed-a880-040300000000','30adc962-7109-11ed-a880-040300000000',0),
('1880ed9d-77e0-11ed-aad1-040300000000','Recursos por Convenios','973ecf89-38ff-11ed-aed0-040300000000','Recursos por convenios provenientes de la federación',0,1,NULL,NULL,'/',NULL,'2022-12-09 10:39:48','2023-02-07 16:54:11','30adc962-7109-11ed-a880-040300000000','30adc962-7109-11ed-a880-040300000000',0),
('1a3baa30-436c-11ed-aea4-040300000000','ISAN','973ecf89-38ff-11ed-aed0-040300000000','ISAN',1,4,'68b48311-40e1-11ed-af5a-040300000000',NULL,'/inicio/participaciones/ISAN','ISAN','2022-10-03 17:38:27','2022-11-30 17:55:43','30adc962-7109-11ed-a880-040300000000','30adc962-7109-11ed-a880-040300000000',0),
('1b30d3dd-6a85-11ed-a880-040300000000','Divisas','973ecf89-38ff-11ed-aed0-040300000000','Divisas y Tipos de Cambio',1,22,'0a653e2e-400b-11ed-af5a-040300000000',NULL,'/inicio/catalogos/divisas','DIVISAS','2022-11-22 09:45:43','2022-11-30 17:55:43','30adc962-7109-11ed-a880-040300000000','30adc962-7109-11ed-a880-040300000000',0),
('1b5310b5-220f-11ee-ac66-3cd92b4d9bf4','Entidades Fiscalizadas','161206bc-405b-11ee-8002-d89d6776f970','Catálogo Para la Administración de las Entidades Fiscalizadas',1,2,'9088b4f4-2119-11ee-ac66-3cd92b4d9bf4',NULL,'/inicio/catalogos/ef','EFISCALIZADA','2023-07-14 00:24:37','2023-07-14 00:24:37','30adc962-7109-11ed-a880-040300000000','30adc962-7109-11ed-a880-040300000000',0),
('203a4418-b869-11ed-8002-d89d6776f970','Recepción de Recursos','973ecf89-38ff-11ed-aed0-040300000000','Recepción de Recursos de Organismos',1,3,'04257f84-a346-11ed-b561-2c4138b7dab1',NULL,'/inicio/org/resumenOperaciones','RRORG','2023-03-01 11:41:57','2023-03-01 11:41:57','30adc962-7109-11ed-a880-040300000000','30adc962-7109-11ed-a880-040300000000',0),
('25aa009c-1ced-11ee-8002-d89d6776f970','Firmado de Documentos','973ecf89-38ff-11ed-aed0-040300000000','Firmado de Documentos',1,1,'0a222cc8-1ced-11ee-8002-d89d6776f970',NULL,'/efirm/firma','FIRMA','2023-07-07 10:38:55','2023-07-07 10:38:55','30adc962-7109-11ed-a880-040300000000','30adc962-7109-11ed-a880-040300000000',0),
('2795d150-4037-11ed-af5a-040300000000','Privilegios de Usuario','973ecf89-38ff-11ed-aed0-040300000000','Administración de Permisos',1,5,'b3f8a23d-3f74-11ed-af5a-040300000000','','/inicio/permisos','PRIVUSU','2022-09-29 15:41:53','2022-11-30 17:55:43','30adc962-7109-11ed-a880-040300000000','30adc962-7109-11ed-a880-040300000000',0),
('2d4dc45f-250b-11ee-977e-3cd92b4d9bf4','Grupos Funcionales','161206bc-405b-11ee-8002-d89d6776f970','Catálogo Para la Administración de los Grupos Funcionales',1,2,'9088b4f4-2119-11ee-ac66-3cd92b4d9bf4',NULL,'/inicio/catalogos/gf','GFUNCIONALES','2023-07-14 00:24:37','2023-07-14 00:24:37','30adc962-7109-11ed-a880-040300000000','30adc962-7109-11ed-a880-040300000000',0),
('2d528e7d-250b-11ee-977e-3cd92b4d9bf4','Tipos de Informes','161206bc-405b-11ee-8002-d89d6776f970','Catálogo Para la Administración de los Tipos de Informes',1,2,'9088b4f4-2119-11ee-ac66-3cd92b4d9bf4',NULL,'/inicio/catalogos/informe','TINFORMES','2023-07-14 00:24:37','2023-07-14 00:24:37','30adc962-7109-11ed-a880-040300000000','30adc962-7109-11ed-a880-040300000000',0),
('2d54c92d-250b-11ee-977e-3cd92b4d9bf4','Origen Auditoría','161206bc-405b-11ee-8002-d89d6776f970','Catálogo Para la Administración de Origen de Auditoría ',1,2,'9088b4f4-2119-11ee-ac66-3cd92b4d9bf4',NULL,'/inicio/catalogos/oa','OAUDITORIA','2023-07-14 00:24:37','2023-07-14 00:24:37','30adc962-7109-11ed-a880-040300000000','30adc962-7109-11ed-a880-040300000000',0),
('2d577aec-250b-11ee-977e-3cd92b4d9bf4','Sectores','161206bc-405b-11ee-8002-d89d6776f970','Catálogo Para la Administración de los Sectores',1,2,'9088b4f4-2119-11ee-ac66-3cd92b4d9bf4',NULL,'/inicio/catalogos/sector','SECTORES','2023-07-14 00:24:37','2023-07-14 00:24:37','30adc962-7109-11ed-a880-040300000000','30adc962-7109-11ed-a880-040300000000',0),
('2d5984d1-250b-11ee-977e-3cd92b4d9bf4','Tipos de Resultados','161206bc-405b-11ee-8002-d89d6776f970','Catálogo Para la Administración de los Tipos de Resultados',1,2,'9088b4f4-2119-11ee-ac66-3cd92b4d9bf4',NULL,'/inicio/catalogos/ta','TACCIONES','2023-07-14 00:24:37','2023-07-14 00:24:37','30adc962-7109-11ed-a880-040300000000','30adc962-7109-11ed-a880-040300000000',0),
('2d5b9934-250b-11ee-977e-3cd92b4d9bf4','Tipos de Auditoría','161206bc-405b-11ee-8002-d89d6776f970','Catálogo Para la Administración de los Tipos de Auditoría',1,2,'9088b4f4-2119-11ee-ac66-3cd92b4d9bf4',NULL,'/inicio/catalogos/tauditoria','TAUDITORIA','2023-07-14 00:24:37','2023-07-14 00:24:37','30adc962-7109-11ed-a880-040300000000','30adc962-7109-11ed-a880-040300000000',0),
('2d5e0e90-250b-11ee-977e-3cd92b4d9bf4','Unidades Administrativas Auditoras','161206bc-405b-11ee-8002-d89d6776f970','Catálogo Para la Administración de las Unidades Administrativas Auditoras',1,2,'9088b4f4-2119-11ee-ac66-3cd92b4d9bf4',NULL,'/inicio/catalogos/uaa','UAA','2023-07-14 00:24:37','2023-07-14 00:24:37','30adc962-7109-11ed-a880-040300000000','30adc962-7109-11ed-a880-040300000000',0),
('2ff657a1-5f00-11ed-a880-040300000000','DAF','973ecf89-38ff-11ed-aed0-040300000000','Módulo DAF',0,1,NULL,NULL,'/',NULL,'2022-11-07 17:56:32','2022-11-30 17:55:43','30adc962-7109-11ed-a880-040300000000','30adc962-7109-11ed-a880-040300000000',0),
('3149fbd2-a26b-11ed-b561-2c4138b7dab1','Catálogo de Clasificación','973ecf89-38ff-11ed-aed0-040300000000','Administración del Catálogo de Clasificación',1,26,'0a653e2e-400b-11ed-af5a-040300000000',NULL,'/inicio/catalogos/catClasificacion','CATCLASIFICACION','2023-02-01 14:01:19','2023-02-01 16:06:32','30adc962-7109-11ed-a880-040300000000','30adc962-7109-11ed-a880-040300000000',0),
('33058232-40de-11ed-af5a-040300000000','Municipio Población','973ecf89-38ff-11ed-aed0-040300000000','Administración de la Población de los Municipios',1,20,'0a653e2e-400b-11ed-af5a-040300000000',NULL,'/inicio/catalogos/munpob','MUNPO','2022-09-30 11:37:38','2022-12-13 11:29:46','30adc962-7109-11ed-a880-040300000000','30adc962-7109-11ed-a880-040300000000',0),
('36d0ac07-5bc6-11ee-a933-236cb4402701','Administrar Ayudas','161206bc-405b-11ee-8002-d89d6776f970','Administración de Ayudas',0,3,'',NULL,'/',NULL,'2023-09-25 10:08:57','2023-09-25 10:08:57','30adc962-7109-11ed-a880-040300000000','30adc962-7109-11ed-a880-040300000000',0),
('36d57fa0-5bc6-11ee-a933-236cb4402701','Administrar Ayudas','161206bc-405b-11ee-8002-d89d6776f970','Administración de Ayudas',1,1,'36d0ac07-5bc6-11ee-a933-236cb4402701',NULL,'/inicio/ayuda',NULL,'2023-09-25 10:08:57','2023-09-25 10:08:57','30adc962-7109-11ed-a880-040300000000','30adc962-7109-11ed-a880-040300000000',0),
('37b2b3ba-ff33-11ed-8002-d89d6776f970','Módulo de ayuda','973ecf89-38ff-11ed-aed0-040300000000','Menú para administrar los videos',1,6,'b3f8a23d-3f74-11ed-af5a-040300000000',NULL,'/inicio/adminVideos','ADMINVIDEOS','2023-05-30 14:44:56','2023-06-29 10:19:18','30adc962-7109-11ed-a880-040300000000','30adc962-7109-11ed-a880-040300000000',0),
('3a63e59f-4ce6-11ee-b06d-3cd92b4d9bf4','Municipios','161206bc-405b-11ee-8002-d89d6776f970','Catálago para la Administración de los Municipios',1,2,'9088b4f4-2119-11ee-ac66-3cd92b4d9bf4',NULL,'/inicio/catalogos/municipio','MUNICIPIO','2023-09-06 12:50:20','2023-09-06 12:50:20','30adc962-7109-11ed-a880-040300000000','30adc962-7109-11ed-a880-040300000000',0),
('408237ce-5574-11ed-a988-040300000000','Participaciones','973ecf89-38ff-11ed-aed0-040300000000','Participaciones',0,1,NULL,NULL,'/',NULL,'2022-10-26 16:22:10','2022-11-30 17:55:43','30adc962-7109-11ed-a880-040300000000','30adc962-7109-11ed-a880-040300000000',0),
('43c6d64e-7001-11ed-a880-040300000000','Graficas','973ecf89-38ff-11ed-aed0-040300000000','Gráficas de la Información',1,1,'d88740cf-7000-11ed-a880-040300000000',NULL,'/powerbicph',NULL,'2022-11-29 09:17:05','2022-11-30 17:55:43','30adc962-7109-11ed-a880-040300000000','30adc962-7109-11ed-a880-040300000000',0),
('46f68911-45ad-11ed-aea4-040300000000','Articulo 14 F I','973ecf89-38ff-11ed-aed0-040300000000','Articulo 14 F I',1,0,'f1ea67d9-45ac-11ed-aea4-040300000000',NULL,'/inicio/articulos/art14f/1','ART14F3','2022-10-06 14:30:02','2022-11-30 17:55:43','30adc962-7109-11ed-a880-040300000000','30adc962-7109-11ed-a880-040300000000',0),
('4ac87d9e-16ca-11ee-8002-d89d6776f970','PEF','973ecf89-38ff-11ed-aed0-040300000000','Presupuesto de Egresos de la Federación',1,5,'f1ea67d9-45ac-11ed-aea4-040300000000',NULL,'/inicio/catalogos/PEF','PEF','2023-06-29 15:14:18','2023-06-29 15:14:18','30adc962-7109-11ed-a880-040300000000','30adc962-7109-11ed-a880-040300000000',0),
('4d0e7262-4366-11ed-aea4-040300000000','ISR INMUEBLES','973ecf89-38ff-11ed-aed0-040300000000','ISR INMUEBLES',1,3,'68b48311-40e1-11ed-af5a-040300000000',NULL,'/inicio/participaciones/ISR INMUEBLES','ISRINMUEBLES','2022-10-03 16:56:56','2022-11-30 17:55:43','30adc962-7109-11ed-a880-040300000000','30adc962-7109-11ed-a880-040300000000',0),
('4eace880-51b9-11ee-b06d-3cd92b4d9bf4','Generar Visita','970c0ac7-51b5-11ee-b06d-3cd92b4d9bf4','Generar Visita',0,1,'',NULL,'/inicio/visitas','GVISITA','2023-09-12 16:11:22','2023-09-12 16:11:22','30adc962-7109-11ed-a880-040300000000','30adc962-7109-11ed-a880-040300000000',0),
('4f3569a6-66a2-11ed-a880-040300000000','Participaciones y Aportaciones','973ecf89-38ff-11ed-aed0-040300000000','Módulo para generar las Operaciones Correspondientes a Participaciones y Aportaciones',1,1,'408237ce-5574-11ed-a988-040300000000',NULL,'/inicio/Municipio/participaciones','PARTMUN','2022-11-17 11:04:41','2022-12-06 09:15:05','30adc962-7109-11ed-a880-040300000000','30adc962-7109-11ed-a880-040300000000',0),
('519c292a-5f00-11ed-a880-040300000000','Módulo de Registro de Pagos','973ecf89-38ff-11ed-aed0-040300000000','Módulo para el Registro de Pagos',1,0,'2ff657a1-5f00-11ed-a880-040300000000',NULL,'/inicio/daf','DAFADMINPAG','2022-11-07 17:57:29','2023-06-21 09:00:47','30adc962-7109-11ed-a880-040300000000','30adc962-7109-11ed-a880-040300000000',0),
('55ea7990-1ced-11ee-8002-d89d6776f970','Bandeja Recibidos','973ecf89-38ff-11ed-aed0-040300000000','Bandeja Recibidos',1,2,'0a222cc8-1ced-11ee-8002-d89d6776f970',NULL,'/efirm/BandejaRecibidos','BANDEJAREC','2023-07-07 10:40:16','2023-07-07 10:40:16','30adc962-7109-11ed-a880-040300000000','30adc962-7109-11ed-a880-040300000000',0),
('56e1c8a0-6b52-11ed-a880-040300000000','Ajustes Cálculo','973ecf89-38ff-11ed-aed0-040300000000','Ajustes Disponibles Para Los Cálculos',1,23,'0a653e2e-400b-11ed-af5a-040300000000',NULL,'/inicio/catalogos/ajustes','AJUSTECALC','2022-11-23 10:14:50','2022-11-30 17:55:43','30adc962-7109-11ed-a880-040300000000','30adc962-7109-11ed-a880-040300000000',0),
('5dd79f46-45ad-11ed-aea4-040300000000','Articulo 14 F II','973ecf89-38ff-11ed-aed0-040300000000','Articulo 14 F II',1,1,'f1ea67d9-45ac-11ed-aea4-040300000000',NULL,'/inicio/articulos/art14f/2','ART14F2','2022-10-06 14:30:40','2022-11-30 17:55:43','30adc962-7109-11ed-a880-040300000000','30adc962-7109-11ed-a880-040300000000',0),
('661e567b-4341-11ed-aea4-040300000000','Participaciones Estatales','973ecf89-38ff-11ed-aed0-040300000000','Participaciones Estatales',0,3,'',NULL,'/',NULL,'2022-10-03 12:32:46','2022-11-30 17:55:43','30adc962-7109-11ed-a880-040300000000','30adc962-7109-11ed-a880-040300000000',0),
('68b48311-40e1-11ed-af5a-040300000000','Participaciones Federales','973ecf89-38ff-11ed-aed0-040300000000','Participaciones Federales',0,3,NULL,NULL,'/',NULL,'2022-09-30 12:00:37','2022-11-30 17:55:43','30adc962-7109-11ed-a880-040300000000','30adc962-7109-11ed-a880-040300000000',0),
('6f329159-59fc-11ed-a988-040300000000','DPCP','973ecf89-38ff-11ed-aed0-040300000000','módulo de DPCP',0,1,NULL,NULL,'/',NULL,'2022-11-01 09:47:05','2022-11-30 17:55:43','30adc962-7109-11ed-a880-040300000000','30adc962-7109-11ed-a880-040300000000',0),
('7172f0d6-51b9-11ee-b06d-3cd92b4d9bf4','Agenda','970c0ac7-51b5-11ee-b06d-3cd92b4d9bf4','Agenda',0,2,'',NULL,'/inicio/agenda','AGENDA','2023-09-12 16:12:20','2023-09-12 16:12:20','30adc962-7109-11ed-a880-040300000000','30adc962-7109-11ed-a880-040300000000',0),
('72bc8740-1ced-11ee-8002-d89d6776f970','Bandeja Enviados','973ecf89-38ff-11ed-aed0-040300000000','Bandeja Enviados',1,3,'0a222cc8-1ced-11ee-8002-d89d6776f970',NULL,'/efirm/BandejaEnviados','BANDEJAENV','2023-07-07 10:41:05','2023-07-07 10:41:05','30adc962-7109-11ed-a880-040300000000','30adc962-7109-11ed-a880-040300000000',0),
('7338024c-2119-11ee-ac66-3cd92b4d9bf4','Años Fiscales','161206bc-405b-11ee-8002-d89d6776f970','Catálogo Para la Administración de  los Años Fiscales',1,1,'9088b4f4-2119-11ee-ac66-3cd92b4d9bf4',NULL,'/inicio/catalogos/anio','ANIOS','2023-07-12 13:05:17','2023-07-12 13:05:18','30adc962-7109-11ed-a880-040300000000','30adc962-7109-11ed-a880-040300000000',0),
('744a2693-45ad-11ed-aea4-040300000000','Articulo 14 F III','973ecf89-38ff-11ed-aed0-040300000000','Articulo 14 F III',1,2,'f1ea67d9-45ac-11ed-aea4-040300000000',NULL,'/inicio/articulos/art14f/3','ART14F1','2022-10-06 14:31:18','2022-11-30 17:55:43','30adc962-7109-11ed-a880-040300000000','30adc962-7109-11ed-a880-040300000000',0),
('74684762-4408-11ed-aea4-040300000000','IEPSGyD','973ecf89-38ff-11ed-aed0-040300000000','IEPSGyD',1,9,'68b48311-40e1-11ed-af5a-040300000000',NULL,'/inicio/participaciones/IEPSGyD','IEPSGyD','2022-10-04 12:17:40','2022-11-30 17:55:43','30adc962-7109-11ed-a880-040300000000','30adc962-7109-11ed-a880-040300000000',0),
('74cbffab-95ef-11ed-a912-705a0f328da6','Fondo de Infraestructura para los Municipios','973ecf89-38ff-11ed-aed0-040300000000','Fondo de Infraestructura para los Municipios, cumplir con la nueva ley de egresos',1,5,'cbc20034-44fb-11ed-aea4-040300000000',NULL,'/inicio/participaciones/FOINMUN','FOINMUN','2023-01-16 16:45:20','2023-01-19 12:37:18','30adc962-7109-11ed-a880-040300000000','30adc962-7109-11ed-a880-040300000000',0),
('7559a00b-6443-11ed-a880-040300000000','Solicitud de Cambios','973ecf89-38ff-11ed-aed0-040300000000','Solicitud de Cambios',1,1,'0a653e2e-400b-11ed-af5a-040300000000',NULL,'/inicio/catalogos/SolicitudCambios','SOLCAMBIOS','2022-11-14 10:40:41','2023-07-18 10:49:53','30adc962-7109-11ed-a880-040300000000','30adc962-7109-11ed-a880-040300000000',0),
('7a5a469c-6158-11ed-a880-040300000000','Tipos de Cálculo','973ecf89-38ff-11ed-aed0-040300000000','Catalogó de Tipos de Cálculo',1,2,'0a653e2e-400b-11ed-af5a-040300000000',NULL,'/inicio/catalogos/TipoFondoCalculo','TIPOCALCULO','2022-11-10 17:33:35','2022-11-30 17:55:43','30adc962-7109-11ed-a880-040300000000','30adc962-7109-11ed-a880-040300000000',0),
('7f767eb1-4111-11ed-af5a-040300000000','Municipio Pobreza','973ecf89-38ff-11ed-aed0-040300000000','Administración de Estadisticas de la Pobreza de los Municipios',1,7,'0a653e2e-400b-11ed-af5a-040300000000',NULL,'/inicio/catalogos/munpobreza','MUNPOBREZA','2022-09-30 17:44:51','2022-12-20 12:53:37','30adc962-7109-11ed-a880-040300000000','30adc962-7109-11ed-a880-040300000000',0),
('8233e6c7-251b-11ee-977e-3cd92b4d9bf4','Auditoría','161206bc-405b-11ee-8002-d89d6776f970','Auditoría',1,1,'cb0d7e31-251b-11ee-977e-3cd92b4d9bf4',NULL,'/inicio/admin/ad','AUDITOR','2023-07-12 13:06:32','2023-07-12 13:06:32','30adc962-7109-11ed-a880-040300000000','30adc962-7109-11ed-a880-040300000000',0),
('830dd02e-5351-11ee-a933-236cb4402701','Modalidad','161206bc-405b-11ee-8002-d89d6776f970','Catálago para la Administración de la Modalidad',1,2,'9088b4f4-2119-11ee-ac66-3cd92b4d9bf4',NULL,'/inicio/catalogos/modalidad','MODALIDAD','2023-09-14 15:53:25','2023-09-14 15:53:25','30adc962-7109-11ed-a880-040300000000','30adc962-7109-11ed-a880-040300000000',0),
('83456f02-44ff-11ed-aea4-040300000000','FISM','973ecf89-38ff-11ed-aed0-040300000000','FISM',1,1,'9b5e62ee-44fb-11ed-aea4-040300000000',NULL,'/inicio/participaciones/FISM','FISM','2022-10-05 17:46:11','2022-11-30 17:55:43','30adc962-7109-11ed-a880-040300000000','30adc962-7109-11ed-a880-040300000000',0),
('85a9ac03-5094-11ed-ab6c-040300000000','Perfiles de Usuario','973ecf89-38ff-11ed-aed0-040300000000','Administración de Perfiles de usuario',1,5,'b3f8a23d-3f74-11ed-af5a-040300000000',NULL,'/inicio/perfilesusuario','PU','2022-10-20 11:30:34','2022-11-30 17:55:43','30adc962-7109-11ed-a880-040300000000','30adc962-7109-11ed-a880-040300000000',0),
('8791d43e-1ced-11ee-8002-d89d6776f970','Configuraciones','973ecf89-38ff-11ed-aed0-040300000000','Configuraciones',1,4,'0a222cc8-1ced-11ee-8002-d89d6776f970',NULL,'/efirm/config','CONFIG','2023-07-07 10:41:40','2023-07-07 10:41:40','30adc962-7109-11ed-a880-040300000000','30adc962-7109-11ed-a880-040300000000',0),
('892ffcbf-40df-11ed-af5a-040300000000','Municipio Recaudación','973ecf89-38ff-11ed-aed0-040300000000','Municipio Recaudación',1,17,'0a653e2e-400b-11ed-af5a-040300000000',NULL,'/inicio/catalogos/munrecaudacion','MUNRECAU','2022-09-30 11:47:12','2022-11-30 17:55:43','30adc962-7109-11ed-a880-040300000000','30adc962-7109-11ed-a880-040300000000',0),
('8bf79e3e-40de-11ed-af5a-040300000000','Municipio Facturación','973ecf89-38ff-11ed-aed0-040300000000','Administración de la Facturación del Municipio',1,19,'0a653e2e-400b-11ed-af5a-040300000000',NULL,'/inicio/catalogos/munfacturacion','MUNFA','2022-09-30 11:40:07','2022-11-30 17:55:43','30adc962-7109-11ed-a880-040300000000','30adc962-7109-11ed-a880-040300000000',0),
('8d2fbe01-2aa2-11ee-ab48-3cd92b4d9bf4','Ramos','161206bc-405b-11ee-8002-d89d6776f970','Catálogo Para la Administración de los Ramos',1,2,'9088b4f4-2119-11ee-ac66-3cd92b4d9bf4',NULL,'/inicio/catalogos/ramo','RAMOS','2023-07-14 00:24:37','2023-07-14 00:24:37','30adc962-7109-11ed-a880-040300000000','30adc962-7109-11ed-a880-040300000000',0),
('9088b4f4-2119-11ee-ac66-3cd92b4d9bf4','Catálogos','161206bc-405b-11ee-8002-d89d6776f970','Administración de Catálogos',0,2,'',NULL,'/',NULL,'2023-07-12 13:06:32','2023-07-12 13:06:32','30adc962-7109-11ed-a880-040300000000','30adc962-7109-11ed-a880-040300000000',0),
('9095c472-509e-11ed-ab6c-040300000000','Departamentos','973ecf89-38ff-11ed-aed0-040300000000','Administración de Departamentos',1,6,'b3f8a23d-3f74-11ed-af5a-040300000000',NULL,'/inicio/catalogos/departamentos','DEP','2022-10-20 12:42:27','2022-11-30 17:55:43','30adc962-7109-11ed-a880-040300000000','30adc962-7109-11ed-a880-040300000000',0),
('94263848-40df-11ed-af5a-040300000000','Municipio Territorio','973ecf89-38ff-11ed-aed0-040300000000','Municipio Territorio',1,16,'0a653e2e-400b-11ed-af5a-040300000000',NULL,'/inicio/catalogos/munterritorio','MUNTERR','2022-09-30 11:47:30','2022-11-30 17:55:43','30adc962-7109-11ed-a880-040300000000','30adc962-7109-11ed-a880-040300000000',0),
('949c760e-4500-11ed-aea4-040300000000','Fondo de Ultracrecimiento Municipal','973ecf89-38ff-11ed-aed0-040300000000','Fondo de Ultracrecimiento Municipal',1,1,'cbc20034-44fb-11ed-aea4-040300000000',NULL,'/inicio/participaciones/FOULT','FOULT','2022-10-05 17:53:49','2023-02-22 13:44:39','30adc962-7109-11ed-a880-040300000000','30adc962-7109-11ed-a880-040300000000',0),
('964fb80d-51b9-11ee-b06d-3cd92b4d9bf4','Escanear','970c0ac7-51b5-11ee-b06d-3cd92b4d9bf4','Escanear Codigo QR',0,3,'',NULL,'/inicio/es','ESCAN','2023-09-12 16:13:22','2023-09-12 16:13:22','30adc962-7109-11ed-a880-040300000000','30adc962-7109-11ed-a880-040300000000',0),
('969e84ee-44ff-11ed-aea4-040300000000','FORTAMUN','973ecf89-38ff-11ed-aed0-040300000000','FORTAMUN',1,2,'9b5e62ee-44fb-11ed-aea4-040300000000',NULL,'/inicio/participaciones/FORTAMUN','FORTAMUN','2022-10-05 17:46:43','2022-11-30 17:55:43','30adc962-7109-11ed-a880-040300000000','30adc962-7109-11ed-a880-040300000000',0),
('994bbea0-71b6-11ed-a880-040300000000','ISN Recaudación','973ecf89-38ff-11ed-aed0-040300000000','Recaudación Para el Cálculo de ISN Estatal',1,2,'f1ea67d9-45ac-11ed-aea4-040300000000',NULL,'/inicio/articulos/isnR','ISNR','2022-12-01 13:27:38','2022-12-01 13:28:48','30adc962-7109-11ed-a880-040300000000','30adc962-7109-11ed-a880-040300000000',0),
('9aa105ea-b868-11ed-8002-d89d6776f970','Organismos','973ecf89-38ff-11ed-aed0-040300000000','Catálogo de Organismos',1,25,'0a653e2e-400b-11ed-af5a-040300000000',NULL,'/inicio/catalogos/org','CATORG','2023-03-01 11:38:12','2023-03-01 11:38:12','30adc962-7109-11ed-a880-040300000000','30adc962-7109-11ed-a880-040300000000',0),
('9b5e62ee-44fb-11ed-aea4-040300000000','Aportaciones Federales','973ecf89-38ff-11ed-aed0-040300000000','Aportaciones Federales',0,4,'',NULL,'/',NULL,'2022-10-05 17:18:11','2022-11-30 17:55:43','30adc962-7109-11ed-a880-040300000000','30adc962-7109-11ed-a880-040300000000',0),
('9f59746a-7002-11ed-a880-040300000000','Reportes','973ecf89-38ff-11ed-aed0-040300000000','Generación de Reportes',1,2,'d88740cf-7000-11ed-a880-040300000000',NULL,'/estadisticas/reportes',NULL,'2022-11-29 09:26:48','2022-11-30 17:55:43','30adc962-7109-11ed-a880-040300000000','30adc962-7109-11ed-a880-040300000000',0),
('9fc49b62-435c-11ed-aea4-040300000000','FFM 30 %','973ecf89-38ff-11ed-aed0-040300000000','FFM 30 %',1,1,'68b48311-40e1-11ed-af5a-040300000000',NULL,'/inicio/participaciones/FFM30','FFM30','2022-10-03 15:47:39','2022-11-30 17:55:43','30adc962-7109-11ed-a880-040300000000','30adc962-7109-11ed-a880-040300000000',0),
('a21e7880-40df-11ed-af5a-040300000000','Avisos','973ecf89-38ff-11ed-aed0-040300000000','Avisos',1,15,'0a653e2e-400b-11ed-af5a-040300000000',NULL,'/inicio/catalogos/avisos','AVISOS','2022-09-30 11:47:54','2022-11-30 17:55:43','30adc962-7109-11ed-a880-040300000000','30adc962-7109-11ed-a880-040300000000',0),
('a30613a1-24f7-11ee-977e-3cd92b4d9bf4','Estatus Resultados','161206bc-405b-11ee-8002-d89d6776f970','Catálogo Para la Administración de los Estatus de los Resultados',1,2,'9088b4f4-2119-11ee-ac66-3cd92b4d9bf4',NULL,'/inicio/catalogos/ea','EACCIONES','2023-07-14 00:24:37','2023-07-14 00:24:37','30adc962-7109-11ed-a880-040300000000','30adc962-7109-11ed-a880-040300000000',0),
('a351bada-4010-11ed-af5a-040300000000','Municipios','973ecf89-38ff-11ed-aed0-040300000000','Administración de Municipios',1,21,'0a653e2e-400b-11ed-af5a-040300000000','','/inicio/catalogos/mun','MUNICIPIOS','2022-09-29 11:06:10','2022-11-30 17:55:43','30adc962-7109-11ed-a880-040300000000','30adc962-7109-11ed-a880-040300000000',0),
('a476a0db-59fc-11ed-a988-040300000000','Asignación Presupuestal','973ecf89-38ff-11ed-aed0-040300000000','Módulo para Asignación de Presupuesto',1,1,'6f329159-59fc-11ed-a988-040300000000',NULL,'/inicio/dpcp','DPCPPRES','2022-11-01 09:48:34','2023-04-13 07:45:03','30adc962-7109-11ed-a880-040300000000','30adc962-7109-11ed-a880-040300000000',0),
('a4cd8315-4fce-11ed-ab6c-040300000000','Cálculo Garantía','973ecf89-38ff-11ed-aed0-040300000000','Se realiza el cálculo de garantía.',1,4,'f1ea67d9-45ac-11ed-aea4-040300000000',NULL,'/inicio/articulos/calculogarantia','CA','2022-10-19 11:54:06','2022-11-30 17:55:43','30adc962-7109-11ed-a880-040300000000','30adc962-7109-11ed-a880-040300000000',0),
('a6679532-2cb1-11ee-8002-d89d6776f970','Ajuste Semestral','973ecf89-38ff-11ed-aed0-040300000000','Generación de Ajuste Semestral',1,10,'f1ea67d9-45ac-11ed-aea4-040300000000',NULL,'/inicio/articulos/AS','AJUSTESEMESTRAL','2023-07-27 12:13:20','2023-07-27 15:32:50','30adc962-7109-11ed-a880-040300000000','30adc962-7109-11ed-a880-040300000000',0),
('aadf1b2f-4500-11ed-aea4-040300000000','Fondos Descentralizados','973ecf89-38ff-11ed-aed0-040300000000','Fondos Descentralizados',1,2,'cbc20034-44fb-11ed-aea4-040300000000',NULL,'/inicio/participaciones/FODES','FODES','2022-10-05 17:54:27','2022-11-30 17:55:43','30adc962-7109-11ed-a880-040300000000','30adc962-7109-11ed-a880-040300000000',0),
('ab1c51ed-40e1-11ed-af5a-040300000000','FGP','973ecf89-38ff-11ed-aed0-040300000000','Fondo General de Participaciones',1,0,'68b48311-40e1-11ed-af5a-040300000000',NULL,'/inicio/participaciones/FGP','FGP','2022-09-30 12:02:28','2022-11-30 17:55:43','30adc962-7109-11ed-a880-040300000000','30adc962-7109-11ed-a880-040300000000',0),
('ac3decc1-77e0-11ed-aad1-040300000000','Hidrocarburos','973ecf89-38ff-11ed-aed0-040300000000','Cálculo de distribución y aplicación de los recursos del fondo para entidades federativas y municipios productores de hidrocarburos',1,1,'9b5e62ee-44fb-11ed-aea4-040300000000',NULL,'/inicio/convenios/HIDROCARBUROS','HIDROCARBUROS','2022-12-09 10:43:56','2023-02-07 16:59:37','30adc962-7109-11ed-a880-040300000000','30adc962-7109-11ed-a880-040300000000',0),
('b034d2a0-40df-11ed-af5a-040300000000','Eventos','973ecf89-38ff-11ed-aed0-040300000000','Eventos',1,14,'0a653e2e-400b-11ed-af5a-040300000000',NULL,'/inicio/catalogos/eventos','EVENTOS','2022-09-30 11:48:18','2022-11-30 17:55:43','30adc962-7109-11ed-a880-040300000000','30adc962-7109-11ed-a880-040300000000',0),
('b3a6d6a6-40de-11ed-af5a-040300000000','Municipio Pobreza Extrema','973ecf89-38ff-11ed-aed0-040300000000','Administración de Estadisticas de la Pobreza Extrema de los Municipios',1,18,'0a653e2e-400b-11ed-af5a-040300000000',NULL,'/inicio/catalogos/munpobrezaext','MUNPOEX','2022-09-30 11:41:14','2022-12-20 12:52:58','30adc962-7109-11ed-a880-040300000000','30adc962-7109-11ed-a880-040300000000',0),
('b3f8a23d-3f74-11ed-af5a-040300000000','Roles y Privilegios','973ecf89-38ff-11ed-aed0-040300000000','Administración de Roles y Permisos de Usuarios',0,1,'','<PersonSearchIcon/>','/',NULL,'2022-09-28 16:28:29','2022-11-30 17:55:43','30adc962-7109-11ed-a880-040300000000','30adc962-7109-11ed-a880-040300000000',0),
('b4471dc5-a268-11ed-b561-2c4138b7dab1','Catálogo de Tipos de Pago','973ecf89-38ff-11ed-aed0-040300000000','Administración del catálogo de tipos de pago',1,25,'0a653e2e-400b-11ed-af5a-040300000000',NULL,'/inicio/catalogos/catTiposDePago','CATTP','2023-02-01 13:43:30','2023-02-01 13:44:18','30adc962-7109-11ed-a880-040300000000','30adc962-7109-11ed-a880-040300000000',0),
('bad4cf29-43ef-11ed-aea4-040300000000','IEPS','973ecf89-38ff-11ed-aed0-040300000000','IEPS',1,5,'68b48311-40e1-11ed-af5a-040300000000',NULL,'/inicio/participaciones/IEPS','IEPS','2022-10-04 09:20:41','2022-11-30 17:55:43','30adc962-7109-11ed-a880-040300000000','30adc962-7109-11ed-a880-040300000000',0),
('bad984bb-4341-11ed-aea4-040300000000','Impuesto Sobre Nóminas','973ecf89-38ff-11ed-aed0-040300000000','Impuesto Sobre Nóminas',1,0,'661e567b-4341-11ed-aea4-040300000000',NULL,'/inicio/participaciones/ISN','ISN','2022-10-03 12:35:08','2023-07-26 14:53:12','30adc962-7109-11ed-a880-040300000000','30adc962-7109-11ed-a880-040300000000',0),
('bc2576b2-40df-11ed-af5a-040300000000','UMAS','973ecf89-38ff-11ed-aed0-040300000000','UMAS',1,13,'0a653e2e-400b-11ed-af5a-040300000000',NULL,'/inicio/catalogos/umas','UMAS','2022-09-30 11:48:38','2022-11-30 17:55:43','30adc962-7109-11ed-a880-040300000000','30adc962-7109-11ed-a880-040300000000',0),
('bc396820-607c-11ed-a880-040300000000','Información','973ecf89-38ff-11ed-aed0-040300000000','INFORMACIÓN RELACIONADA AL MUNICIPIO',0,1,NULL,NULL,'/',NULL,'2022-11-09 15:20:36','2022-12-13 11:30:29','30adc962-7109-11ed-a880-040300000000','30adc962-7109-11ed-a880-040300000000',0),
('bfe5b905-6117-11ed-a880-040300000000','Autorización de Solicitudes','973ecf89-38ff-11ed-aed0-040300000000','Módulo para Autorizar las solicitudes',1,2,'6f329159-59fc-11ed-a988-040300000000',NULL,'/inicio/dpcp/auth','DPCPAUTHSOL','2022-11-10 09:50:14','2022-12-07 13:01:38','30adc962-7109-11ed-a880-040300000000','30adc962-7109-11ed-a880-040300000000',0),
('c12ae0ca-5544-11ed-a988-040300000000','Cuentas Bancarias','973ecf89-38ff-11ed-aed0-040300000000','Listado de mis cuentas bancarias',1,3,'0a653e2e-400b-11ed-af5a-040300000000',NULL,'/inicio/catalogos/cuentabancaria','CUENTABANCARIA','2022-10-26 10:42:10','2022-11-30 17:55:43','30adc962-7109-11ed-a880-040300000000','30adc962-7109-11ed-a880-040300000000',0),
('c17c36e1-2cb1-11ee-8002-d89d6776f970','Ajuste Anual','973ecf89-38ff-11ed-aed0-040300000000','Generación de Ajuste Anual',1,11,'f1ea67d9-45ac-11ed-aea4-040300000000',NULL,'/inicio/articulos/AA','AJUSTEANUAL','2023-07-27 12:14:06','2023-07-27 15:32:58','30adc962-7109-11ed-a880-040300000000','30adc962-7109-11ed-a880-040300000000',0),
('c1ac8fed-4500-11ed-aea4-040300000000','Fondos de Seguridad para los Municipios','973ecf89-38ff-11ed-aed0-040300000000','Fondos de Seguridad para los Municipios',1,3,'cbc20034-44fb-11ed-aea4-040300000000',NULL,'/inicio/participaciones/FOSEGMUN','FOSEGMUN','2022-10-05 17:55:05','2023-02-22 13:44:49','30adc962-7109-11ed-a880-040300000000','30adc962-7109-11ed-a880-040300000000',0),
('c40d55cb-40e0-11ed-af5a-040300000000','Administración de Fondos','973ecf89-38ff-11ed-aed0-040300000000','Administración de Fondos',1,9,'0a653e2e-400b-11ed-af5a-040300000000',NULL,'/inicio/catalogos/fondos','FONDOS','2022-09-30 11:56:00','2022-11-30 17:55:43','30adc962-7109-11ed-a880-040300000000','30adc962-7109-11ed-a880-040300000000',0),
('c4fd66b3-4cd1-11ee-8002-d89d6776f970','FGP','973ecf89-38ff-11ed-aed0-040300000000','Fondo General de Participaciones',0,NULL,'',NULL,'/',NULL,'2023-09-06 10:22:55','2023-09-06 10:22:55','30adc962-7109-11ed-a880-040300000000','30adc962-7109-11ed-a880-040300000000',0),
('c74e096c-4437-11ed-aea4-040300000000','FOFIR','973ecf89-38ff-11ed-aed0-040300000000','FOFIR',1,10,'68b48311-40e1-11ed-af5a-040300000000',NULL,'/inicio/participaciones/FOFIR','FOFIR','2022-10-04 17:56:26','2022-11-30 17:55:43','30adc962-7109-11ed-a880-040300000000','30adc962-7109-11ed-a880-040300000000',0),
('c8bbd4f0-40df-11ed-af5a-040300000000','Inflación Mes','973ecf89-38ff-11ed-aed0-040300000000','Inflación Mes',1,12,'0a653e2e-400b-11ed-af5a-040300000000',NULL,'/inicio/catalogos/inflacionMes','INFMES','2022-09-30 11:48:59','2022-11-30 17:55:43','30adc962-7109-11ed-a880-040300000000','30adc962-7109-11ed-a880-040300000000',0),
('cb0864f6-251b-11ee-977e-3cd92b4d9bf4','Dashboard','161206bc-405b-11ee-8002-d89d6776f970','Dashboard',1,1,'cb0d7e31-251b-11ee-977e-3cd92b4d9bf4',NULL,'/inicio/admin/dash','DASHBOARD','2023-07-12 13:06:32','2023-07-12 13:06:32','30adc962-7109-11ed-a880-040300000000','30adc962-7109-11ed-a880-040300000000',0),
('cb0d7e31-251b-11ee-977e-3cd92b4d9bf4','Administración de Auditorías','161206bc-405b-11ee-8002-d89d6776f970','Administración de Auditorías',0,1,'',NULL,'/','','2023-07-12 13:06:32','2023-07-12 13:06:32','30adc962-7109-11ed-a880-040300000000','30adc962-7109-11ed-a880-040300000000',0),
('cb333253-4336-11ed-aea4-040300000000','FFM 70 %','973ecf89-38ff-11ed-aed0-040300000000','FFM 70 %',1,2,'68b48311-40e1-11ed-af5a-040300000000',NULL,'/inicio/participaciones/FFM70','FFM70','2022-10-03 11:16:51','2022-11-30 17:55:43','30adc962-7109-11ed-a880-040300000000','30adc962-7109-11ed-a880-040300000000',0),
('cbc20034-44fb-11ed-aea4-040300000000','Aportaciones Estatales','973ecf89-38ff-11ed-aed0-040300000000','Aportaciones Estatales',0,5,'',NULL,'/',NULL,'2022-10-05 17:19:34','2022-11-30 17:55:43','30adc962-7109-11ed-a880-040300000000','30adc962-7109-11ed-a880-040300000000',0),
('cc383716-4341-11ed-aea4-040300000000','Derechos de Control Vehícular','973ecf89-38ff-11ed-aed0-040300000000','Derechos de Control Vehícular',1,1,'661e567b-4341-11ed-aea4-040300000000',NULL,'/inicio/participaciones/ICV','ICV','2022-10-03 12:35:38','2023-02-22 13:45:04','30adc962-7109-11ed-a880-040300000000','30adc962-7109-11ed-a880-040300000000',0),
('d24f7076-40e0-11ed-af5a-040300000000','Tasa de Interes','973ecf89-38ff-11ed-aed0-040300000000','Tasa de Interes',1,8,'0a653e2e-400b-11ed-af5a-040300000000',NULL,'/inicio/catalogos/tasa','TASA','2022-09-30 11:56:24','2022-11-30 17:55:43','30adc962-7109-11ed-a880-040300000000','30adc962-7109-11ed-a880-040300000000',0),
('d37eecea-4036-11ed-af5a-040300000000','Roles de Usuario','973ecf89-38ff-11ed-aed0-040300000000','Administración de Roles de Usuario',1,2,'b3f8a23d-3f74-11ed-af5a-040300000000','','/inicio/roles','ROLUSER','2022-09-29 15:38:39','2022-11-30 17:55:43','30adc962-7109-11ed-a880-040300000000','30adc962-7109-11ed-a880-040300000000',0),
('d461efdb-607c-11ed-a880-040300000000','Informacion','973ecf89-38ff-11ed-aed0-040300000000','Información del Municipio',1,1,'bc396820-607c-11ed-a880-040300000000',NULL,'/inicio/agregarcontactomunicipio',NULL,'2022-11-09 15:21:17','2022-11-30 17:55:43','30adc962-7109-11ed-a880-040300000000','30adc962-7109-11ed-a880-040300000000',0),
('d71b0eac-40df-11ed-af5a-040300000000','Inflación Año','973ecf89-38ff-11ed-aed0-040300000000','Inflación Año',1,11,'0a653e2e-400b-11ed-af5a-040300000000',NULL,'/inicio/catalogos/inflacionAnio','INFANIO','2022-09-30 11:49:23','2022-11-30 17:55:43','30adc962-7109-11ed-a880-040300000000','30adc962-7109-11ed-a880-040300000000',0),
('d8640e55-3c92-11ee-aedd-3cd92b4d9bf4','Área Auditora','161206bc-405b-11ee-8002-d89d6776f970','Catálogo Para la Administración de las Áreas Auditoras',1,3,'9088b4f4-2119-11ee-ac66-3cd92b4d9bf4',NULL,'/inicio/catalogos/uau','UAU','2023-08-16 12:11:35','2023-08-16 12:11:34','30adc962-7109-11ed-a880-040300000000','30adc962-7109-11ed-a880-040300000000',0),
('d88740cf-7000-11ed-a880-040300000000','Estadísticas','973ecf89-38ff-11ed-aed0-040300000000','Visualización de Estadísticas y Reportes',0,8,NULL,NULL,'/estadisticas',NULL,'2022-11-29 09:14:05','2022-11-30 17:55:43','30adc962-7109-11ed-a880-040300000000','30adc962-7109-11ed-a880-040300000000',0),
('da6aba58-4500-11ed-aea4-040300000000','Fondo de Desarrollo Municipal','973ecf89-38ff-11ed-aed0-040300000000','Fondo de Desarrollo Municipal',1,4,'cbc20034-44fb-11ed-aea4-040300000000',NULL,'/inicio/participaciones/FODEM','FODEM','2022-10-05 17:55:46','2022-11-30 17:55:43','30adc962-7109-11ed-a880-040300000000','30adc962-7109-11ed-a880-040300000000',0),
('e1c53b2e-40df-11ed-af5a-040300000000','Crecimiento Año','973ecf89-38ff-11ed-aed0-040300000000','Crecimiento Año',1,10,'0a653e2e-400b-11ed-af5a-040300000000',NULL,'/inicio/catalogos/crecimientoAnio','CRECANIO','2022-09-30 11:49:41','2022-11-30 17:55:43','30adc962-7109-11ed-a880-040300000000','30adc962-7109-11ed-a880-040300000000',0),
('e326d92e-61e2-11ed-a880-040300000000','ISAI','973ecf89-38ff-11ed-aed0-040300000000','Impuesto sobre adquisición de inmuebles (ISAI)',1,5,'f1ea67d9-45ac-11ed-aea4-040300000000',NULL,'/inicio/articulos/isai','ISAI','2022-11-11 10:04:21','2022-11-30 17:55:43','30adc962-7109-11ed-a880-040300000000','30adc962-7109-11ed-a880-040300000000',0),
('e884bd89-a267-11ed-b561-2c4138b7dab1','Catálogo Retenciones','973ecf89-38ff-11ed-aed0-040300000000','Administracion de catálogo de retenciones',1,24,'0a653e2e-400b-11ed-af5a-040300000000',NULL,'/inicio/catalogos/catretenciones','CATRETEN','2023-02-01 13:37:48','2023-02-01 13:37:48','30adc962-7109-11ed-a880-040300000000','30adc962-7109-11ed-a880-040300000000',0),
('ecf7d586-4f27-11ed-a964-040300000000','Parámetros Generales','973ecf89-38ff-11ed-aed0-040300000000','parametros del Sistema',1,5,'0a653e2e-400b-11ed-af5a-040300000000',NULL,'/inicio/catalogos/parametrosgenerales','PG','2022-10-18 16:00:41','2022-12-09 16:38:29','30adc962-7109-11ed-a880-040300000000','30adc962-7109-11ed-a880-040300000000',0),
('ed2c65d2-5984-11ee-a933-236cb4402701','Reporte de Visitas','970c0ac7-51b5-11ee-b06d-3cd92b4d9bf4','Reporte de Visitas',0,4,'',NULL,'/inicio/visitasGNRL','VISITAS','2023-09-22 13:16:34','2023-09-22 13:16:34','30adc962-7109-11ed-a880-040300000000','30adc962-7109-11ed-a880-040300000000',0),
('ee272ae7-77e0-11ed-aad1-040300000000','Predial','973ecf89-38ff-11ed-aed0-040300000000','Fondo Predial',1,1,'1880ed9d-77e0-11ed-aad1-040300000000',NULL,'/inicio/convenios/PREDIAL','PREDIAL','2022-12-09 10:45:47','2022-12-12 11:52:44','30adc962-7109-11ed-a880-040300000000','30adc962-7109-11ed-a880-040300000000',0),
('f1ea67d9-45ac-11ed-aea4-040300000000','Coeficientes','973ecf89-38ff-11ed-aed0-040300000000','Coeficientes',0,2,'',NULL,'/',NULL,'2022-10-06 14:27:39','2022-11-30 17:55:43','30adc962-7109-11ed-a880-040300000000','30adc962-7109-11ed-a880-040300000000',0),
('f4a8c7bb-4036-11ed-af5a-040300000000','Menus','973ecf89-38ff-11ed-aed0-040300000000','Administración de Menús',1,4,'b3f8a23d-3f74-11ed-af5a-040300000000','','/inicio/menus','MENUS','2022-09-29 15:40:27','2022-11-30 17:55:43','30adc962-7109-11ed-a880-040300000000','30adc962-7109-11ed-a880-040300000000',0),
('fd244a6e-3f74-11ed-af5a-040300000000','Usuarios','973ecf89-38ff-11ed-aed0-040300000000','Administración de Usuarios',1,3,'b3f8a23d-3f74-11ed-af5a-040300000000','','/inicio/usuario','USUARIOS','2022-09-28 16:31:20','2022-11-30 17:55:43','30adc962-7109-11ed-a880-040300000000','30adc962-7109-11ed-a880-040300000000',0);
/*!40000 ALTER TABLE `Menus` ENABLE KEYS */;
UNLOCK TABLES;

--
-- Table structure for table `Permisos`
--

DROP TABLE IF EXISTS `Permisos`;
/*!40101 SET @saved_cs_client     = @@character_set_client */;
/*!40101 SET character_set_client = utf8 */;
CREATE TABLE `Permisos` (
  `Id` char(36) NOT NULL DEFAULT uuid(),
  `Permiso` varchar(200) NOT NULL,
  `Descripcion` varchar(200) NOT NULL,
  `ControlInterno` varchar(50) NOT NULL,
  `idMenu` char(36) NOT NULL,
  `IdApp` char(36) NOT NULL DEFAULT '',
  `FechaDeCreacion` datetime DEFAULT current_timestamp(),
  `UltimaModificacion` datetime DEFAULT current_timestamp(),
  `CreadoPor` char(36) DEFAULT NULL,
  `ModificadoPor` char(36) DEFAULT NULL,
  `Deleted` tinyint(1) NOT NULL DEFAULT 0,
  PRIMARY KEY (`Id`) USING BTREE,
  KEY `FK_Permisos_Usuarios` (`ModificadoPor`) USING BTREE,
  KEY `FK_Permisos_Usuarios_2` (`CreadoPor`) USING BTREE,
  KEY `FK_Permisos_Usuarios_3` (`idMenu`) USING BTREE,
  CONSTRAINT `FK_Permisos_Usuarios` FOREIGN KEY (`ModificadoPor`) REFERENCES `Usuarios` (`Id`) ON DELETE NO ACTION ON UPDATE NO ACTION,
  CONSTRAINT `FK_Permisos_Usuarios_2` FOREIGN KEY (`CreadoPor`) REFERENCES `Usuarios` (`Id`) ON DELETE NO ACTION ON UPDATE NO ACTION,
  CONSTRAINT `FK_Permisos_Usuarios_3` FOREIGN KEY (`idMenu`) REFERENCES `Menus` (`Id`) ON DELETE NO ACTION ON UPDATE NO ACTION
) ENGINE=InnoDB DEFAULT CHARSET=utf8mb3 COLLATE=utf8mb3_general_ci ROW_FORMAT=DYNAMIC;
/*!40101 SET character_set_client = @saved_cs_client */;

--
-- Dumping data for table `Permisos`
--

LOCK TABLES `Permisos` WRITE;
/*!40000 ALTER TABLE `Permisos` DISABLE KEYS */;
INSERT INTO `Permisos` VALUES
('00b20e12-d3e6-11ed-b61c-2c4138b7dab1','INTEGRAR_OPERACION','integra las operaciones','INTEGRAR_OPERACION','4f3569a6-66a2-11ed-a880-040300000000','973ecf89-38ff-11ed-aed0-040300000000','2023-04-05 13:13:52','2023-04-05 13:13:52','30adc962-7109-11ed-a880-040300000000','30adc962-7109-11ed-a880-040300000000',0),
('00cfeb05-815e-11ed-a963-040300000000','Eliminación Masiva','Eliminar mas de un elemento de forma directa. *Permiso Especial*','ELIMMAS','33058232-40de-11ed-af5a-040300000000','973ecf89-38ff-11ed-aed0-040300000000','2022-12-21 12:33:45','2022-12-21 12:33:45','30adc962-7109-11ed-a880-040300000000','30adc962-7109-11ed-a880-040300000000',0),
('019e0528-7588-11ed-aad1-040300000000','Editar','Editar Registros','EDIT','c8bbd4f0-40df-11ed-af5a-040300000000','973ecf89-38ff-11ed-aed0-040300000000','2022-12-06 11:04:12','2022-12-06 11:24:41','30adc962-7109-11ed-a880-040300000000','30adc962-7109-11ed-a880-040300000000',0),
('0273a565-6a86-11ed-a880-040300000000','Agregar','Agregar Registros','AGREG','1b30d3dd-6a85-11ed-a880-040300000000','973ecf89-38ff-11ed-aed0-040300000000','2022-11-22 09:52:11','2022-11-30 17:56:21','30adc962-7109-11ed-a880-040300000000','30adc962-7109-11ed-a880-040300000000',0),
('02797f24-6a86-11ed-a880-040300000000','Editar','Editar Registros','EDIT','1b30d3dd-6a85-11ed-a880-040300000000','973ecf89-38ff-11ed-aed0-040300000000','2022-11-22 09:52:11','2022-11-30 17:56:21','30adc962-7109-11ed-a880-040300000000','30adc962-7109-11ed-a880-040300000000',0),
('027a924a-6a86-11ed-a880-040300000000','Eliminar','Eliminar Registros','ELIM','1b30d3dd-6a85-11ed-a880-040300000000','973ecf89-38ff-11ed-aed0-040300000000','2022-11-22 09:52:11','2022-11-30 17:56:21','30adc962-7109-11ed-a880-040300000000','30adc962-7109-11ed-a880-040300000000',0),
('070320e7-5bce-11ee-a933-236cb4402701','Agregar','Agregar Registros','AGREG','36d57fa0-5bc6-11ee-a933-236cb4402701','161206bc-405b-11ee-8002-d89d6776f970','2023-09-25 11:04:53','2023-09-25 11:04:53','30adc962-7109-11ed-a880-040300000000','30adc962-7109-11ed-a880-040300000000',0),
('0705db91-5bce-11ee-a933-236cb4402701','Editar','Editar Registros Registros','EDIT','36d57fa0-5bc6-11ee-a933-236cb4402701','161206bc-405b-11ee-8002-d89d6776f970','2023-09-25 11:04:53','2023-09-25 11:04:53','30adc962-7109-11ed-a880-040300000000','30adc962-7109-11ed-a880-040300000000',0),
('0708fdcc-5bce-11ee-a933-236cb4402701','Eliminar','Eliminar Registro','ELIM','36d57fa0-5bc6-11ee-a933-236cb4402701','161206bc-405b-11ee-8002-d89d6776f970','2023-09-25 11:04:53','2023-09-25 11:04:53','30adc962-7109-11ed-a880-040300000000','30adc962-7109-11ed-a880-040300000000',0),
('08982316-211a-11ee-ac66-3cd92b4d9bf4','Agregar','Agregar Registros','AGREG','7338024c-2119-11ee-ac66-3cd92b4d9bf4','161206bc-405b-11ee-8002-d89d6776f970','2023-07-12 13:08:56','2023-07-12 13:08:57','30adc962-7109-11ed-a880-040300000000','30adc962-7109-11ed-a880-040300000000',0),
('08d9832d-c444-11ed-b789-2c4138b7dab1','Ver Trazabilidad','Ver Trazabilidad','TRAZASPEIDAF','4f3569a6-66a2-11ed-a880-040300000000','973ecf89-38ff-11ed-aed0-040300000000','2023-03-16 15:46:40','2023-03-16 15:46:40','30adc962-7109-11ed-a880-040300000000','30adc962-7109-11ed-a880-040300000000',0),
('09573316-c42c-11ed-b789-2c4138b7dab1','Descargar SPEI','Descargar SPEI','DESCARGARSPEI','519c292a-5f00-11ed-a880-040300000000','973ecf89-38ff-11ed-aed0-040300000000','2023-03-16 12:54:53','2023-03-16 12:54:53','30adc962-7109-11ed-a880-040300000000','30adc962-7109-11ed-a880-040300000000',0),
('0b8bc358-14ff-11ee-8002-d89d6776f970','Filtro de año','Filtro de año','SANIO','4f3569a6-66a2-11ed-a880-040300000000','973ecf89-38ff-11ed-aed0-040300000000','2023-06-27 08:26:53','2023-06-27 08:26:53','30adc962-7109-11ed-a880-040300000000','30adc962-7109-11ed-a880-040300000000',0),
('0c59b820-7274-11ed-a880-040300000000','Editar','Editar Registros','EDIT','83456f02-44ff-11ed-aea4-040300000000','973ecf89-38ff-11ed-aed0-040300000000','2022-12-02 12:03:46','2022-12-02 12:03:46','30adc962-7109-11ed-a880-040300000000','30adc962-7109-11ed-a880-040300000000',0),
('0c617253-7274-11ed-a880-040300000000','Agregar','Agregar Registros','AGREG','83456f02-44ff-11ed-aea4-040300000000','973ecf89-38ff-11ed-aed0-040300000000','2022-12-02 12:03:46','2022-12-02 12:03:46','30adc962-7109-11ed-a880-040300000000','30adc962-7109-11ed-a880-040300000000',0),
('0c62f625-7274-11ed-a880-040300000000','Cancelar','Cancelar Cálculo','CANC','83456f02-44ff-11ed-aea4-040300000000','973ecf89-38ff-11ed-aed0-040300000000','2022-12-02 12:03:46','2022-12-02 12:03:46','30adc962-7109-11ed-a880-040300000000','30adc962-7109-11ed-a880-040300000000',0),
('0c651184-7274-11ed-a880-040300000000','Trazabilidad','Ver Trazabilidad','TRAZA','83456f02-44ff-11ed-aea4-040300000000','973ecf89-38ff-11ed-aed0-040300000000','2022-12-02 12:03:46','2022-12-02 12:03:46','30adc962-7109-11ed-a880-040300000000','30adc962-7109-11ed-a880-040300000000',0),
('0c66f4c7-7274-11ed-a880-040300000000','Autorizar','Autorizar Cálculo','AUT','83456f02-44ff-11ed-aea4-040300000000','973ecf89-38ff-11ed-aed0-040300000000','2022-12-02 12:03:46','2022-12-02 12:03:46','30adc962-7109-11ed-a880-040300000000','30adc962-7109-11ed-a880-040300000000',0),
('0c696be2-7274-11ed-a880-040300000000','Enviar','Enviar Cálculo','ENV','83456f02-44ff-11ed-aea4-040300000000','973ecf89-38ff-11ed-aed0-040300000000','2022-12-02 12:03:46','2022-12-02 12:03:46','30adc962-7109-11ed-a880-040300000000','30adc962-7109-11ed-a880-040300000000',0),
('0c6c2f89-7274-11ed-a880-040300000000','Agregar Ajuste','Agregar Ajuste a los cálculos','AAJUSTE','83456f02-44ff-11ed-aea4-040300000000','973ecf89-38ff-11ed-aed0-040300000000','2022-12-02 12:03:46','2022-12-02 12:03:46','30adc962-7109-11ed-a880-040300000000','30adc962-7109-11ed-a880-040300000000',0),
('0c6e49cb-7274-11ed-a880-040300000000','Editar','Editar Registros','EDIT','969e84ee-44ff-11ed-aea4-040300000000','973ecf89-38ff-11ed-aed0-040300000000','2022-12-02 12:03:46','2022-12-02 12:03:46','30adc962-7109-11ed-a880-040300000000','30adc962-7109-11ed-a880-040300000000',0),
('0c70e0c8-7274-11ed-a880-040300000000','Agregar','Agregar Registros','AGREG','969e84ee-44ff-11ed-aea4-040300000000','973ecf89-38ff-11ed-aed0-040300000000','2022-12-02 12:03:46','2022-12-02 12:03:46','30adc962-7109-11ed-a880-040300000000','30adc962-7109-11ed-a880-040300000000',0),
('0c73e1c2-7274-11ed-a880-040300000000','Cancelar','Cancelar Cálculo','CANC','969e84ee-44ff-11ed-aea4-040300000000','973ecf89-38ff-11ed-aed0-040300000000','2022-12-02 12:03:46','2022-12-02 12:03:46','30adc962-7109-11ed-a880-040300000000','30adc962-7109-11ed-a880-040300000000',0),
('0c77267d-7274-11ed-a880-040300000000','Trazabilidad','Ver Trazabilidad','TRAZA','969e84ee-44ff-11ed-aea4-040300000000','973ecf89-38ff-11ed-aed0-040300000000','2022-12-02 12:03:46','2022-12-02 12:03:46','30adc962-7109-11ed-a880-040300000000','30adc962-7109-11ed-a880-040300000000',0),
('0c79d814-7274-11ed-a880-040300000000','Autorizar','Autorizar Cálculo','AUT','969e84ee-44ff-11ed-aea4-040300000000','973ecf89-38ff-11ed-aed0-040300000000','2022-12-02 12:03:46','2022-12-02 12:03:46','30adc962-7109-11ed-a880-040300000000','30adc962-7109-11ed-a880-040300000000',0),
('0c7d22ae-7274-11ed-a880-040300000000','Enviar','Enviar Cálculo','ENV','969e84ee-44ff-11ed-aea4-040300000000','973ecf89-38ff-11ed-aed0-040300000000','2022-12-02 12:03:46','2022-12-02 12:03:46','30adc962-7109-11ed-a880-040300000000','30adc962-7109-11ed-a880-040300000000',0),
('0c7fbe90-7274-11ed-a880-040300000000','Agregar Ajuste','Agregar Ajuste a los cálculos','AAJUSTE','969e84ee-44ff-11ed-aea4-040300000000','973ecf89-38ff-11ed-aed0-040300000000','2022-12-02 12:03:46','2022-12-02 12:03:46','30adc962-7109-11ed-a880-040300000000','30adc962-7109-11ed-a880-040300000000',0),
('0e576314-d3e6-11ed-b61c-2c4138b7dab1','INTEGRACION_MASIVA','integración masiva de operaciones','INTEGRACION_MASIVA','4f3569a6-66a2-11ed-a880-040300000000','973ecf89-38ff-11ed-aed0-040300000000','2023-04-05 13:14:15','2023-04-05 13:14:15','30adc962-7109-11ed-a880-040300000000','30adc962-7109-11ed-a880-040300000000',0),
('0fbc47ab-7588-11ed-aad1-040300000000','Eliminar','Eliminar Registros','ELIM','c8bbd4f0-40df-11ed-af5a-040300000000','973ecf89-38ff-11ed-aed0-040300000000','2022-12-06 11:04:35','2022-12-06 11:04:35','30adc962-7109-11ed-a880-040300000000','30adc962-7109-11ed-a880-040300000000',0),
('1653ab55-0fa1-11ee-8002-d89d6776f970','Usuario Responsable','Administración de Usuario responsable del Organismo','VUSUARIOR','9aa105ea-b868-11ed-8002-d89d6776f970','973ecf89-38ff-11ed-aed0-040300000000','2023-06-20 12:31:43','2023-06-20 12:31:43','30adc962-7109-11ed-a880-040300000000','30adc962-7109-11ed-a880-040300000000',0),
('16885277-d3ea-11ed-b61c-2c4138b7dab1','ELIMINAMASIVO','ELIMINACION MASIVA','ELIMINAMASIVO','4f3569a6-66a2-11ed-a880-040300000000','973ecf89-38ff-11ed-aed0-040300000000','2023-04-05 13:43:07','2023-04-05 13:43:07','30adc962-7109-11ed-a880-040300000000','30adc962-7109-11ed-a880-040300000000',0),
('17ab07c6-e5da-11ed-8002-d89d6776f970','Carga Plantilla de información','Carga Plantilla de Información','CARGPLAN','b3a6d6a6-40de-11ed-af5a-040300000000','973ecf89-38ff-11ed-aed0-040300000000','2023-04-28 08:33:58','2023-04-28 08:33:58','30adc962-7109-11ed-a880-040300000000','30adc962-7109-11ed-a880-040300000000',0),
('17c35307-edd6-11ed-b61c-2c4138b7dab1','Autorizar Solicitudes','Autoriza las Solicitudes de Pago','AUTHSOL','bfe5b905-6117-11ed-a880-040300000000','973ecf89-38ff-11ed-aed0-040300000000','2023-05-08 13:25:29','2023-05-08 13:25:29','30adc962-7109-11ed-a880-040300000000','30adc962-7109-11ed-a880-040300000000',0),
('190e7f00-d3e6-11ed-b61c-2c4138b7dab1','UNIFICACION','unificación de Registros','UNIFICACION','4f3569a6-66a2-11ed-a880-040300000000','973ecf89-38ff-11ed-aed0-040300000000','2023-04-05 13:14:33','2023-04-05 13:14:33','30adc962-7109-11ed-a880-040300000000','30adc962-7109-11ed-a880-040300000000',0),
('1b58c0fd-c8dd-11ed-b4d7-2c4138b7dab1','Carga Plantilla','Carga Plantilla','CARGPLAN','e326d92e-61e2-11ed-a880-040300000000','973ecf89-38ff-11ed-aed0-040300000000','2023-03-22 12:12:29','2023-03-22 12:12:29','30adc962-7109-11ed-a880-040300000000','30adc962-7109-11ed-a880-040300000000',0),
('1d060def-968e-11ed-a912-705a0f328da6','Agregar Ajuste','Agregar Ajuste a los cálculos','AAJUSTE','74cbffab-95ef-11ed-a912-705a0f328da6','973ecf89-38ff-11ed-aed0-040300000000','2023-01-17 11:41:03','2023-01-17 11:45:57','30adc962-7109-11ed-a880-040300000000','30adc962-7109-11ed-a880-040300000000',0),
('1ed49c87-fe46-11ed-8002-d89d6776f970','Recalcular Cálculo','Recalcular Cálculo','RECALCULAR','ab1c51ed-40e1-11ed-af5a-040300000000','973ecf89-38ff-11ed-aed0-040300000000','2023-05-29 10:27:43','2023-05-29 10:27:43','30adc962-7109-11ed-a880-040300000000','30adc962-7109-11ed-a880-040300000000',0),
('2026419c-5ed0-11ed-a880-040300000000','Agregar','Agregar Registros','AGREG','744a2693-45ad-11ed-aea4-040300000000','973ecf89-38ff-11ed-aed0-040300000000','2022-11-07 12:12:30','2022-11-30 17:56:21','30adc962-7109-11ed-a880-040300000000','30adc962-7109-11ed-a880-040300000000',0),
('20273047-5ed0-11ed-a880-040300000000','Agregar','Agregar Registros','AGREG','5dd79f46-45ad-11ed-aea4-040300000000','973ecf89-38ff-11ed-aed0-040300000000','2022-11-07 12:12:30','2022-11-30 17:56:21','30adc962-7109-11ed-a880-040300000000','30adc962-7109-11ed-a880-040300000000',0),
('2028a5d6-5ed0-11ed-a880-040300000000','Agregar','Agregar Registros','AGREG','46f68911-45ad-11ed-aea4-040300000000','973ecf89-38ff-11ed-aed0-040300000000','2022-11-07 12:12:30','2022-11-30 17:56:21','30adc962-7109-11ed-a880-040300000000','30adc962-7109-11ed-a880-040300000000',0),
('20e71a7f-968f-11ed-a912-705a0f328da6','Editar','Editar Registros','EDIT','74cbffab-95ef-11ed-a912-705a0f328da6','973ecf89-38ff-11ed-aed0-040300000000','2023-01-17 11:48:19','2023-01-17 11:48:19','30adc962-7109-11ed-a880-040300000000','30adc962-7109-11ed-a880-040300000000',0),
('218f8993-0fa1-11ee-8002-d89d6776f970','Cuentas Bancarias','Administra Cuentas Bancarias','VIEWCC','9aa105ea-b868-11ed-8002-d89d6776f970','973ecf89-38ff-11ed-aed0-040300000000','2023-06-20 12:32:02','2023-06-20 12:32:02','30adc962-7109-11ed-a880-040300000000','30adc962-7109-11ed-a880-040300000000',0),
('23c0573a-5ca1-11ed-a880-040300000000','Visualizar Usuario Responsable','Visualizar Usuario Responsable','VIEWUR','a351bada-4010-11ed-af5a-040300000000','973ecf89-38ff-11ed-aed0-040300000000','2022-11-04 17:31:07','2022-11-30 17:56:21','30adc962-7109-11ed-a880-040300000000','30adc962-7109-11ed-a880-040300000000',0),
('25a20508-e5d9-11ed-8002-d89d6776f970','Carga Plantilla','Cargar Registros desde plantilla','CARGPLAN','892ffcbf-40df-11ed-af5a-040300000000','973ecf89-38ff-11ed-aed0-040300000000','2023-04-28 08:27:12','2023-04-28 08:27:12','30adc962-7109-11ed-a880-040300000000','30adc962-7109-11ed-a880-040300000000',0),
('26250b64-c42c-11ed-b789-2c4138b7dab1','Ver SPEI','Permiso Para Visualizar el SPEI','VERSPEI','519c292a-5f00-11ed-a880-040300000000','973ecf89-38ff-11ed-aed0-040300000000','2023-03-16 12:55:41','2023-03-16 12:55:41','30adc962-7109-11ed-a880-040300000000','30adc962-7109-11ed-a880-040300000000',0),
('2d160587-fe46-11ed-8002-d89d6776f970','Recalcular Cálculo','Recalcular Cálculo','RECALCULAR','cb333253-4336-11ed-aea4-040300000000','973ecf89-38ff-11ed-aed0-040300000000','2023-05-29 10:28:07','2023-05-29 10:28:07','30adc962-7109-11ed-a880-040300000000','30adc962-7109-11ed-a880-040300000000',0),
('2debf1be-5b8f-11ed-a988-040300000000','Agregar','Agregar Registros','AGREG','bad984bb-4341-11ed-aea4-040300000000','973ecf89-38ff-11ed-aed0-040300000000','2022-11-03 09:50:02','2022-11-30 17:56:21','30adc962-7109-11ed-a880-040300000000','30adc962-7109-11ed-a880-040300000000',0),
('2dee0966-5b8f-11ed-a988-040300000000','Cancelar','Cancelar Cálculo','CANC','bad984bb-4341-11ed-aea4-040300000000','973ecf89-38ff-11ed-aed0-040300000000','2022-11-03 09:50:02','2022-11-30 17:56:21','30adc962-7109-11ed-a880-040300000000','30adc962-7109-11ed-a880-040300000000',0),
('2def4d19-5b8f-11ed-a988-040300000000','Trazabilidad','Ver Trazabilidad','TRAZA','bad984bb-4341-11ed-aea4-040300000000','973ecf89-38ff-11ed-aed0-040300000000','2022-11-03 09:50:02','2022-11-30 17:56:21','30adc962-7109-11ed-a880-040300000000','30adc962-7109-11ed-a880-040300000000',0),
('2df0995b-5b8f-11ed-a988-040300000000','Autorizar','Autorizar Cálculo','AUT','bad984bb-4341-11ed-aea4-040300000000','973ecf89-38ff-11ed-aed0-040300000000','2022-11-03 09:50:02','2022-11-30 17:56:21','30adc962-7109-11ed-a880-040300000000','30adc962-7109-11ed-a880-040300000000',0),
('2df1d8ef-5b8f-11ed-a988-040300000000','Enviar','Enviar Cálculo','ENV','bad984bb-4341-11ed-aea4-040300000000','973ecf89-38ff-11ed-aed0-040300000000','2022-11-03 09:50:02','2022-11-30 17:56:21','30adc962-7109-11ed-a880-040300000000','30adc962-7109-11ed-a880-040300000000',0),
('2df31d51-5b8f-11ed-a988-040300000000','Agregar Ajuste','Agregar Ajuste a los cálculos','AAJUSTE','bad984bb-4341-11ed-aea4-040300000000','973ecf89-38ff-11ed-aed0-040300000000','2022-11-03 09:50:02','2022-11-30 17:56:21','30adc962-7109-11ed-a880-040300000000','30adc962-7109-11ed-a880-040300000000',0),
('2df4690c-5b8f-11ed-a988-040300000000','Agregar','Agregar Registros','AGREG','cc383716-4341-11ed-aea4-040300000000','973ecf89-38ff-11ed-aed0-040300000000','2022-11-03 09:50:02','2022-11-30 17:56:21','30adc962-7109-11ed-a880-040300000000','30adc962-7109-11ed-a880-040300000000',0),
('2df76b5f-5b8f-11ed-a988-040300000000','Cancelar','Cancelar Cálculo','CANC','cc383716-4341-11ed-aea4-040300000000','973ecf89-38ff-11ed-aed0-040300000000','2022-11-03 09:50:02','2022-11-30 17:56:21','30adc962-7109-11ed-a880-040300000000','30adc962-7109-11ed-a880-040300000000',0),
('2df97fe1-5b8f-11ed-a988-040300000000','Trazabilidad','Ver Trazabilidad','TRAZA','cc383716-4341-11ed-aea4-040300000000','973ecf89-38ff-11ed-aed0-040300000000','2022-11-03 09:50:02','2022-11-30 17:56:21','30adc962-7109-11ed-a880-040300000000','30adc962-7109-11ed-a880-040300000000',0),
('2dfac53c-5b8f-11ed-a988-040300000000','Autorizar','Autorizar Cálculo','AUT','cc383716-4341-11ed-aea4-040300000000','973ecf89-38ff-11ed-aed0-040300000000','2022-11-03 09:50:02','2022-11-30 17:56:21','30adc962-7109-11ed-a880-040300000000','30adc962-7109-11ed-a880-040300000000',0),
('2dfc055c-5b8f-11ed-a988-040300000000','Enviar','Enviar Cálculo','ENV','cc383716-4341-11ed-aea4-040300000000','973ecf89-38ff-11ed-aed0-040300000000','2022-11-03 09:50:02','2022-11-30 17:56:21','30adc962-7109-11ed-a880-040300000000','30adc962-7109-11ed-a880-040300000000',0),
('2e00507d-5b8f-11ed-a988-04030000000','Agregar Ajuste','Agregar Ajuste a los cálculos','AAJUSTE','cc383716-4341-11ed-aea4-040300000000','973ecf89-38ff-11ed-aed0-040300000000','2022-11-03 09:50:02','2022-12-02 12:00:25','30adc962-7109-11ed-a880-040300000000','30adc962-7109-11ed-a880-040300000000',0),
('3017321d-d898-11ed-b61c-2c4138b7dab1','Cargar CFDI','Cargar CFDI','AGREGCFDI','408237ce-5574-11ed-a988-040300000000','973ecf89-38ff-11ed-aed0-040300000000','2023-04-11 12:39:27','2023-04-11 12:39:27','30adc962-7109-11ed-a880-040300000000','30adc962-7109-11ed-a880-040300000000',0),
('35fb6373-104d-11ee-8002-d89d6776f970','Marcar Pagado','Marca el Registro en estatus Pagado','DAFPAGASPEI','519c292a-5f00-11ed-a880-040300000000','973ecf89-38ff-11ed-aed0-040300000000','2023-06-21 09:03:49','2023-06-21 09:03:49','30adc962-7109-11ed-a880-040300000000','30adc962-7109-11ed-a880-040300000000',0),
('38208762-9841-11ed-a912-705a0f328da6','Agregar Ajuste','Agregar Ajuste a los cálculos','AAJUSTE','c1ac8fed-4500-11ed-aea4-040300000000','973ecf89-38ff-11ed-aed0-040300000000','2023-01-19 15:35:40','2023-01-19 15:35:40','30adc962-7109-11ed-a880-040300000000','30adc962-7109-11ed-a880-040300000000',0),
('38821fe1-ca76-11ed-b8d9-2c4138b7dab1','Subir Speis','Subir Múltiples SPEIS','DAFSUBIRSPEI','519c292a-5f00-11ed-a880-040300000000','973ecf89-38ff-11ed-aed0-040300000000','2023-03-24 13:01:02','2023-03-24 13:01:02','30adc962-7109-11ed-a880-040300000000','30adc962-7109-11ed-a880-040300000000',0),
('3929f695-d3e0-11ed-b61c-2c4138b7dab1','CG_PLANTILLA_ORG','Carga Plantilla de Organismos','CG_PLANTILLA_ORG','4f3569a6-66a2-11ed-a880-040300000000','973ecf89-38ff-11ed-aed0-040300000000','2023-04-05 12:32:30','2023-04-05 12:32:30','30adc962-7109-11ed-a880-040300000000','30adc962-7109-11ed-a880-040300000000',0),
('3d66cb7a-a27a-11ed-b561-2c4138b7dab1','Editar','Editar Registro','EDIT','3149fbd2-a26b-11ed-b561-2c4138b7dab1','973ecf89-38ff-11ed-aed0-040300000000','2023-02-01 15:49:01','2023-02-01 15:49:01','30adc962-7109-11ed-a880-040300000000','30adc962-7109-11ed-a880-040300000000',0),
('3f826700-0eef-11ee-8002-d89d6776f970','Monex','Marca los Registros como Monex','MARCAMONEX','4f3569a6-66a2-11ed-a880-040300000000','973ecf89-38ff-11ed-aed0-040300000000','2023-06-19 15:18:42','2023-06-19 15:18:42','30adc962-7109-11ed-a880-040300000000','30adc962-7109-11ed-a880-040300000000',0),
('3ff4ff45-e469-11ed-b61c-2c4138b7dab1','Agregar Usuario','Permiso para solicitar la creacion de un usuario nuevo','AGREGUSER','fd244a6e-3f74-11ed-af5a-040300000000','973ecf89-38ff-11ed-aed0-040300000000','2023-04-26 13:33:41','2023-04-26 13:33:41','30adc962-7109-11ed-a880-040300000000','30adc962-7109-11ed-a880-040300000000',0),
('40fc4e61-5b8e-11ed-a988-040300000000','Agregar','Agregar Registros','AGREG','ab1c51ed-40e1-11ed-af5a-040300000000','973ecf89-38ff-11ed-aed0-040300000000','2022-11-03 09:43:25','2022-11-30 17:56:21','30adc962-7109-11ed-a880-040300000000','30adc962-7109-11ed-a880-040300000000',0),
('40fd9e7e-5b8e-11ed-a988-040300000000','Cancelar','Cancelar Cálculo','CANC','ab1c51ed-40e1-11ed-af5a-040300000000','973ecf89-38ff-11ed-aed0-040300000000','2022-11-03 09:43:25','2022-11-30 17:56:21','30adc962-7109-11ed-a880-040300000000','30adc962-7109-11ed-a880-040300000000',0),
('40fed4d9-5b8e-11ed-a988-040300000000','Trazabilidad','Ver Trazabilidad','TRAZA','ab1c51ed-40e1-11ed-af5a-040300000000','973ecf89-38ff-11ed-aed0-040300000000','2022-11-03 09:43:25','2022-11-30 17:56:21','30adc962-7109-11ed-a880-040300000000','30adc962-7109-11ed-a880-040300000000',0),
('41002800-5b8e-11ed-a988-040300000000','Autorizar','Autorizar Cálculo','AUT','ab1c51ed-40e1-11ed-af5a-040300000000','973ecf89-38ff-11ed-aed0-040300000000','2022-11-03 09:43:25','2022-11-30 17:56:21','30adc962-7109-11ed-a880-040300000000','30adc962-7109-11ed-a880-040300000000',0),
('41045140-5b8e-11ed-a988-040300000000','Enviar','Enviar Cálculo','ENV','ab1c51ed-40e1-11ed-af5a-040300000000','973ecf89-38ff-11ed-aed0-040300000000','2022-11-03 09:43:25','2022-11-30 17:56:21','30adc962-7109-11ed-a880-040300000000','30adc962-7109-11ed-a880-040300000000',0),
('4106854a-5b8e-11ed-a988-040300000000','Agregar Ajuste','Agregar Ajuste a los cálculos','AAJUSTE','ab1c51ed-40e1-11ed-af5a-040300000000','973ecf89-38ff-11ed-aed0-040300000000','2022-11-03 09:43:25','2022-11-30 17:56:21','30adc962-7109-11ed-a880-040300000000','30adc962-7109-11ed-a880-040300000000',0),
('4107d035-5b8e-11ed-a988-040300000000','Agregar','Agregar Registros','AGREG','9fc49b62-435c-11ed-aea4-040300000000','973ecf89-38ff-11ed-aed0-040300000000','2022-11-03 09:43:25','2022-11-30 17:56:21','30adc962-7109-11ed-a880-040300000000','30adc962-7109-11ed-a880-040300000000',0),
('41090574-5b8e-11ed-a988-040300000000','Cancelar','Cancelar Cálculo','CANC','9fc49b62-435c-11ed-aea4-040300000000','973ecf89-38ff-11ed-aed0-040300000000','2022-11-03 09:43:25','2022-11-30 17:56:21','30adc962-7109-11ed-a880-040300000000','30adc962-7109-11ed-a880-040300000000',0),
('410a4ba0-5b8e-11ed-a988-040300000000','Trazabilidad','Ver Trazabilidad','TRAZA','9fc49b62-435c-11ed-aea4-040300000000','973ecf89-38ff-11ed-aed0-040300000000','2022-11-03 09:43:25','2022-11-30 17:56:21','30adc962-7109-11ed-a880-040300000000','30adc962-7109-11ed-a880-040300000000',0),
('410d38c5-5b8e-11ed-a988-040300000000','Autorizar','Autorizar Cálculo','AUT','9fc49b62-435c-11ed-aea4-040300000000','973ecf89-38ff-11ed-aed0-040300000000','2022-11-03 09:43:25','2022-11-30 17:56:21','30adc962-7109-11ed-a880-040300000000','30adc962-7109-11ed-a880-040300000000',0),
('410f6719-5b8e-11ed-a988-040300000000','Enviar','Enviar Cálculo','ENV','9fc49b62-435c-11ed-aea4-040300000000','973ecf89-38ff-11ed-aed0-040300000000','2022-11-03 09:43:25','2022-11-30 17:56:21','30adc962-7109-11ed-a880-040300000000','30adc962-7109-11ed-a880-040300000000',0),
('4110ad75-5b8e-11ed-a988-040300000000','Agregar Ajuste','Agregar Ajuste a los cálculos','AAJUSTE','9fc49b62-435c-11ed-aea4-040300000000','973ecf89-38ff-11ed-aed0-040300000000','2022-11-03 09:43:25','2022-11-30 17:56:21','30adc962-7109-11ed-a880-040300000000','30adc962-7109-11ed-a880-040300000000',0),
('4111f972-5b8e-11ed-a988-040300000000','Agregar','Agregar Registros','AGREG','cb333253-4336-11ed-aea4-040300000000','973ecf89-38ff-11ed-aed0-040300000000','2022-11-03 09:43:25','2022-11-30 17:56:21','30adc962-7109-11ed-a880-040300000000','30adc962-7109-11ed-a880-040300000000',0),
('411337f0-5b8e-11ed-a988-040300000000','Cancelar','Cancelar Cálculo','CANC','cb333253-4336-11ed-aea4-040300000000','973ecf89-38ff-11ed-aed0-040300000000','2022-11-03 09:43:25','2022-11-30 17:56:21','30adc962-7109-11ed-a880-040300000000','30adc962-7109-11ed-a880-040300000000',0),
('411481f0-5b8e-11ed-a988-040300000000','Trazabilidad','Ver Trazabilidad','TRAZA','cb333253-4336-11ed-aea4-040300000000','973ecf89-38ff-11ed-aed0-040300000000','2022-11-03 09:43:25','2022-11-30 17:56:21','30adc962-7109-11ed-a880-040300000000','30adc962-7109-11ed-a880-040300000000',0),
('4115c92e-5b8e-11ed-a988-040300000000','Autorizar','Autorizar Cálculo','AUT','cb333253-4336-11ed-aea4-040300000000','973ecf89-38ff-11ed-aed0-040300000000','2022-11-03 09:43:25','2022-11-30 17:56:21','30adc962-7109-11ed-a880-040300000000','30adc962-7109-11ed-a880-040300000000',0),
('41170742-5b8e-11ed-a988-040300000000','Enviar','Enviar Cálculo','ENV','cb333253-4336-11ed-aea4-040300000000','973ecf89-38ff-11ed-aed0-040300000000','2022-11-03 09:43:25','2022-11-30 17:56:21','30adc962-7109-11ed-a880-040300000000','30adc962-7109-11ed-a880-040300000000',0),
('41185390-5b8e-11ed-a988-040300000000','Agregar Ajuste','Agregar Ajuste a los cálculos','AAJUSTE','cb333253-4336-11ed-aea4-040300000000','973ecf89-38ff-11ed-aed0-040300000000','2022-11-03 09:43:25','2022-11-30 17:56:21','30adc962-7109-11ed-a880-040300000000','30adc962-7109-11ed-a880-040300000000',0),
('41199c91-5b8e-11ed-a988-040300000000','Agregar','Agregar Registros','AGREG','4d0e7262-4366-11ed-aea4-040300000000','973ecf89-38ff-11ed-aed0-040300000000','2022-11-03 09:43:25','2022-11-30 17:56:21','30adc962-7109-11ed-a880-040300000000','30adc962-7109-11ed-a880-040300000000',0),
('411c7bf5-5b8e-11ed-a988-040300000000','Cancelar','Cancelar Cálculo','CANC','4d0e7262-4366-11ed-aea4-040300000000','973ecf89-38ff-11ed-aed0-040300000000','2022-11-03 09:43:25','2022-11-30 17:56:21','30adc962-7109-11ed-a880-040300000000','30adc962-7109-11ed-a880-040300000000',0),
('411eaf8a-5b8e-11ed-a988-040300000000','Trazabilidad','Ver Trazabilidad','TRAZA','4d0e7262-4366-11ed-aea4-040300000000','973ecf89-38ff-11ed-aed0-040300000000','2022-11-03 09:43:25','2022-11-30 17:56:21','30adc962-7109-11ed-a880-040300000000','30adc962-7109-11ed-a880-040300000000',0),
('411feffa-5b8e-11ed-a988-040300000000','Autorizar','Autorizar Cálculo','AUT','4d0e7262-4366-11ed-aea4-040300000000','973ecf89-38ff-11ed-aed0-040300000000','2022-11-03 09:43:25','2022-11-30 17:56:21','30adc962-7109-11ed-a880-040300000000','30adc962-7109-11ed-a880-040300000000',0),
('41213795-5b8e-11ed-a988-040300000000','Enviar','Enviar Cálculo','ENV','4d0e7262-4366-11ed-aea4-040300000000','973ecf89-38ff-11ed-aed0-040300000000','2022-11-03 09:43:25','2022-11-30 17:56:21','30adc962-7109-11ed-a880-040300000000','30adc962-7109-11ed-a880-040300000000',0),
('41228043-5b8e-11ed-a988-040300000000','Agregar Ajuste','Agregar Ajuste a los cálculos','AAJUSTE','4d0e7262-4366-11ed-aea4-040300000000','973ecf89-38ff-11ed-aed0-040300000000','2022-11-03 09:43:25','2022-11-30 17:56:21','30adc962-7109-11ed-a880-040300000000','30adc962-7109-11ed-a880-040300000000',0),
('4123c4ef-5b8e-11ed-a988-040300000000','Agregar','Agregar Registros','AGREG','1a3baa30-436c-11ed-aea4-040300000000','973ecf89-38ff-11ed-aed0-040300000000','2022-11-03 09:43:25','2022-11-30 17:56:21','30adc962-7109-11ed-a880-040300000000','30adc962-7109-11ed-a880-040300000000',0),
('41250bd5-5b8e-11ed-a988-040300000000','Cancelar','Cancelar Cálculo','CANC','1a3baa30-436c-11ed-aea4-040300000000','973ecf89-38ff-11ed-aed0-040300000000','2022-11-03 09:43:25','2022-11-30 17:56:21','30adc962-7109-11ed-a880-040300000000','30adc962-7109-11ed-a880-040300000000',0),
('4126506f-5b8e-11ed-a988-040300000000','Trazabilidad','Ver Trazabilidad','TRAZA','1a3baa30-436c-11ed-aea4-040300000000','973ecf89-38ff-11ed-aed0-040300000000','2022-11-03 09:43:25','2022-11-30 17:56:21','30adc962-7109-11ed-a880-040300000000','30adc962-7109-11ed-a880-040300000000',0),
('4127914f-5b8e-11ed-a988-040300000000','Autorizar','Autorizar Cálculo','AUT','1a3baa30-436c-11ed-aea4-040300000000','973ecf89-38ff-11ed-aed0-040300000000','2022-11-03 09:43:25','2022-11-30 17:56:21','30adc962-7109-11ed-a880-040300000000','30adc962-7109-11ed-a880-040300000000',0),
('412a7a0f-5b8e-11ed-a988-040300000000','Enviar','Enviar Cálculo','ENV','1a3baa30-436c-11ed-aea4-040300000000','973ecf89-38ff-11ed-aed0-040300000000','2022-11-03 09:43:25','2022-11-30 17:56:21','30adc962-7109-11ed-a880-040300000000','30adc962-7109-11ed-a880-040300000000',0),
('412cae3d-5b8e-11ed-a988-040300000000','Agregar Ajuste','Agregar Ajuste a los cálculos','AAJUSTE','1a3baa30-436c-11ed-aea4-040300000000','973ecf89-38ff-11ed-aed0-040300000000','2022-11-03 09:43:25','2022-11-30 17:56:21','30adc962-7109-11ed-a880-040300000000','30adc962-7109-11ed-a880-040300000000',0),
('412df747-5b8e-11ed-a988-040300000000','Agregar','Agregar Registros','AGREG','bad4cf29-43ef-11ed-aea4-040300000000','973ecf89-38ff-11ed-aed0-040300000000','2022-11-03 09:43:25','2022-11-30 17:56:21','30adc962-7109-11ed-a880-040300000000','30adc962-7109-11ed-a880-040300000000',0),
('412f384f-5b8e-11ed-a988-040300000000','Cancelar','Cancelar Cálculo','CANC','bad4cf29-43ef-11ed-aea4-040300000000','973ecf89-38ff-11ed-aed0-040300000000','2022-11-03 09:43:25','2022-11-30 17:56:21','30adc962-7109-11ed-a880-040300000000','30adc962-7109-11ed-a880-040300000000',0),
('4130808f-5b8e-11ed-a988-040300000000','Trazabilidad','Ver Trazabilidad','TRAZA','bad4cf29-43ef-11ed-aea4-040300000000','973ecf89-38ff-11ed-aed0-040300000000','2022-11-03 09:43:25','2022-11-30 17:56:21','30adc962-7109-11ed-a880-040300000000','30adc962-7109-11ed-a880-040300000000',0),
('4131c397-5b8e-11ed-a988-040300000000','Autorizar','Autorizar Cálculo','AUT','bad4cf29-43ef-11ed-aea4-040300000000','973ecf89-38ff-11ed-aed0-040300000000','2022-11-03 09:43:25','2022-11-30 17:56:21','30adc962-7109-11ed-a880-040300000000','30adc962-7109-11ed-a880-040300000000',0),
('413303a8-5b8e-11ed-a988-040300000000','Enviar','Enviar Cálculo','ENV','bad4cf29-43ef-11ed-aea4-040300000000','973ecf89-38ff-11ed-aed0-040300000000','2022-11-03 09:43:25','2022-11-30 17:56:21','30adc962-7109-11ed-a880-040300000000','30adc962-7109-11ed-a880-040300000000',0),
('41344872-5b8e-11ed-a988-040300000000','Agregar Ajuste','Agregar Ajuste a los cálculos','AAJUSTE','bad4cf29-43ef-11ed-aea4-040300000000','973ecf89-38ff-11ed-aed0-040300000000','2022-11-03 09:43:25','2022-11-30 17:56:21','30adc962-7109-11ed-a880-040300000000','30adc962-7109-11ed-a880-040300000000',0),
('413594d1-5b8e-11ed-a988-040300000000','Agregar','Agregar Registros','AGREG','0ee92033-43f0-11ed-aea4-040300000000','973ecf89-38ff-11ed-aed0-040300000000','2022-11-03 09:43:25','2022-11-30 17:56:21','30adc962-7109-11ed-a880-040300000000','30adc962-7109-11ed-a880-040300000000',0),
('413877ed-5b8e-11ed-a988-040300000000','Cancelar','Cancelar Cálculo','CANC','0ee92033-43f0-11ed-aea4-040300000000','973ecf89-38ff-11ed-aed0-040300000000','2022-11-03 09:43:25','2022-11-30 17:56:21','30adc962-7109-11ed-a880-040300000000','30adc962-7109-11ed-a880-040300000000',0),
('413aab0d-5b8e-11ed-a988-040300000000','Trazabilidad','Ver Trazabilidad','TRAZA','0ee92033-43f0-11ed-aea4-040300000000','973ecf89-38ff-11ed-aed0-040300000000','2022-11-03 09:43:25','2022-11-30 17:56:21','30adc962-7109-11ed-a880-040300000000','30adc962-7109-11ed-a880-040300000000',0),
('413bf145-5b8e-11ed-a988-040300000000','Autorizar','Autorizar Cálculo','AUT','0ee92033-43f0-11ed-aea4-040300000000','973ecf89-38ff-11ed-aed0-040300000000','2022-11-03 09:43:25','2022-11-30 17:56:21','30adc962-7109-11ed-a880-040300000000','30adc962-7109-11ed-a880-040300000000',0),
('413d35ff-5b8e-11ed-a988-040300000000','Enviar','Enviar Cálculo','ENV','0ee92033-43f0-11ed-aea4-040300000000','973ecf89-38ff-11ed-aed0-040300000000','2022-11-03 09:43:25','2022-11-30 17:56:21','30adc962-7109-11ed-a880-040300000000','30adc962-7109-11ed-a880-040300000000',0),
('413e7683-5b8e-11ed-a988-040300000000','Agregar Ajuste','Agregar Ajuste a los cálculos','AAJUSTE','0ee92033-43f0-11ed-aea4-040300000000','973ecf89-38ff-11ed-aed0-040300000000','2022-11-03 09:43:25','2022-11-30 17:56:21','30adc962-7109-11ed-a880-040300000000','30adc962-7109-11ed-a880-040300000000',0),
('413fc2ec-5b8e-11ed-a988-040300000000','Agregar','Agregar Registros','AGREG','09dbe702-43ff-11ed-aea4-040300000000','973ecf89-38ff-11ed-aed0-040300000000','2022-11-03 09:43:25','2022-11-30 17:56:21','30adc962-7109-11ed-a880-040300000000','30adc962-7109-11ed-a880-040300000000',0),
('41410682-5b8e-11ed-a988-040300000000','Cancelar','Cancelar Cálculo','CANC','09dbe702-43ff-11ed-aea4-040300000000','973ecf89-38ff-11ed-aed0-040300000000','2022-11-03 09:43:25','2022-11-30 17:56:21','30adc962-7109-11ed-a880-040300000000','30adc962-7109-11ed-a880-040300000000',0),
('41424703-5b8e-11ed-a988-040300000000','Trazabilidad','Ver Trazabilidad','TRAZA','09dbe702-43ff-11ed-aea4-040300000000','973ecf89-38ff-11ed-aed0-040300000000','2022-11-03 09:43:25','2022-11-30 17:56:21','30adc962-7109-11ed-a880-040300000000','30adc962-7109-11ed-a880-040300000000',0),
('41438c5d-5b8e-11ed-a988-040300000000','Autorizar','Autorizar Cálculo','AUT','09dbe702-43ff-11ed-aea4-040300000000','973ecf89-38ff-11ed-aed0-040300000000','2022-11-03 09:43:25','2022-11-30 17:56:21','30adc962-7109-11ed-a880-040300000000','30adc962-7109-11ed-a880-040300000000',0),
('414675b7-5b8e-11ed-a988-040300000000','Enviar','Enviar Cálculo','ENV','09dbe702-43ff-11ed-aea4-040300000000','973ecf89-38ff-11ed-aed0-040300000000','2022-11-03 09:43:25','2022-11-30 17:56:21','30adc962-7109-11ed-a880-040300000000','30adc962-7109-11ed-a880-040300000000',0),
('4148a74d-5b8e-11ed-a988-040300000000','Agregar Ajuste','Agregar Ajuste a los cálculos','AAJUSTE','09dbe702-43ff-11ed-aea4-040300000000','973ecf89-38ff-11ed-aed0-040300000000','2022-11-03 09:43:25','2022-11-30 17:56:21','30adc962-7109-11ed-a880-040300000000','30adc962-7109-11ed-a880-040300000000',0),
('4149f154-5b8e-11ed-a988-040300000000','Agregar','Agregar Registros','AGREG','0eb1d899-4401-11ed-aea4-040300000000','973ecf89-38ff-11ed-aed0-040300000000','2022-11-03 09:43:25','2022-11-30 17:56:21','30adc962-7109-11ed-a880-040300000000','30adc962-7109-11ed-a880-040300000000',0),
('414b37ca-5b8e-11ed-a988-040300000000','Cancelar','Cancelar Cálculo','CANC','0eb1d899-4401-11ed-aea4-040300000000','973ecf89-38ff-11ed-aed0-040300000000','2022-11-03 09:43:25','2022-11-30 17:56:21','30adc962-7109-11ed-a880-040300000000','30adc962-7109-11ed-a880-040300000000',0),
('414c7ddf-5b8e-11ed-a988-040300000000','Trazabilidad','Ver Trazabilidad','TRAZA','0eb1d899-4401-11ed-aea4-040300000000','973ecf89-38ff-11ed-aed0-040300000000','2022-11-03 09:43:25','2022-11-30 17:56:21','30adc962-7109-11ed-a880-040300000000','30adc962-7109-11ed-a880-040300000000',0),
('414f5d8c-5b8e-11ed-a988-040300000000','Autorizar','Autorizar Cálculo','AUT','0eb1d899-4401-11ed-aea4-040300000000','973ecf89-38ff-11ed-aed0-040300000000','2022-11-03 09:43:25','2022-11-30 17:56:21','30adc962-7109-11ed-a880-040300000000','30adc962-7109-11ed-a880-040300000000',0),
('41519986-5b8e-11ed-a988-040300000000','Enviar','Enviar Cálculo','ENV','0eb1d899-4401-11ed-aea4-040300000000','973ecf89-38ff-11ed-aed0-040300000000','2022-11-03 09:43:25','2022-11-30 17:56:21','30adc962-7109-11ed-a880-040300000000','30adc962-7109-11ed-a880-040300000000',0),
('4152dad6-5b8e-11ed-a988-040300000000','Agregar Ajuste','Agregar Ajuste a los cálculos','AAJUSTE','0eb1d899-4401-11ed-aea4-040300000000','973ecf89-38ff-11ed-aed0-040300000000','2022-11-03 09:43:25','2022-11-30 17:56:21','30adc962-7109-11ed-a880-040300000000','30adc962-7109-11ed-a880-040300000000',0),
('415425b0-5b8e-11ed-a988-040300000000','Agregar','Agregar Registros','AGREG','74684762-4408-11ed-aea4-040300000000','973ecf89-38ff-11ed-aed0-040300000000','2022-11-03 09:43:25','2022-11-30 17:56:21','30adc962-7109-11ed-a880-040300000000','30adc962-7109-11ed-a880-040300000000',0),
('41556ca1-5b8e-11ed-a988-040300000000','Cancelar','Cancelar Cálculo','CANC','74684762-4408-11ed-aea4-040300000000','973ecf89-38ff-11ed-aed0-040300000000','2022-11-03 09:43:25','2022-11-30 17:56:21','30adc962-7109-11ed-a880-040300000000','30adc962-7109-11ed-a880-040300000000',0),
('4156b151-5b8e-11ed-a988-040300000000','Trazabilidad','Ver Trazabilidad','TRAZA','74684762-4408-11ed-aea4-040300000000','973ecf89-38ff-11ed-aed0-040300000000','2022-11-03 09:43:25','2022-11-30 17:56:21','30adc962-7109-11ed-a880-040300000000','30adc962-7109-11ed-a880-040300000000',0),
('41598aa2-5b8e-11ed-a988-040300000000','Autorizar','Autorizar Cálculo','AUT','74684762-4408-11ed-aea4-040300000000','973ecf89-38ff-11ed-aed0-040300000000','2022-11-03 09:43:25','2022-11-30 17:56:21','30adc962-7109-11ed-a880-040300000000','30adc962-7109-11ed-a880-040300000000',0),
('415bc897-5b8e-11ed-a988-040300000000','Enviar','Enviar Cálculo','ENV','74684762-4408-11ed-aea4-040300000000','973ecf89-38ff-11ed-aed0-040300000000','2022-11-03 09:43:25','2022-11-30 17:56:21','30adc962-7109-11ed-a880-040300000000','30adc962-7109-11ed-a880-040300000000',0),
('415d0e2c-5b8e-11ed-a988-040300000000','Agregar Ajuste','Agregar Ajuste a los cálculos','AAJUSTE','74684762-4408-11ed-aea4-040300000000','973ecf89-38ff-11ed-aed0-040300000000','2022-11-03 09:43:25','2022-11-30 17:56:21','30adc962-7109-11ed-a880-040300000000','30adc962-7109-11ed-a880-040300000000',0),
('415e5a07-5b8e-11ed-a988-040300000000','Agregar','Agregar Registros','AGREG','c74e096c-4437-11ed-aea4-040300000000','973ecf89-38ff-11ed-aed0-040300000000','2022-11-03 09:43:25','2022-11-30 17:56:21','30adc962-7109-11ed-a880-040300000000','30adc962-7109-11ed-a880-040300000000',0),
('415f9930-5b8e-11ed-a988-040300000000','Cancelar','Cancelar Cálculo','CANC','c74e096c-4437-11ed-aea4-040300000000','973ecf89-38ff-11ed-aed0-040300000000','2022-11-03 09:43:25','2022-11-30 17:56:21','30adc962-7109-11ed-a880-040300000000','30adc962-7109-11ed-a880-040300000000',0),
('4160df25-5b8e-11ed-a988-040300000000','Trazabilidad','Ver Trazabilidad','TRAZA','c74e096c-4437-11ed-aea4-040300000000','973ecf89-38ff-11ed-aed0-040300000000','2022-11-03 09:43:25','2022-11-30 17:56:21','30adc962-7109-11ed-a880-040300000000','30adc962-7109-11ed-a880-040300000000',0),
('4162251a-5b8e-11ed-a988-040300000000','Autorizar','Autorizar Cálculo','AUT','c74e096c-4437-11ed-aea4-040300000000','973ecf89-38ff-11ed-aed0-040300000000','2022-11-03 09:43:25','2022-11-30 17:56:21','30adc962-7109-11ed-a880-040300000000','30adc962-7109-11ed-a880-040300000000',0),
('41636480-5b8e-11ed-a988-040300000000','Enviar','Enviar Cálculo','ENV','c74e096c-4437-11ed-aea4-040300000000','973ecf89-38ff-11ed-aed0-040300000000','2022-11-03 09:43:25','2022-11-30 17:56:21','30adc962-7109-11ed-a880-040300000000','30adc962-7109-11ed-a880-040300000000',0),
('4164af12-5b8e-11ed-a988-040300000000','Agregar Ajuste','Agregar Ajuste a los cálculos','AAJUSTE','c74e096c-4437-11ed-aea4-040300000000','973ecf89-38ff-11ed-aed0-040300000000','2022-11-03 09:43:25','2022-11-30 17:56:21','30adc962-7109-11ed-a880-040300000000','30adc962-7109-11ed-a880-040300000000',0),
('43ca28f0-968f-11ed-a912-705a0f328da6','Enviar','Enviar Cálculo','ENV','74cbffab-95ef-11ed-a912-705a0f328da6','973ecf89-38ff-11ed-aed0-040300000000','2023-01-17 11:49:18','2023-01-17 11:49:18','30adc962-7109-11ed-a880-040300000000','30adc962-7109-11ed-a880-040300000000',0),
('43e44f35-e46a-11ed-b61c-2c4138b7dab1','Configurar Roles','Configurar Roles','CONFIGROL','fd244a6e-3f74-11ed-af5a-040300000000','973ecf89-38ff-11ed-aed0-040300000000','2023-04-26 13:40:57','2023-04-26 13:40:57','30adc962-7109-11ed-a880-040300000000','30adc962-7109-11ed-a880-040300000000',0),
('4427380a-7588-11ed-aad1-040300000000','Agregar','Agregar Registros','AGREG','d71b0eac-40df-11ed-af5a-040300000000','973ecf89-38ff-11ed-aed0-040300000000','2022-12-06 11:06:03','2022-12-06 11:06:03','30adc962-7109-11ed-a880-040300000000','30adc962-7109-11ed-a880-040300000000',0),
('4552bbc8-a26b-11ed-b561-2c4138b7dab1','Agregar','Agregar Registro','AGREG','3149fbd2-a26b-11ed-b561-2c4138b7dab1','973ecf89-38ff-11ed-aed0-040300000000','2023-02-01 14:01:52','2023-02-01 14:01:52','30adc962-7109-11ed-a880-040300000000','30adc962-7109-11ed-a880-040300000000',0),
('45be5d8f-e915-11ed-8002-d89d6776f970','Eliminación Masiva','Eliminación Masiva','ELIMMAS','a4cd8315-4fce-11ed-ab6c-040300000000','973ecf89-38ff-11ed-aed0-040300000000','2023-05-02 11:15:09','2023-05-02 11:15:09','30adc962-7109-11ed-a880-040300000000','30adc962-7109-11ed-a880-040300000000',0),
('48985181-211a-11ee-ac66-3cd92b4d9bf4','Editar','Editar Registros Registros','EDIT','7338024c-2119-11ee-ac66-3cd92b4d9bf4','161206bc-405b-11ee-8002-d89d6776f970','2023-07-12 13:08:56','2023-07-12 13:08:57','30adc962-7109-11ed-a880-040300000000','30adc962-7109-11ed-a880-040300000000',0),
('489f2b09-211a-11ee-ac66-3cd92b4d9bf4','Eliminar','Eliminar Registro','ELIM','7338024c-2119-11ee-ac66-3cd92b4d9bf4','161206bc-405b-11ee-8002-d89d6776f970','2023-07-12 13:08:56','2023-07-12 13:08:57','30adc962-7109-11ed-a880-040300000000','30adc962-7109-11ed-a880-040300000000',0),
('49be6ed4-815e-11ed-a963-040300000000','Eliminación Masiva','Eliminar mas de un elemento de forma directa. *Permiso Especial*','ELIMMAS','7f767eb1-4111-11ed-af5a-040300000000','973ecf89-38ff-11ed-aed0-040300000000','2022-12-21 12:35:48','2022-12-21 12:35:48','30adc962-7109-11ed-a880-040300000000','30adc962-7109-11ed-a880-040300000000',0),
('4b89f31b-e5e4-11ed-8002-d89d6776f970','Agregar Registros por plantilla','Agregar Registros por Plantilla','CARGPLAN','994bbea0-71b6-11ed-a880-040300000000','973ecf89-38ff-11ed-aed0-040300000000','2023-04-28 09:47:00','2023-04-28 09:47:00','30adc962-7109-11ed-a880-040300000000','30adc962-7109-11ed-a880-040300000000',0),
('4d99b201-7661-11ed-aad1-040300000000','AdminSolParticipaciones','Generacion de Splicitudes de Participaciones y Aportaciones Solo Para DAMOP','ADMINSOL','bfe5b905-6117-11ed-a880-040300000000','973ecf89-38ff-11ed-aed0-040300000000','2022-12-07 12:59:40','2022-12-07 12:59:40','30adc962-7109-11ed-a880-040300000000','30adc962-7109-11ed-a880-040300000000',0),
('4fb9affd-968f-11ed-a912-705a0f328da6','Trazabilidad','Ver Trazabilidad','TRAZA','74cbffab-95ef-11ed-a912-705a0f328da6','973ecf89-38ff-11ed-aed0-040300000000','2023-01-17 11:49:38','2023-01-17 11:49:38','30adc962-7109-11ed-a880-040300000000','30adc962-7109-11ed-a880-040300000000',0),
('4fe81fce-6085-11ed-a880-040300000000','Visualizar','Visualizar Ajustes','VIS','c40d55cb-40e0-11ed-af5a-040300000000','973ecf89-38ff-11ed-aed0-040300000000','2022-11-09 16:22:00','2022-11-30 17:56:21','30adc962-7109-11ed-a880-040300000000','30adc962-7109-11ed-a880-040300000000',0),
('50ec7155-fe46-11ed-8002-d89d6776f970','Recalcular Cálculo','Recalcular Cálculo','RECALCULAR','bad4cf29-43ef-11ed-aea4-040300000000','973ecf89-38ff-11ed-aed0-040300000000','2023-05-29 10:29:07','2023-05-29 10:29:07','30adc962-7109-11ed-a880-040300000000','30adc962-7109-11ed-a880-040300000000',0),
('54a3de6b-e46a-11ed-b61c-2c4138b7dab1','Configurar Organismos','Configurar Organismos','CONFIGORG','fd244a6e-3f74-11ed-af5a-040300000000','973ecf89-38ff-11ed-aed0-040300000000','2023-04-26 13:41:25','2023-04-26 13:41:25','30adc962-7109-11ed-a880-040300000000','30adc962-7109-11ed-a880-040300000000',0),
('55ff369f-d948-11ed-8002-d89d6776f970','CCALCULO','Cancelar cálculo','CCALCULO','74684762-4408-11ed-aea4-040300000000','973ecf89-38ff-11ed-aed0-040300000000','2023-04-12 08:40:22','2023-04-12 08:40:22','30adc962-7109-11ed-a880-040300000000','30adc962-7109-11ed-a880-040300000000',0),
('57420ee0-a269-11ed-b561-2c4138b7dab1','Agregar','Agregar Registros','AGREG','b4471dc5-a268-11ed-b561-2c4138b7dab1','973ecf89-38ff-11ed-aed0-040300000000','2023-02-01 13:48:03','2023-02-01 13:48:03','30adc962-7109-11ed-a880-040300000000','30adc962-7109-11ed-a880-040300000000',0),
('57bbe994-d898-11ed-b61c-2c4138b7dab1','Ver CFDI','Ver CFDI','VERCFDI','4f3569a6-66a2-11ed-a880-040300000000','973ecf89-38ff-11ed-aed0-040300000000','2023-04-11 12:40:33','2023-04-11 12:40:33','30adc962-7109-11ed-a880-040300000000','30adc962-7109-11ed-a880-040300000000',0),
('5e44829b-fe46-11ed-8002-d89d6776f970','Recalcular Cálculo','Recalcular Cálculo','RECALCULAR','c74e096c-4437-11ed-aea4-040300000000','973ecf89-38ff-11ed-aed0-040300000000','2023-05-29 10:29:30','2023-05-29 10:29:30','30adc962-7109-11ed-a880-040300000000','30adc962-7109-11ed-a880-040300000000',0),
('5f0ea9ad-968e-11ed-a912-705a0f328da6','Agregar','Agregar Registros','AGREG','74cbffab-95ef-11ed-a912-705a0f328da6','973ecf89-38ff-11ed-aed0-040300000000','2023-01-17 11:42:54','2023-01-17 11:46:00','30adc962-7109-11ed-a880-040300000000','30adc962-7109-11ed-a880-040300000000',0),
('5f73ab89-815f-11ed-a963-040300000000','Eliminación Masiva','Eliminar mas de un elemento de forma directa. *Permiso Especial*','ELIMMAS','8bf79e3e-40de-11ed-af5a-040300000000','973ecf89-38ff-11ed-aed0-040300000000','2022-12-21 12:43:34','2022-12-21 12:43:34','30adc962-7109-11ed-a880-040300000000','30adc962-7109-11ed-a880-040300000000',0),
('5fd960cf-0ad6-11ee-8002-d89d6776f970','Eliminar CFDI','Permiso para eliminar CFDI','ELIMCFDI','4f3569a6-66a2-11ed-a880-040300000000','973ecf89-38ff-11ed-aed0-040300000000','2023-06-14 10:10:34','2023-06-14 10:10:34','30adc962-7109-11ed-a880-040300000000','30adc962-7109-11ed-a880-040300000000',0),
('605e439b-5406-11ee-a933-236cb4402701','Distribuir en Fideicomisos','Distribuir en Fideicomisos','DISFIDE','4f3569a6-66a2-11ed-a880-040300000000','973ecf89-38ff-11ed-aed0-040300000000','2023-09-15 13:28:57','2023-09-15 13:28:58','30adc962-7109-11ed-a880-040300000000','30adc962-7109-11ed-a880-040300000000',0),
('62f69293-2fe7-11ee-8002-d89d6776f970','Agregar','Agregar','AGREGAR','a6679532-2cb1-11ee-8002-d89d6776f970','973ecf89-38ff-11ed-aed0-040300000000','2023-07-31 14:15:33','2023-07-31 14:15:33','30adc962-7109-11ed-a880-040300000000','30adc962-7109-11ed-a880-040300000000',0),
('63373174-a27b-11ed-b561-2c4138b7dab1','Agregar','Agregar Registros','AGREG','e884bd89-a267-11ed-b561-2c4138b7dab1','973ecf89-38ff-11ed-aed0-040300000000','2023-02-01 15:57:14','2023-02-01 16:13:56','30adc962-7109-11ed-a880-040300000000','30adc962-7109-11ed-a880-040300000000',0),
('633d1727-a27b-11ed-b561-2c4138b7dab1','Editar','Editar Registros','ELIM','e884bd89-a267-11ed-b561-2c4138b7dab1','973ecf89-38ff-11ed-aed0-040300000000','2023-02-01 15:57:14','2023-02-01 16:13:57','30adc962-7109-11ed-a880-040300000000','30adc962-7109-11ed-a880-040300000000',0),
('633e5a84-a27b-11ed-b561-2c4138b7dab1','Eliminar','Eliminar Registros','EDIT','e884bd89-a267-11ed-b561-2c4138b7dab1','973ecf89-38ff-11ed-aed0-040300000000','2023-02-01 15:57:14','2023-02-01 16:13:58','30adc962-7109-11ed-a880-040300000000','30adc962-7109-11ed-a880-040300000000',0),
('65735b2c-a269-11ed-b561-2c4138b7dab1','Editar','Editar Registros','EDIT','b4471dc5-a268-11ed-b561-2c4138b7dab1','973ecf89-38ff-11ed-aed0-040300000000','2023-02-01 13:48:27','2023-02-01 13:48:27','30adc962-7109-11ed-a880-040300000000','30adc962-7109-11ed-a880-040300000000',0),
('67113a79-d898-11ed-b61c-2c4138b7dab1','Descargar CFDI','Descargar CFDI','DESCARGARCFDI','4f3569a6-66a2-11ed-a880-040300000000','973ecf89-38ff-11ed-aed0-040300000000','2023-04-11 12:40:59','2023-04-11 12:40:59','30adc962-7109-11ed-a880-040300000000','30adc962-7109-11ed-a880-040300000000',0),
('67c2ffad-fe46-11ed-8002-d89d6776f970','Recalcular Cálculo','Recalcular Cálculo','RECALCULAR','1a3baa30-436c-11ed-aea4-040300000000','973ecf89-38ff-11ed-aed0-040300000000','2023-05-29 10:29:46','2023-05-29 10:29:46','30adc962-7109-11ed-a880-040300000000','30adc962-7109-11ed-a880-040300000000',0),
('6b80752e-2fe7-11ee-8002-d89d6776f970','Eliminar','Eliminar','ELIMINAR','a6679532-2cb1-11ee-8002-d89d6776f970','973ecf89-38ff-11ed-aed0-040300000000','2023-07-31 14:15:48','2023-07-31 14:15:48','30adc962-7109-11ed-a880-040300000000','30adc962-7109-11ed-a880-040300000000',0),
('6caac88e-a27a-11ed-b561-2c4138b7dab1','Eliminar','Eliminar Registro','ELIM','3149fbd2-a26b-11ed-b561-2c4138b7dab1','973ecf89-38ff-11ed-aed0-040300000000','2023-02-01 15:50:21','2023-02-01 15:50:21','30adc962-7109-11ed-a880-040300000000','30adc962-7109-11ed-a880-040300000000',0),
('6ce74f68-968e-11ed-a912-705a0f328da6','Autorizar','Autorizar Cálculo','AUT','74cbffab-95ef-11ed-a912-705a0f328da6','973ecf89-38ff-11ed-aed0-040300000000','2023-01-17 11:43:17','2023-01-17 11:46:02','30adc962-7109-11ed-a880-040300000000','30adc962-7109-11ed-a880-040300000000',0),
('6ed5312c-ff33-11ed-8002-d89d6776f970','Editar','Editar Nombre de Video','EDIT','37b2b3ba-ff33-11ed-8002-d89d6776f970','973ecf89-38ff-11ed-aed0-040300000000','2023-05-30 14:46:28','2023-05-30 14:46:28','30adc962-7109-11ed-a880-040300000000','30adc962-7109-11ed-a880-040300000000',0),
('6fc434ac-61e8-11ed-a880-040300000000','Agregar','Agregar Registros','AGREG','e326d92e-61e2-11ed-a880-040300000000','973ecf89-38ff-11ed-aed0-040300000000','2022-11-11 10:44:05','2022-11-30 17:56:21','30adc962-7109-11ed-a880-040300000000','30adc962-7109-11ed-a880-040300000000',0),
('6fc658d0-61e8-11ed-a880-040300000000','Editar','Editar Registros','EDIT','e326d92e-61e2-11ed-a880-040300000000','973ecf89-38ff-11ed-aed0-040300000000','2022-11-11 10:44:05','2022-11-30 17:56:21','30adc962-7109-11ed-a880-040300000000','30adc962-7109-11ed-a880-040300000000',0),
('6fca0dbe-61e8-11ed-a880-040300000000','Eliminar','Eliminar Registros','ELIM','e326d92e-61e2-11ed-a880-040300000000','973ecf89-38ff-11ed-aed0-040300000000','2022-11-11 10:44:05','2022-11-30 17:56:21','30adc962-7109-11ed-a880-040300000000','30adc962-7109-11ed-a880-040300000000',0),
('705fb215-fe46-11ed-8002-d89d6776f970','Recalcular Cálculo','Recalcular Cálculo','RECALCULAR','09dbe702-43ff-11ed-aea4-040300000000','973ecf89-38ff-11ed-aed0-040300000000','2023-05-29 10:30:00','2023-05-29 10:30:00','30adc962-7109-11ed-a880-040300000000','30adc962-7109-11ed-a880-040300000000',0),
('71106398-e3c2-11ed-b61c-2c4138b7dab1','Eliminar descuento','Permiso para eliminar descuento','ELIMDESC','4f3569a6-66a2-11ed-a880-040300000000','973ecf89-38ff-11ed-aed0-040300000000','2023-04-25 17:39:37','2023-04-25 17:39:37','30adc962-7109-11ed-a880-040300000000','30adc962-7109-11ed-a880-040300000000',0),
('71b76d38-7588-11ed-aad1-040300000000','Editar','Editar Registros','EDIT','d71b0eac-40df-11ed-af5a-040300000000','973ecf89-38ff-11ed-aed0-040300000000','2022-12-06 11:07:20','2022-12-06 11:07:20','30adc962-7109-11ed-a880-040300000000','30adc962-7109-11ed-a880-040300000000',0),
('790a0790-fe46-11ed-8002-d89d6776f970','Recalcular Cálculo','Recalcular Cálculo','RECALCULAR','0eb1d899-4401-11ed-aea4-040300000000','973ecf89-38ff-11ed-aed0-040300000000','2023-05-29 10:30:15','2023-05-29 10:30:15','30adc962-7109-11ed-a880-040300000000','30adc962-7109-11ed-a880-040300000000',0),
('7ac1ec3c-e3be-11ed-b61c-2c4138b7dab1','Editar Retenciones','Permiso para editar retenciones','EDITRETENCION','4f3569a6-66a2-11ed-a880-040300000000','973ecf89-38ff-11ed-aed0-040300000000','2023-04-25 17:11:16','2023-04-25 17:11:16','30adc962-7109-11ed-a880-040300000000','30adc962-7109-11ed-a880-040300000000',0),
('7b391b2d-50e2-11ee-a933-236cb4402701','AGREGPLANT','Carga Plantilla Municipios','AGREGPLANT','4f3569a6-66a2-11ed-a880-040300000000','973ecf89-38ff-11ed-aed0-040300000000','2023-09-11 13:34:32','2023-09-11 13:34:31','30adc962-7109-11ed-a880-040300000000','30adc962-7109-11ed-a880-040300000000',0),
('7bed21fa-815e-11ed-a963-040300000000','Eliminación Masiva','Eliminar mas de un elemento de forma directa. *Permiso Especial*','ELIMMAS','892ffcbf-40df-11ed-af5a-040300000000','973ecf89-38ff-11ed-aed0-040300000000','2022-12-21 12:37:12','2022-12-21 12:37:12','30adc962-7109-11ed-a880-040300000000','30adc962-7109-11ed-a880-040300000000',0),
('84cd8cbd-ff33-11ed-8002-d89d6776f970','Eliminar','Eliminar Video','ELIM','37b2b3ba-ff33-11ed-8002-d89d6776f970','973ecf89-38ff-11ed-aed0-040300000000','2023-05-30 14:47:05','2023-05-30 14:47:05','30adc962-7109-11ed-a880-040300000000','30adc962-7109-11ed-a880-040300000000',0),
('86a761ff-fb24-11ed-8002-d89d6776f970','Asigna Número de Solicitud de Pago','Asigna Número de Solicitud de Pago','ASIGNANUMEROORDENPAGO','4f3569a6-66a2-11ed-a880-040300000000','973ecf89-38ff-11ed-aed0-040300000000','2023-05-25 10:49:41','2023-05-25 10:49:41','30adc962-7109-11ed-a880-040300000000','30adc962-7109-11ed-a880-040300000000',0),
('88cfa3aa-e3c2-11ed-b61c-2c4138b7dab1','Editar descuento','Permiso para editar descuento','EDITDESC','4f3569a6-66a2-11ed-a880-040300000000','973ecf89-38ff-11ed-aed0-040300000000','2023-04-25 17:40:17','2023-04-25 17:40:17','30adc962-7109-11ed-a880-040300000000','30adc962-7109-11ed-a880-040300000000',0),
('904ec655-968e-11ed-a912-705a0f328da6','Cancelar','Cancelar Cálculo','CANC','74cbffab-95ef-11ed-a912-705a0f328da6','973ecf89-38ff-11ed-aed0-040300000000','2023-01-17 11:44:16','2023-01-17 11:44:16','30adc962-7109-11ed-a880-040300000000','30adc962-7109-11ed-a880-040300000000',0),
('908ec111-d898-11ed-b61c-2c4138b7dab1','Agregar CFDI','Agregar CFDI','AGREGCFDI','4f3569a6-66a2-11ed-a880-040300000000','973ecf89-38ff-11ed-aed0-040300000000','2023-04-11 12:42:09','2023-04-11 12:42:09','30adc962-7109-11ed-a880-040300000000','30adc962-7109-11ed-a880-040300000000',0),
('91751887-c8d0-11ed-b4d7-2c4138b7dab1','Cargar Plantilla','Cargar Plantilla','CARGPLAN','33058232-40de-11ed-af5a-040300000000','973ecf89-38ff-11ed-aed0-040300000000','2023-03-22 10:42:43','2023-03-22 10:42:43','30adc962-7109-11ed-a880-040300000000','30adc962-7109-11ed-a880-040300000000',0),
('93a0229c-e3bb-11ed-b61c-2c4138b7dab1','Agregar Detalle','Agregar Detalle en Header','AGREGDETALLE','4f3569a6-66a2-11ed-a880-040300000000','973ecf89-38ff-11ed-aed0-040300000000','2023-04-25 16:50:29','2023-04-25 16:50:29','30adc962-7109-11ed-a880-040300000000','30adc962-7109-11ed-a880-040300000000',0),
('94fdf508-e3bf-11ed-b61c-2c4138b7dab1','Eliminar detalle de cabecera','permiso para eliminar el detalle de la cabecera','ELIMDETCABECERA','4f3569a6-66a2-11ed-a880-040300000000','973ecf89-38ff-11ed-aed0-040300000000','2023-04-25 17:19:09','2023-04-25 17:19:09','30adc962-7109-11ed-a880-040300000000','30adc962-7109-11ed-a880-040300000000',0),
('9688d9d9-c445-11ed-b789-2c4138b7dab1','Segmentar Operacion','Segmentar Operacion','SEGM','4f3569a6-66a2-11ed-a880-040300000000','973ecf89-38ff-11ed-aed0-040300000000','2023-03-16 15:57:47','2023-03-16 15:57:47','30adc962-7109-11ed-a880-040300000000','30adc962-7109-11ed-a880-040300000000',0),
('96b1a1eb-5ad9-11ed-a988-040300000000','Agregar','Agregar Registros','AGREG','2795d150-4037-11ed-af5a-040300000000','973ecf89-38ff-11ed-aed0-040300000000','2022-11-02 12:10:10','2022-11-30 17:56:21','30adc962-7109-11ed-a880-040300000000','30adc962-7109-11ed-a880-040300000000',0),
('96b3f650-5ad9-11ed-a988-040300000000','Editar','Editar Registros','EDIT','2795d150-4037-11ed-af5a-040300000000','973ecf89-38ff-11ed-aed0-040300000000','2022-11-02 12:10:10','2022-11-30 17:56:21','30adc962-7109-11ed-a880-040300000000','30adc962-7109-11ed-a880-040300000000',0),
('96b5f1f8-5ad9-11ed-a988-040300000000','Eliminar','Eliminar Registros','ELIM','2795d150-4037-11ed-af5a-040300000000','973ecf89-38ff-11ed-aed0-040300000000','2022-11-02 12:10:10','2022-11-30 17:56:21','30adc962-7109-11ed-a880-040300000000','30adc962-7109-11ed-a880-040300000000',0),
('96f13cb7-e3c0-11ed-b61c-2c4138b7dab1','Editar Detalle de Cabecera','Permiso para editar detalle de cabecera','EDITARDETALLECABECERA','4f3569a6-66a2-11ed-a880-040300000000','973ecf89-38ff-11ed-aed0-040300000000','2023-04-25 17:26:22','2023-04-25 17:26:22','30adc962-7109-11ed-a880-040300000000','30adc962-7109-11ed-a880-040300000000',0),
('980312c9-e3be-11ed-b61c-2c4138b7dab1','Borrar Retenciones','Permiso para borrar retenciones','DELETERETEN','4f3569a6-66a2-11ed-a880-040300000000','973ecf89-38ff-11ed-aed0-040300000000','2023-04-25 17:12:05','2023-04-25 17:12:05','30adc962-7109-11ed-a880-040300000000','30adc962-7109-11ed-a880-040300000000',0),
('99b74add-e3c2-11ed-b61c-2c4138b7dab1','Agregar descuento','Permiso para agregar descuento','AGREGDESC','4f3569a6-66a2-11ed-a880-040300000000','973ecf89-38ff-11ed-aed0-040300000000','2023-04-25 17:40:46','2023-04-25 17:40:46','30adc962-7109-11ed-a880-040300000000','30adc962-7109-11ed-a880-040300000000',0),
('9b53b86a-7588-11ed-aad1-040300000000','Eliminar','Eliminar Registros','ELIM','d71b0eac-40df-11ed-af5a-040300000000','973ecf89-38ff-11ed-aed0-040300000000','2022-12-06 11:08:30','2022-12-06 11:08:30','30adc962-7109-11ed-a880-040300000000','30adc962-7109-11ed-a880-040300000000',0),
('a144c345-e5d9-11ed-8002-d89d6776f970','Carga Plantilla','Carga Registros desde Plantilla','CARGPLAN','8bf79e3e-40de-11ed-af5a-040300000000','973ecf89-38ff-11ed-aed0-040300000000','2023-04-28 08:30:39','2023-04-28 08:30:39','30adc962-7109-11ed-a880-040300000000','30adc962-7109-11ed-a880-040300000000',0),
('a1d506f5-a269-11ed-b561-2c4138b7dab1','Eliminar','Eliminar Registros','ELIM','b4471dc5-a268-11ed-b561-2c4138b7dab1','973ecf89-38ff-11ed-aed0-040300000000','2023-02-01 13:50:08','2023-02-01 13:50:08','30adc962-7109-11ed-a880-040300000000','30adc962-7109-11ed-a880-040300000000',0),
('a2147b50-c8d7-11ed-b4d7-2c4138b7dab1','Descargar Plantilla','Descargar Plantilla','DESPLAN','a4cd8315-4fce-11ed-ab6c-040300000000','973ecf89-38ff-11ed-aed0-040300000000','2023-03-22 11:33:18','2023-03-22 11:33:18','30adc962-7109-11ed-a880-040300000000','30adc962-7109-11ed-a880-040300000000',0),
('a5e26c24-65e5-11ed-a880-040300000000','Agregar','Agregar Registros','AGREG','ecf7d586-4f27-11ed-a964-040300000000','973ecf89-38ff-11ed-aed0-040300000000','2022-11-16 12:34:12','2022-11-30 17:56:21','30adc962-7109-11ed-a880-040300000000','30adc962-7109-11ed-a880-040300000000',0),
('a5e460a6-65e5-11ed-a880-040300000000','Editar','Editar Registros','EDIT','ecf7d586-4f27-11ed-a964-040300000000','973ecf89-38ff-11ed-aed0-040300000000','2022-11-16 12:34:12','2022-11-30 17:56:21','30adc962-7109-11ed-a880-040300000000','30adc962-7109-11ed-a880-040300000000',0),
('a5e5aca8-65e5-11ed-a880-040300000000','Eliminar','Eliminar Registros','ELIM','ecf7d586-4f27-11ed-a964-040300000000','973ecf89-38ff-11ed-aed0-040300000000','2022-11-16 12:34:12','2022-11-30 17:56:21','30adc962-7109-11ed-a880-040300000000','30adc962-7109-11ed-a880-040300000000',0),
('ab8f7267-5bbe-11ed-a988-040300000000','Agregar','Agregar Registros','AGREG','c12ae0ca-5544-11ed-a988-040300000000','973ecf89-38ff-11ed-aed0-040300000000','2022-11-03 15:29:59','2022-11-30 17:56:21','30adc962-7109-11ed-a880-040300000000','30adc962-7109-11ed-a880-040300000000',0),
('ab958600-5bbe-11ed-a988-040300000000','Editar','Editar Registros','EDIT','c12ae0ca-5544-11ed-a988-040300000000','973ecf89-38ff-11ed-aed0-040300000000','2022-11-03 15:29:59','2022-11-30 17:56:21','30adc962-7109-11ed-a880-040300000000','30adc962-7109-11ed-a880-040300000000',0),
('ab9832d3-5bbe-11ed-a988-040300000000','Eliminar','Eliminar Registros','ELIM','c12ae0ca-5544-11ed-a988-040300000000','973ecf89-38ff-11ed-aed0-040300000000','2022-11-03 15:29:59','2022-11-30 17:56:21','30adc962-7109-11ed-a880-040300000000','30adc962-7109-11ed-a880-040300000000',0),
('ab99868c-5bbe-11ed-a988-040300000000','Cancelar','Cancelar','CANC','c12ae0ca-5544-11ed-a988-040300000000','973ecf89-38ff-11ed-aed0-040300000000','2022-11-03 15:29:59','2022-11-30 17:56:21','30adc962-7109-11ed-a880-040300000000','30adc962-7109-11ed-a880-040300000000',0),
('ab9abbcc-5bbe-11ed-a988-040300000000','Autorizar','Autorizar','AUT','c12ae0ca-5544-11ed-a988-040300000000','973ecf89-38ff-11ed-aed0-040300000000','2022-11-03 15:29:59','2022-11-30 17:56:21','30adc962-7109-11ed-a880-040300000000','30adc962-7109-11ed-a880-040300000000',0),
('ace6886d-650b-11ed-a880-040300000000','Agregar','Agregar Registros','AGREG','a4cd8315-4fce-11ed-ab6c-040300000000','973ecf89-38ff-11ed-aed0-040300000000','2022-11-15 10:33:53','2022-11-30 17:56:21','30adc962-7109-11ed-a880-040300000000','30adc962-7109-11ed-a880-040300000000',0),
('acebcda6-650b-11ed-a880-040300000000','Editar','Editar Registros','EDIT','a4cd8315-4fce-11ed-ab6c-040300000000','973ecf89-38ff-11ed-aed0-040300000000','2022-11-15 10:33:53','2022-11-30 17:56:21','30adc962-7109-11ed-a880-040300000000','30adc962-7109-11ed-a880-040300000000',0),
('aced20cb-650b-11ed-a880-040300000000','Eliminar','Eliminar Registros','ELIM','a4cd8315-4fce-11ed-ab6c-040300000000','973ecf89-38ff-11ed-aed0-040300000000','2022-11-15 10:33:53','2022-11-30 17:56:21','30adc962-7109-11ed-a880-040300000000','30adc962-7109-11ed-a880-040300000000',0),
('ae568806-d3dd-11ed-b61c-2c4138b7dab1','SORGANISMOS','muestra filtro organismos','SORGANISMOS','4f3569a6-66a2-11ed-a880-040300000000','973ecf89-38ff-11ed-aed0-040300000000','2023-04-05 12:14:18','2023-04-05 12:14:18','30adc962-7109-11ed-a880-040300000000','30adc962-7109-11ed-a880-040300000000',0),
('b3288460-e3bd-11ed-b61c-2c4138b7dab1','Agregar Retenciones','Permiso para agregar retenciones','AGREGRETEN','4f3569a6-66a2-11ed-a880-040300000000','973ecf89-38ff-11ed-aed0-040300000000','2023-04-25 17:05:41','2023-04-25 17:05:41','30adc962-7109-11ed-a880-040300000000','30adc962-7109-11ed-a880-040300000000',0),
('b6fa7482-4c0d-11ee-8002-d89d6776f970','Agregar','Agregar Registros','AGREG','2d4dc45f-250b-11ee-977e-3cd92b4d9bf4','8f515fb3-1f77-11ee-ac66-3cd92b4d9bf4','2023-09-05 10:59:30','2023-09-05 10:59:30','30adc962-7109-11ed-a880-040300000000','30adc962-7109-11ed-a880-040300000000',0),
('b6fc45c1-4c0d-11ee-8002-d89d6776f970','Editar','Editar Registros Registros','EDIT','2d4dc45f-250b-11ee-977e-3cd92b4d9bf4','8f515fb3-1f77-11ee-ac66-3cd92b4d9bf4','2023-09-05 10:59:30','2023-09-05 10:59:30','30adc962-7109-11ed-a880-040300000000','30adc962-7109-11ed-a880-040300000000',0),
('b6fe13e9-4c0d-11ee-8002-d89d6776f970','Eliminar','Eliminar Registro','ELIM','2d4dc45f-250b-11ee-977e-3cd92b4d9bf4','8f515fb3-1f77-11ee-ac66-3cd92b4d9bf4','2023-09-05 10:59:30','2023-09-05 10:59:30','30adc962-7109-11ed-a880-040300000000','30adc962-7109-11ed-a880-040300000000',0),
('b7001d1e-4c0d-11ee-8002-d89d6776f970','Agregar','Agregar Registros','AGREG','2d528e7d-250b-11ee-977e-3cd92b4d9bf4','8f515fb3-1f77-11ee-ac66-3cd92b4d9bf4','2023-09-05 10:59:30','2023-09-05 10:59:30','30adc962-7109-11ed-a880-040300000000','30adc962-7109-11ed-a880-040300000000',0),
('b7025a48-4c0d-11ee-8002-d89d6776f970','Editar','Editar Registros Registros','EDIT','2d528e7d-250b-11ee-977e-3cd92b4d9bf4','8f515fb3-1f77-11ee-ac66-3cd92b4d9bf4','2023-09-05 10:59:30','2023-09-05 10:59:30','30adc962-7109-11ed-a880-040300000000','30adc962-7109-11ed-a880-040300000000',0),
('b7044f0a-4c0d-11ee-8002-d89d6776f970','Eliminar','Eliminar Registro','ELIM','2d528e7d-250b-11ee-977e-3cd92b4d9bf4','8f515fb3-1f77-11ee-ac66-3cd92b4d9bf4','2023-09-05 10:59:30','2023-09-05 10:59:30','30adc962-7109-11ed-a880-040300000000','30adc962-7109-11ed-a880-040300000000',0),
('b7066cde-4c0d-11ee-8002-d89d6776f970','Agregar','Agregar Registros','AGREG','2d54c92d-250b-11ee-977e-3cd92b4d9bf4','8f515fb3-1f77-11ee-ac66-3cd92b4d9bf4','2023-09-05 10:59:30','2023-09-05 10:59:30','30adc962-7109-11ed-a880-040300000000','30adc962-7109-11ed-a880-040300000000',0),
('b70829b8-4c0d-11ee-8002-d89d6776f970','Editar','Editar Registros Registros','EDIT','2d54c92d-250b-11ee-977e-3cd92b4d9bf4','8f515fb3-1f77-11ee-ac66-3cd92b4d9bf4','2023-09-05 10:59:30','2023-09-05 10:59:30','30adc962-7109-11ed-a880-040300000000','30adc962-7109-11ed-a880-040300000000',0),
('b70a4220-4c0d-11ee-8002-d89d6776f970','Eliminar','Eliminar Registro','ELIM','2d54c92d-250b-11ee-977e-3cd92b4d9bf4','8f515fb3-1f77-11ee-ac66-3cd92b4d9bf4','2023-09-05 10:59:30','2023-09-05 10:59:30','30adc962-7109-11ed-a880-040300000000','30adc962-7109-11ed-a880-040300000000',0),
('b70c8810-4c0d-11ee-8002-d89d6776f970','Agregar','Agregar Registros','AGREG','2d577aec-250b-11ee-977e-3cd92b4d9bf4','8f515fb3-1f77-11ee-ac66-3cd92b4d9bf4','2023-09-05 10:59:30','2023-09-05 10:59:30','30adc962-7109-11ed-a880-040300000000','30adc962-7109-11ed-a880-040300000000',0),
('b70f5797-4c0d-11ee-8002-d89d6776f970','Editar','Editar Registros Registros','EDIT','2d577aec-250b-11ee-977e-3cd92b4d9bf4','8f515fb3-1f77-11ee-ac66-3cd92b4d9bf4','2023-09-05 10:59:30','2023-09-05 10:59:30','30adc962-7109-11ed-a880-040300000000','30adc962-7109-11ed-a880-040300000000',0),
('b711c6ca-4c0d-11ee-8002-d89d6776f970','Eliminar','Eliminar Registro','ELIM','2d577aec-250b-11ee-977e-3cd92b4d9bf4','8f515fb3-1f77-11ee-ac66-3cd92b4d9bf4','2023-09-05 10:59:30','2023-09-05 10:59:30','30adc962-7109-11ed-a880-040300000000','30adc962-7109-11ed-a880-040300000000',0),
('b714960c-4c0d-11ee-8002-d89d6776f970','Agregar','Agregar Registros','AGREG','2d5984d1-250b-11ee-977e-3cd92b4d9bf4','8f515fb3-1f77-11ee-ac66-3cd92b4d9bf4','2023-09-05 10:59:30','2023-09-05 10:59:30','30adc962-7109-11ed-a880-040300000000','30adc962-7109-11ed-a880-040300000000',0),
('b717628a-4c0d-11ee-8002-d89d6776f970','Editar','Editar Registros Registros','EDIT','2d5984d1-250b-11ee-977e-3cd92b4d9bf4','8f515fb3-1f77-11ee-ac66-3cd92b4d9bf4','2023-09-05 10:59:30','2023-09-05 10:59:30','30adc962-7109-11ed-a880-040300000000','30adc962-7109-11ed-a880-040300000000',0),
('b7194d92-4c0d-11ee-8002-d89d6776f970','Eliminar','Eliminar Registro','ELIM','2d5984d1-250b-11ee-977e-3cd92b4d9bf4','8f515fb3-1f77-11ee-ac66-3cd92b4d9bf4','2023-09-05 10:59:30','2023-09-05 10:59:30','30adc962-7109-11ed-a880-040300000000','30adc962-7109-11ed-a880-040300000000',0),
('b71dfe88-4c0d-11ee-8002-d89d6776f970','Agregar','Agregar Registros','AGREG','2d5b9934-250b-11ee-977e-3cd92b4d9bf4','8f515fb3-1f77-11ee-ac66-3cd92b4d9bf4','2023-09-05 10:59:30','2023-09-05 10:59:30','30adc962-7109-11ed-a880-040300000000','30adc962-7109-11ed-a880-040300000000',0),
('b720d674-4c0d-11ee-8002-d89d6776f970','Editar','Editar Registros Registros','EDIT','2d5b9934-250b-11ee-977e-3cd92b4d9bf4','8f515fb3-1f77-11ee-ac66-3cd92b4d9bf4','2023-09-05 10:59:30','2023-09-05 10:59:30','30adc962-7109-11ed-a880-040300000000','30adc962-7109-11ed-a880-040300000000',0),
('b7232268-4c0d-11ee-8002-d89d6776f970','Eliminar','Eliminar Registro','ELIM','2d5b9934-250b-11ee-977e-3cd92b4d9bf4','8f515fb3-1f77-11ee-ac66-3cd92b4d9bf4','2023-09-05 10:59:30','2023-09-05 10:59:30','30adc962-7109-11ed-a880-040300000000','30adc962-7109-11ed-a880-040300000000',0),
('b7258525-4c0d-11ee-8002-d89d6776f970','Agregar','Agregar Registros','AGREG','2d5e0e90-250b-11ee-977e-3cd92b4d9bf4','8f515fb3-1f77-11ee-ac66-3cd92b4d9bf4','2023-09-05 10:59:30','2023-09-05 10:59:30','30adc962-7109-11ed-a880-040300000000','30adc962-7109-11ed-a880-040300000000',0),
('b7278939-4c0d-11ee-8002-d89d6776f970','Editar','Editar Registros Registros','EDIT','2d5e0e90-250b-11ee-977e-3cd92b4d9bf4','8f515fb3-1f77-11ee-ac66-3cd92b4d9bf4','2023-09-05 10:59:30','2023-09-05 10:59:30','30adc962-7109-11ed-a880-040300000000','30adc962-7109-11ed-a880-040300000000',0),
('b72a0599-4c0d-11ee-8002-d89d6776f970','Eliminar','Eliminar Registro','ELIM','2d5e0e90-250b-11ee-977e-3cd92b4d9bf4','8f515fb3-1f77-11ee-ac66-3cd92b4d9bf4','2023-09-05 10:59:30','2023-09-05 10:59:30','30adc962-7109-11ed-a880-040300000000','30adc962-7109-11ed-a880-040300000000',0),
('b72c4cbe-4c0d-11ee-8002-d89d6776f970','Agregar','Agregar Registros','AGREG','8233e6c7-251b-11ee-977e-3cd92b4d9bf4','8f515fb3-1f77-11ee-ac66-3cd92b4d9bf4','2023-09-05 10:59:30','2023-09-05 10:59:30','30adc962-7109-11ed-a880-040300000000','30adc962-7109-11ed-a880-040300000000',0),
('b72eaf40-4c0d-11ee-8002-d89d6776f970','Editar','Editar Registros Registros','EDIT','8233e6c7-251b-11ee-977e-3cd92b4d9bf4','8f515fb3-1f77-11ee-ac66-3cd92b4d9bf4','2023-09-05 10:59:30','2023-09-05 10:59:30','30adc962-7109-11ed-a880-040300000000','30adc962-7109-11ed-a880-040300000000',0),
('b730d56b-4c0d-11ee-8002-d89d6776f970','Eliminar','Eliminar Registro','ELIM','8233e6c7-251b-11ee-977e-3cd92b4d9bf4','8f515fb3-1f77-11ee-ac66-3cd92b4d9bf4','2023-09-05 10:59:30','2023-09-05 10:59:30','30adc962-7109-11ed-a880-040300000000','30adc962-7109-11ed-a880-040300000000',0),
('b732e28b-4c0d-11ee-8002-d89d6776f970','Agregar','Agregar Registros','AGREG','8d2fbe01-2aa2-11ee-ab48-3cd92b4d9bf4','8f515fb3-1f77-11ee-ac66-3cd92b4d9bf4','2023-09-05 10:59:30','2023-09-05 10:59:30','30adc962-7109-11ed-a880-040300000000','30adc962-7109-11ed-a880-040300000000',0),
('b7351770-4c0d-11ee-8002-d89d6776f970','Editar','Editar Registros Registros','EDIT','8d2fbe01-2aa2-11ee-ab48-3cd92b4d9bf4','8f515fb3-1f77-11ee-ac66-3cd92b4d9bf4','2023-09-05 10:59:30','2023-09-05 10:59:30','30adc962-7109-11ed-a880-040300000000','30adc962-7109-11ed-a880-040300000000',0),
('b737cda6-4c0d-11ee-8002-d89d6776f970','Eliminar','Eliminar Registro','ELIM','8d2fbe01-2aa2-11ee-ab48-3cd92b4d9bf4','8f515fb3-1f77-11ee-ac66-3cd92b4d9bf4','2023-09-05 10:59:30','2023-09-05 10:59:30','30adc962-7109-11ed-a880-040300000000','30adc962-7109-11ed-a880-040300000000',0),
('b73a00cc-4c0d-11ee-8002-d89d6776f970','Agregar','Agregar Registros','AGREG','9088b4f4-2119-11ee-ac66-3cd92b4d9bf4','8f515fb3-1f77-11ee-ac66-3cd92b4d9bf4','2023-09-05 10:59:30','2023-09-05 10:59:30','30adc962-7109-11ed-a880-040300000000','30adc962-7109-11ed-a880-040300000000',0),
('b73c62b7-4c0d-11ee-8002-d89d6776f970','Editar','Editar Registros Registros','EDIT','9088b4f4-2119-11ee-ac66-3cd92b4d9bf4','8f515fb3-1f77-11ee-ac66-3cd92b4d9bf4','2023-09-05 10:59:30','2023-09-05 10:59:30','30adc962-7109-11ed-a880-040300000000','30adc962-7109-11ed-a880-040300000000',0),
('b73e71c2-4c0d-11ee-8002-d89d6776f970','Eliminar','Eliminar Registro','ELIM','9088b4f4-2119-11ee-ac66-3cd92b4d9bf4','8f515fb3-1f77-11ee-ac66-3cd92b4d9bf4','2023-09-05 10:59:30','2023-09-05 10:59:30','30adc962-7109-11ed-a880-040300000000','30adc962-7109-11ed-a880-040300000000',0),
('b74198b5-4c0d-11ee-8002-d89d6776f970','Agregar','Agregar Registros','AGREG','cb0864f6-251b-11ee-977e-3cd92b4d9bf4','8f515fb3-1f77-11ee-ac66-3cd92b4d9bf4','2023-09-05 10:59:30','2023-09-05 10:59:30','30adc962-7109-11ed-a880-040300000000','30adc962-7109-11ed-a880-040300000000',0),
('b743aecf-4c0d-11ee-8002-d89d6776f970','Editar','Editar Registros Registros','EDIT','cb0864f6-251b-11ee-977e-3cd92b4d9bf4','8f515fb3-1f77-11ee-ac66-3cd92b4d9bf4','2023-09-05 10:59:30','2023-09-05 10:59:30','30adc962-7109-11ed-a880-040300000000','30adc962-7109-11ed-a880-040300000000',0),
('b745b469-4c0d-11ee-8002-d89d6776f970','Eliminar','Eliminar Registro','ELIM','cb0864f6-251b-11ee-977e-3cd92b4d9bf4','8f515fb3-1f77-11ee-ac66-3cd92b4d9bf4','2023-09-05 10:59:30','2023-09-05 10:59:30','30adc962-7109-11ed-a880-040300000000','30adc962-7109-11ed-a880-040300000000',0),
('b7479ded-4c0d-11ee-8002-d89d6776f970','Agregar','Agregar Registros','AGREG','cb0d7e31-251b-11ee-977e-3cd92b4d9bf4','8f515fb3-1f77-11ee-ac66-3cd92b4d9bf4','2023-09-05 10:59:30','2023-09-05 10:59:30','30adc962-7109-11ed-a880-040300000000','30adc962-7109-11ed-a880-040300000000',0),
('b75bd49f-4c0d-11ee-8002-d89d6776f970','Editar','Editar Registros Registros','EDIT','cb0d7e31-251b-11ee-977e-3cd92b4d9bf4','8f515fb3-1f77-11ee-ac66-3cd92b4d9bf4','2023-09-05 10:59:30','2023-09-05 10:59:30','30adc962-7109-11ed-a880-040300000000','30adc962-7109-11ed-a880-040300000000',0),
('b75ff892-4c0d-11ee-8002-d89d6776f970','Eliminar','Eliminar Registro','ELIM','cb0d7e31-251b-11ee-977e-3cd92b4d9bf4','8f515fb3-1f77-11ee-ac66-3cd92b4d9bf4','2023-09-05 10:59:30','2023-09-05 10:59:30','30adc962-7109-11ed-a880-040300000000','30adc962-7109-11ed-a880-040300000000',0),
('b763411f-4c0d-11ee-8002-d89d6776f970','Agregar','Agregar Registros','AGREG','d8640e55-3c92-11ee-aedd-3cd92b4d9bf4','8f515fb3-1f77-11ee-ac66-3cd92b4d9bf4','2023-09-05 10:59:30','2023-09-05 10:59:30','30adc962-7109-11ed-a880-040300000000','30adc962-7109-11ed-a880-040300000000',0),
('b76655a9-4c0d-11ee-8002-d89d6776f970','Editar','Editar Registros Registros','EDIT','d8640e55-3c92-11ee-aedd-3cd92b4d9bf4','8f515fb3-1f77-11ee-ac66-3cd92b4d9bf4','2023-09-05 10:59:31','2023-09-05 10:59:31','30adc962-7109-11ed-a880-040300000000','30adc962-7109-11ed-a880-040300000000',0),
('b7687389-4c0d-11ee-8002-d89d6776f970','Eliminar','Eliminar Registro','ELIM','d8640e55-3c92-11ee-aedd-3cd92b4d9bf4','8f515fb3-1f77-11ee-ac66-3cd92b4d9bf4','2023-09-05 10:59:31','2023-09-05 10:59:31','30adc962-7109-11ed-a880-040300000000','30adc962-7109-11ed-a880-040300000000',0),
('b9b34ae5-51cf-11ee-a933-236cb4402701','Agregar','Agregar Registros','AGREG','3a63e59f-4ce6-11ee-b06d-3cd92b4d9bf4','161206bc-405b-11ee-8002-d89d6776f970','2023-09-12 17:51:51','2023-09-12 17:51:51','30adc962-7109-11ed-a880-040300000000','30adc962-7109-11ed-a880-040300000000',0),
('b9b82ee2-51cf-11ee-a933-236cb4402701','Editar','Editar Registros Registros','EDIT','3a63e59f-4ce6-11ee-b06d-3cd92b4d9bf4','161206bc-405b-11ee-8002-d89d6776f970','2023-09-12 17:51:51','2023-09-12 17:51:51','30adc962-7109-11ed-a880-040300000000','30adc962-7109-11ed-a880-040300000000',0),
('b9c10267-51cf-11ee-a933-236cb4402701','Eliminar','Eliminar Registro','ELIM','3a63e59f-4ce6-11ee-b06d-3cd92b4d9bf4','161206bc-405b-11ee-8002-d89d6776f970','2023-09-12 17:51:51','2023-09-12 17:51:51','30adc962-7109-11ed-a880-040300000000','30adc962-7109-11ed-a880-040300000000',0),
('bb79aecf-e469-11ed-b61c-2c4138b7dab1','Eliminar','Permiso para Solicitar la baja de un usuario','ELIM','fd244a6e-3f74-11ed-af5a-040300000000','973ecf89-38ff-11ed-aed0-040300000000','2023-04-26 13:37:08','2023-04-26 13:37:08','30adc962-7109-11ed-a880-040300000000','30adc962-7109-11ed-a880-040300000000',0),
('bc14e80d-d3dd-11ed-b61c-2c4138b7dab1','SESTATUS','muestra filtro estatus','SESTATUS','4f3569a6-66a2-11ed-a880-040300000000','973ecf89-38ff-11ed-aed0-040300000000','2023-04-05 12:14:41','2023-04-05 12:14:41','30adc962-7109-11ed-a880-040300000000','30adc962-7109-11ed-a880-040300000000',0),
('bef19547-6b52-11ed-a880-040300000000','Agregar','Agregar Registros','AGREG','56e1c8a0-6b52-11ed-a880-040300000000','973ecf89-38ff-11ed-aed0-040300000000','2022-11-23 10:17:45','2022-11-30 17:56:21','30adc962-7109-11ed-a880-040300000000','30adc962-7109-11ed-a880-040300000000',0),
('bef31bdc-6b52-11ed-a880-040300000000','Editar','Editar Registros','EDIT','56e1c8a0-6b52-11ed-a880-040300000000','973ecf89-38ff-11ed-aed0-040300000000','2022-11-23 10:17:45','2022-11-30 17:56:21','30adc962-7109-11ed-a880-040300000000','30adc962-7109-11ed-a880-040300000000',0),
('bef701aa-6b52-11ed-a880-040300000000','Eliminar','Eliminar Registros','ELIM','56e1c8a0-6b52-11ed-a880-040300000000','973ecf89-38ff-11ed-aed0-040300000000','2022-11-23 10:17:45','2022-11-30 17:56:21','30adc962-7109-11ed-a880-040300000000','30adc962-7109-11ed-a880-040300000000',0),
('c16f3408-16d4-11ee-8002-d89d6776f970','Eliminar de Forma Masiva','Eliminar de Forma Masiva','ELIMMAS','4ac87d9e-16ca-11ee-8002-d89d6776f970','973ecf89-38ff-11ed-aed0-040300000000','2023-06-29 16:29:12','2023-06-29 16:29:12','30adc962-7109-11ed-a880-040300000000','30adc962-7109-11ed-a880-040300000000',0),
('c1a02304-77e2-11ed-aad1-040300000000','Editar','Editar Registros','EDIT','ac3decc1-77e0-11ed-aad1-040300000000','973ecf89-38ff-11ed-aed0-040300000000','2022-11-03 10:09:44','2022-11-30 17:56:21','30adc962-7109-11ed-a880-040300000000','30adc962-7109-11ed-a880-040300000000',0),
('c1a42a11-77e2-11ed-aad1-040300000000','Agregar','Agregar Registros','AGREG','ac3decc1-77e0-11ed-aad1-040300000000','973ecf89-38ff-11ed-aed0-040300000000','2022-11-03 09:50:02','2022-11-30 17:56:21','30adc962-7109-11ed-a880-040300000000','30adc962-7109-11ed-a880-040300000000',0),
('c1a5b89a-77e2-11ed-aad1-040300000000','Cancelar','Cancelar Cálculo','CANC','ac3decc1-77e0-11ed-aad1-040300000000','973ecf89-38ff-11ed-aed0-040300000000','2022-11-03 09:50:02','2022-11-30 17:56:21','30adc962-7109-11ed-a880-040300000000','30adc962-7109-11ed-a880-040300000000',0),
('c1a7dcee-77e2-11ed-aad1-040300000000','Trazabilidad','Ver Trazabilidad','TRAZA','ac3decc1-77e0-11ed-aad1-040300000000','973ecf89-38ff-11ed-aed0-040300000000','2022-11-03 09:50:02','2022-11-30 17:56:21','30adc962-7109-11ed-a880-040300000000','30adc962-7109-11ed-a880-040300000000',0),
('c1a957ea-77e2-11ed-aad1-040300000000','Autorizar','Autorizar Cálculo','AUT','ac3decc1-77e0-11ed-aad1-040300000000','973ecf89-38ff-11ed-aed0-040300000000','2022-11-03 09:50:02','2022-11-30 17:56:21','30adc962-7109-11ed-a880-040300000000','30adc962-7109-11ed-a880-040300000000',0),
('c1ab0cca-77e2-11ed-aad1-040300000000','Enviar','Enviar Cálculo','ENV','ac3decc1-77e0-11ed-aad1-040300000000','973ecf89-38ff-11ed-aed0-040300000000','2022-11-03 09:50:02','2022-11-30 17:56:21','30adc962-7109-11ed-a880-040300000000','30adc962-7109-11ed-a880-040300000000',0),
('c1ad9021-77e2-11ed-aad1-040300000000','Agregar Ajuste','Agregar Ajuste a los cálculos','AAJUSTE','ac3decc1-77e0-11ed-aad1-040300000000','973ecf89-38ff-11ed-aed0-040300000000','2022-11-03 09:50:02','2022-12-02 12:00:25','30adc962-7109-11ed-a880-040300000000','30adc962-7109-11ed-a880-040300000000',0),
('c1b218af-77e2-11ed-aad1-040300000000','Editar','Editar Registros','EDIT','ee272ae7-77e0-11ed-aad1-040300000000','973ecf89-38ff-11ed-aed0-040300000000','2022-11-03 10:09:44','2022-11-30 17:56:21','30adc962-7109-11ed-a880-040300000000','30adc962-7109-11ed-a880-040300000000',0),
('c1b4e2d7-77e2-11ed-aad1-040300000000','Agregar','Agregar Registros','AGREG','ee272ae7-77e0-11ed-aad1-040300000000','973ecf89-38ff-11ed-aed0-040300000000','2022-11-03 09:50:02','2022-11-30 17:56:21','30adc962-7109-11ed-a880-040300000000','30adc962-7109-11ed-a880-040300000000',0),
('c1b83bd1-77e2-11ed-aad1-040300000000','Cancelar','Cancelar Cálculo','CANC','ee272ae7-77e0-11ed-aad1-040300000000','973ecf89-38ff-11ed-aed0-040300000000','2022-11-03 09:50:02','2022-11-30 17:56:21','30adc962-7109-11ed-a880-040300000000','30adc962-7109-11ed-a880-040300000000',0),
('c1bb194c-77e2-11ed-aad1-040300000000','Trazabilidad','Ver Trazabilidad','TRAZA','ee272ae7-77e0-11ed-aad1-040300000000','973ecf89-38ff-11ed-aed0-040300000000','2022-11-03 09:50:02','2022-11-30 17:56:21','30adc962-7109-11ed-a880-040300000000','30adc962-7109-11ed-a880-040300000000',0),
('c1bd5a46-77e2-11ed-aad1-040300000000','Autorizar','Autorizar Cálculo','AUT','ee272ae7-77e0-11ed-aad1-040300000000','973ecf89-38ff-11ed-aed0-040300000000','2022-11-03 09:50:02','2022-11-30 17:56:21','30adc962-7109-11ed-a880-040300000000','30adc962-7109-11ed-a880-040300000000',0),
('c1c06fa5-77e2-11ed-aad1-040300000000','Enviar','Enviar Cálculo','ENV','ee272ae7-77e0-11ed-aad1-040300000000','973ecf89-38ff-11ed-aed0-040300000000','2022-11-03 09:50:02','2022-11-30 17:56:21','30adc962-7109-11ed-a880-040300000000','30adc962-7109-11ed-a880-040300000000',0),
('c1c4e0f4-77e2-11ed-aad1-040300000000','Agregar Ajuste','Agregar Ajuste a los cálculos','AAJUSTE','ee272ae7-77e0-11ed-aad1-040300000000','973ecf89-38ff-11ed-aed0-040300000000','2022-11-03 09:50:02','2022-12-02 12:00:25','30adc962-7109-11ed-a880-040300000000','30adc962-7109-11ed-a880-040300000000',0),
('c1c6a9fa-77e2-11ed-aad1-040300000000','Editar','Editar Registros','EDIT','07626fa5-77e1-11ed-aad1-040300000000','973ecf89-38ff-11ed-aed0-040300000000','2022-11-03 10:09:44','2022-11-30 17:56:21','30adc962-7109-11ed-a880-040300000000','30adc962-7109-11ed-a880-040300000000',0),
('c1c90ff4-77e2-11ed-aad1-040300000000','Agregar','Agregar Registros','AGREG','07626fa5-77e1-11ed-aad1-040300000000','973ecf89-38ff-11ed-aed0-040300000000','2022-11-03 09:50:02','2022-11-30 17:56:21','30adc962-7109-11ed-a880-040300000000','30adc962-7109-11ed-a880-040300000000',0),
('c1cbbe49-77e2-11ed-aad1-040300000000','Cancelar','Cancelar Cálculo','CANC','07626fa5-77e1-11ed-aad1-040300000000','973ecf89-38ff-11ed-aed0-040300000000','2022-11-03 09:50:02','2022-11-30 17:56:21','30adc962-7109-11ed-a880-040300000000','30adc962-7109-11ed-a880-040300000000',0),
('c1ce0e27-77e2-11ed-aad1-040300000000','Trazabilidad','Ver Trazabilidad','TRAZA','07626fa5-77e1-11ed-aad1-040300000000','973ecf89-38ff-11ed-aed0-040300000000','2022-11-03 09:50:02','2022-11-30 17:56:21','30adc962-7109-11ed-a880-040300000000','30adc962-7109-11ed-a880-040300000000',0),
('c1d162f7-77e2-11ed-aad1-040300000000','Autorizar','Autorizar Cálculo','AUT','07626fa5-77e1-11ed-aad1-040300000000','973ecf89-38ff-11ed-aed0-040300000000','2022-11-03 09:50:02','2022-11-30 17:56:21','30adc962-7109-11ed-a880-040300000000','30adc962-7109-11ed-a880-040300000000',0),
('c1d3fb08-77e2-11ed-aad1-040300000000','Enviar','Enviar Cálculo','ENV','07626fa5-77e1-11ed-aad1-040300000000','973ecf89-38ff-11ed-aed0-040300000000','2022-11-03 09:50:02','2022-11-30 17:56:21','30adc962-7109-11ed-a880-040300000000','30adc962-7109-11ed-a880-040300000000',0),
('c1d646ca-77e2-11ed-aad1-040300000000','Agregar Ajuste','Agregar Ajuste a los cálculos','AAJUSTE','07626fa5-77e1-11ed-aad1-040300000000','973ecf89-38ff-11ed-aed0-040300000000','2022-11-03 09:50:02','2022-12-02 12:00:25','30adc962-7109-11ed-a880-040300000000','30adc962-7109-11ed-a880-040300000000',0),
('c6796d23-815f-11ed-a963-040300000000','Eliminación Masiva','Eliminar mas de un elemento de forma directa. *Permiso Especial*','ELIMMAS','94263848-40df-11ed-af5a-040300000000','973ecf89-38ff-11ed-aed0-040300000000','2022-12-21 12:46:27','2022-12-21 12:46:27','30adc962-7109-11ed-a880-040300000000','30adc962-7109-11ed-a880-040300000000',0),
('c89686b8-d3dd-11ed-b61c-2c4138b7dab1','STIPOSOLICITUD','muestra filtro tipo solicitud','STIPOSOLICITUD','4f3569a6-66a2-11ed-a880-040300000000','973ecf89-38ff-11ed-aed0-040300000000','2023-04-05 12:15:02','2023-04-05 12:15:02','30adc962-7109-11ed-a880-040300000000','30adc962-7109-11ed-a880-040300000000',0),
('c8c0bd39-6158-11ed-a880-040300000000','Agregar','Agregar Registros','AGREG','7a5a469c-6158-11ed-a880-040300000000','973ecf89-38ff-11ed-aed0-040300000000','2022-11-10 17:35:47','2022-11-30 17:56:21','30adc962-7109-11ed-a880-040300000000','30adc962-7109-11ed-a880-040300000000',0),
('c8c1fc7a-6158-11ed-a880-040300000000','Editar','Editar Registros','EDIT','7a5a469c-6158-11ed-a880-040300000000','973ecf89-38ff-11ed-aed0-040300000000','2022-11-10 17:35:47','2022-11-30 17:56:21','30adc962-7109-11ed-a880-040300000000','30adc962-7109-11ed-a880-040300000000',0),
('c8c7e433-6158-11ed-a880-040300000000','Eliminar','Eliminar Registros','ELIM','7a5a469c-6158-11ed-a880-040300000000','973ecf89-38ff-11ed-aed0-040300000000','2022-11-10 17:35:47','2022-11-30 17:56:21','30adc962-7109-11ed-a880-040300000000','30adc962-7109-11ed-a880-040300000000',0),
('ca190e6e-16d4-11ee-8002-d89d6776f970','Descargar Plantilla','Descargar Plantilla','DESPLAN','4ac87d9e-16ca-11ee-8002-d89d6776f970','973ecf89-38ff-11ed-aed0-040300000000','2023-06-29 16:29:27','2023-06-29 16:29:27','30adc962-7109-11ed-a880-040300000000','30adc962-7109-11ed-a880-040300000000',0),
('ce58b273-7587-11ed-aad1-040300000000','Agregar','Agregar Registros','AGREG','c8bbd4f0-40df-11ed-af5a-040300000000','973ecf89-38ff-11ed-aed0-040300000000','2022-12-06 11:02:46','2022-12-06 11:03:37','30adc962-7109-11ed-a880-040300000000','30adc962-7109-11ed-a880-040300000000',0),
('d29b1111-d3dd-11ed-b61c-2c4138b7dab1','SFONDO','Muestra filtro fondo','SFONDO','4f3569a6-66a2-11ed-a880-040300000000','973ecf89-38ff-11ed-aed0-040300000000','2023-04-05 12:15:19','2023-04-05 12:15:19','30adc962-7109-11ed-a880-040300000000','30adc962-7109-11ed-a880-040300000000',0),
('d46f7cca-16d4-11ee-8002-d89d6776f970','Cargar Plantilla','Cargar Plantilla','CARGPLAN','4ac87d9e-16ca-11ee-8002-d89d6776f970','973ecf89-38ff-11ed-aed0-040300000000','2023-06-29 16:29:44','2023-06-29 16:29:44','30adc962-7109-11ed-a880-040300000000','30adc962-7109-11ed-a880-040300000000',0),
('d483b2c7-24f7-11ee-977e-3cd92b4d9bf4','Agregar','Agregar Registros','AGREG','a30613a1-24f7-11ee-977e-3cd92b4d9bf4','161206bc-405b-11ee-8002-d89d6776f970','2023-07-12 13:08:56','2023-07-12 13:08:57','30adc962-7109-11ed-a880-040300000000','30adc962-7109-11ed-a880-040300000000',0),
('d4887338-24f7-11ee-977e-3cd92b4d9bf4','Editar','Editar Registros Registros','EDIT','a30613a1-24f7-11ee-977e-3cd92b4d9bf4','161206bc-405b-11ee-8002-d89d6776f970','2023-07-12 13:08:56','2023-07-12 13:08:57','30adc962-7109-11ed-a880-040300000000','30adc962-7109-11ed-a880-040300000000',0),
('d48ad8e0-24f7-11ee-977e-3cd92b4d9bf4','Eliminar','Eliminar Registro','ELIM','a30613a1-24f7-11ee-977e-3cd92b4d9bf4','161206bc-405b-11ee-8002-d89d6776f970','2023-07-12 13:08:56','2023-07-12 13:08:57','30adc962-7109-11ed-a880-040300000000','30adc962-7109-11ed-a880-040300000000',0),
('d651e7cc-815f-11ed-a963-040300000000','Eliminación Masiva','Eliminar mas de un elemento de forma directa. *Permiso Especial*','ELIMMAS','b3a6d6a6-40de-11ed-af5a-040300000000','973ecf89-38ff-11ed-aed0-040300000000','2022-12-21 12:46:53','2022-12-21 12:46:53','30adc962-7109-11ed-a880-040300000000','30adc962-7109-11ed-a880-040300000000',0),
('d810be07-5c9c-11ed-a880-040300000000','Agregar','Agregar Registros','AGREG','a351bada-4010-11ed-af5a-040300000000','973ecf89-38ff-11ed-aed0-040300000000','2022-11-04 17:00:22','2022-11-30 17:56:21','30adc962-7109-11ed-a880-040300000000','30adc962-7109-11ed-a880-040300000000',0),
('d812b07f-5c9c-11ed-a880-040300000000','Editar','Editar Registros','EDIT','a351bada-4010-11ed-af5a-040300000000','973ecf89-38ff-11ed-aed0-040300000000','2022-11-04 17:00:22','2022-11-30 17:56:21','30adc962-7109-11ed-a880-040300000000','30adc962-7109-11ed-a880-040300000000',0),
('d813dec3-5c9c-11ed-a880-040300000000','Eliminar','Eliminar Registros','ELIM','a351bada-4010-11ed-af5a-040300000000','973ecf89-38ff-11ed-aed0-040300000000','2022-11-04 17:00:22','2022-11-30 17:56:21','30adc962-7109-11ed-a880-040300000000','30adc962-7109-11ed-a880-040300000000',0),
('d81524dc-5c9c-11ed-a880-040300000000','Visualizar Fideicomisos','Visualizar Fideicomisos','FIDE','a351bada-4010-11ed-af5a-040300000000','973ecf89-38ff-11ed-aed0-040300000000','2022-11-04 17:00:22','2022-11-30 17:56:21','30adc962-7109-11ed-a880-040300000000','30adc962-7109-11ed-a880-040300000000',0),
('d8166a5b-5c9c-11ed-a880-040300000000','Visualizar Cuentas Bancarias','Visualizar Cuentas Bancarias','VIEWCC','a351bada-4010-11ed-af5a-040300000000','973ecf89-38ff-11ed-aed0-040300000000','2022-11-04 17:00:22','2022-11-30 17:56:21','30adc962-7109-11ed-a880-040300000000','30adc962-7109-11ed-a880-040300000000',0),
('d8f3d1e6-e5e3-11ed-8002-d89d6776f970','Carga Plantilla migracion','carga plantilla migración','CARGPLAN','a4cd8315-4fce-11ed-ab6c-040300000000','973ecf89-38ff-11ed-aed0-040300000000','2023-04-28 09:43:47','2023-04-28 09:43:47','30adc962-7109-11ed-a880-040300000000','30adc962-7109-11ed-a880-040300000000',0),
('d9693834-5ad1-11ed-a988-040300000000','Agregar','Agregar Registros','AGREG','9095c472-509e-11ed-ab6c-040300000000','973ecf89-38ff-11ed-aed0-040300000000','2022-11-02 11:14:46','2022-11-30 17:56:21','30adc962-7109-11ed-a880-040300000000','30adc962-7109-11ed-a880-040300000000',0),
('d97198b6-5ad1-11ed-a988-040300000000','Editar','Editar Registros','EDIT','9095c472-509e-11ed-ab6c-040300000000','973ecf89-38ff-11ed-aed0-040300000000','2022-11-02 11:14:46','2022-11-30 17:56:21','30adc962-7109-11ed-a880-040300000000','30adc962-7109-11ed-a880-040300000000',0),
('d973635c-5ad1-11ed-a988-040300000000','Eliminar','Eliminar Registros','ELIM','9095c472-509e-11ed-ab6c-040300000000','973ecf89-38ff-11ed-aed0-040300000000','2022-11-02 11:14:46','2022-11-30 17:56:21','30adc962-7109-11ed-a880-040300000000','30adc962-7109-11ed-a880-040300000000',0),
('dc8bf81f-5351-11ee-a933-236cb4402701','Agregar','Agregar Registros','AGREG','830dd02e-5351-11ee-a933-236cb4402701','161206bc-405b-11ee-8002-d89d6776f970','2023-09-14 15:55:55','2023-09-14 15:55:55','30adc962-7109-11ed-a880-040300000000','30adc962-7109-11ed-a880-040300000000',0),
('dc9184c9-5351-11ee-a933-236cb4402701','Editar','Editar Registros Registros','EDIT','830dd02e-5351-11ee-a933-236cb4402701','161206bc-405b-11ee-8002-d89d6776f970','2023-09-14 15:55:55','2023-09-14 15:55:55','30adc962-7109-11ed-a880-040300000000','30adc962-7109-11ed-a880-040300000000',0),
('dc9378e7-5351-11ee-a933-236cb4402701','Eliminar','Eliminar Registro','ELIM','830dd02e-5351-11ee-a933-236cb4402701','161206bc-405b-11ee-8002-d89d6776f970','2023-09-14 15:55:55','2023-09-14 15:55:55','30adc962-7109-11ed-a880-040300000000','30adc962-7109-11ed-a880-040300000000',0),
('dcdfe2b9-220f-11ee-ac66-3cd92b4d9bf4','Agregar','Agregar Registros','AGREG','1b5310b5-220f-11ee-ac66-3cd92b4d9bf4','161206bc-405b-11ee-8002-d89d6776f970','2023-07-12 13:08:56','2023-07-12 13:08:57','30adc962-7109-11ed-a880-040300000000','30adc962-7109-11ed-a880-040300000000',0),
('dce4257b-220f-11ee-ac66-3cd92b4d9bf4','Editar','Editar Registros Registros','EDIT','1b5310b5-220f-11ee-ac66-3cd92b4d9bf4','161206bc-405b-11ee-8002-d89d6776f970','2023-07-12 13:08:56','2023-07-12 13:08:57','30adc962-7109-11ed-a880-040300000000','30adc962-7109-11ed-a880-040300000000',0),
('dce6368c-220f-11ee-ac66-3cd92b4d9bf4','Eliminar','Eliminar Registro','ELIM','1b5310b5-220f-11ee-ac66-3cd92b4d9bf4','161206bc-405b-11ee-8002-d89d6776f970','2023-07-12 13:08:56','2023-07-12 13:08:57','30adc962-7109-11ed-a880-040300000000','30adc962-7109-11ed-a880-040300000000',0),
('dcfda2ed-c450-11ed-b789-2c4138b7dab1','Agregar Numero de Póliza','Permiso para asignar número de póliza','POLIZASPEIDAF','519c292a-5f00-11ed-a880-040300000000','973ecf89-38ff-11ed-aed0-040300000000','2023-03-16 17:18:30','2023-03-16 17:18:30','30adc962-7109-11ed-a880-040300000000','30adc962-7109-11ed-a880-040300000000',0),
('dee97a80-c40f-11ed-b789-2c4138b7dab1','Agregar Spei','Permiso para gregar spei','AGREGSPEI','519c292a-5f00-11ed-a880-040300000000','973ecf89-38ff-11ed-aed0-040300000000','2023-03-16 09:33:16','2023-03-16 09:33:16','30adc962-7109-11ed-a880-040300000000','30adc962-7109-11ed-a880-040300000000',0),
('dfec6aed-d3dd-11ed-b61c-2c4138b7dab1','SMUNICIPIO','Muestra filtro muncipio','SMUNICIPIO','4f3569a6-66a2-11ed-a880-040300000000','973ecf89-38ff-11ed-aed0-040300000000','2023-04-05 12:15:41','2023-04-05 12:15:41','30adc962-7109-11ed-a880-040300000000','30adc962-7109-11ed-a880-040300000000',0),
('e00ebe78-d7ca-11ed-b61c-2c4138b7dab1','INSERTAREG','Insertar Registro','INSERTAREG','4f3569a6-66a2-11ed-a880-040300000000','973ecf89-38ff-11ed-aed0-040300000000','2023-04-10 12:09:46','2023-04-10 12:09:46','30adc962-7109-11ed-a880-040300000000','30adc962-7109-11ed-a880-040300000000',0),
('e0fd5b6c-d3e9-11ed-b61c-2c4138b7dab1','ELIMINA','Elimina operacion individual','ELIMINA','4f3569a6-66a2-11ed-a880-040300000000','973ecf89-38ff-11ed-aed0-040300000000','2023-04-05 13:41:37','2023-04-05 13:41:37','30adc962-7109-11ed-a880-040300000000','30adc962-7109-11ed-a880-040300000000',0),
('e2527f85-b9f6-11ed-b789-2c4138b7dab1','test','test','tes','04257f84-a346-11ed-b561-2c4138b7dab1','973ecf89-38ff-11ed-aed0-040300000000','2023-03-03 13:09:12','2023-03-07 16:47:18','30adc962-7109-11ed-a880-040300000000','30adc962-7109-11ed-a880-040300000000',0),
('e2c584a7-5ad1-11ed-a988-040300000000','Agregar','Agregar Registros','AGREG','85a9ac03-5094-11ed-ab6c-040300000000','973ecf89-38ff-11ed-aed0-040300000000','2022-11-02 11:15:01','2022-11-30 17:56:21','30adc962-7109-11ed-a880-040300000000','30adc962-7109-11ed-a880-040300000000',0),
('e2c75af3-5ad1-11ed-a988-040300000000','Editar','Editar Registros','EDIT','85a9ac03-5094-11ed-ab6c-040300000000','973ecf89-38ff-11ed-aed0-040300000000','2022-11-02 11:15:01','2022-11-30 17:56:21','30adc962-7109-11ed-a880-040300000000','30adc962-7109-11ed-a880-040300000000',0),
('e2c89af5-5ad1-11ed-a988-040300000000','Eliminar','Eliminar Registros','ELIM','85a9ac03-5094-11ed-ab6c-040300000000','973ecf89-38ff-11ed-aed0-040300000000','2022-11-02 11:15:01','2022-11-30 17:56:21','30adc962-7109-11ed-a880-040300000000','30adc962-7109-11ed-a880-040300000000',0),
('e3d7673f-6130-11ed-a880-040300000000','Agregar','Agregar Registros','AGREG','da6aba58-4500-11ed-aea4-040300000000','973ecf89-38ff-11ed-aed0-040300000000','2022-11-10 12:50:12','2022-11-30 17:56:21','30adc962-7109-11ed-a880-040300000000','30adc962-7109-11ed-a880-040300000000',0),
('e3de8807-6130-11ed-a880-040300000000','Cancelar','Cancelar Cálculo','CANC','da6aba58-4500-11ed-aea4-040300000000','973ecf89-38ff-11ed-aed0-040300000000','2022-11-10 12:50:12','2022-11-30 17:56:21','30adc962-7109-11ed-a880-040300000000','30adc962-7109-11ed-a880-040300000000',0),
('e3e0caa6-6130-11ed-a880-040300000000','Trazabilidad','Ver Trazabilidad','TRAZA','da6aba58-4500-11ed-aea4-040300000000','973ecf89-38ff-11ed-aed0-040300000000','2022-11-10 12:50:12','2022-11-30 17:56:21','30adc962-7109-11ed-a880-040300000000','30adc962-7109-11ed-a880-040300000000',0),
('e3e3b74b-6130-11ed-a880-040300000000','Autorizar','Autorizar Cálculo','AUT','da6aba58-4500-11ed-aea4-040300000000','973ecf89-38ff-11ed-aed0-040300000000','2022-11-10 12:50:12','2022-11-30 17:56:21','30adc962-7109-11ed-a880-040300000000','30adc962-7109-11ed-a880-040300000000',0),
('e3e5e4e1-6130-11ed-a880-040300000000','Enviar','Enviar Cálculo','ENV','da6aba58-4500-11ed-aea4-040300000000','973ecf89-38ff-11ed-aed0-040300000000','2022-11-10 12:50:12','2022-11-30 17:56:21','30adc962-7109-11ed-a880-040300000000','30adc962-7109-11ed-a880-040300000000',0),
('e3e810df-6130-11ed-a880-040300000000','Agregar','Agregar Registros','AGREG','c1ac8fed-4500-11ed-aea4-040300000000','973ecf89-38ff-11ed-aed0-040300000000','2022-11-10 12:50:12','2022-11-30 17:56:21','30adc962-7109-11ed-a880-040300000000','30adc962-7109-11ed-a880-040300000000',0),
('e3e9fd86-6130-11ed-a880-040300000000','Cancelar','Cancelar Cálculo','CANC','c1ac8fed-4500-11ed-aea4-040300000000','973ecf89-38ff-11ed-aed0-040300000000','2022-11-10 12:50:12','2022-11-30 17:56:21','30adc962-7109-11ed-a880-040300000000','30adc962-7109-11ed-a880-040300000000',0),
('e3ec06ab-6130-11ed-a880-040300000000','Trazabilidad','Ver Trazabilidad','TRAZA','c1ac8fed-4500-11ed-aea4-040300000000','973ecf89-38ff-11ed-aed0-040300000000','2022-11-10 12:50:12','2022-11-30 17:56:21','30adc962-7109-11ed-a880-040300000000','30adc962-7109-11ed-a880-040300000000',0),
('e3ede209-6130-11ed-a880-040300000000','Autorizar','Autorizar Cálculo','AUT','c1ac8fed-4500-11ed-aea4-040300000000','973ecf89-38ff-11ed-aed0-040300000000','2022-11-10 12:50:12','2022-11-30 17:56:21','30adc962-7109-11ed-a880-040300000000','30adc962-7109-11ed-a880-040300000000',0),
('e3f05b06-6130-11ed-a880-040300000000','Enviar','Enviar Cálculo','ENV','c1ac8fed-4500-11ed-aea4-040300000000','973ecf89-38ff-11ed-aed0-040300000000','2022-11-10 12:50:12','2022-11-30 17:56:21','30adc962-7109-11ed-a880-040300000000','30adc962-7109-11ed-a880-040300000000',0),
('e3f29b6b-6130-11ed-a880-040300000000','Agregar','Agregar Registros','AGREG','949c760e-4500-11ed-aea4-040300000000','973ecf89-38ff-11ed-aed0-040300000000','2022-11-10 12:50:12','2022-11-30 17:56:21','30adc962-7109-11ed-a880-040300000000','30adc962-7109-11ed-a880-040300000000',0),
('e3f4d02f-6130-11ed-a880-040300000000','Cancelar','Cancelar Cálculo','CANC','949c760e-4500-11ed-aea4-040300000000','973ecf89-38ff-11ed-aed0-040300000000','2022-11-10 12:50:12','2022-11-30 17:56:21','30adc962-7109-11ed-a880-040300000000','30adc962-7109-11ed-a880-040300000000',0),
('e3f7658e-6130-11ed-a880-040300000000','Trazabilidad','Ver Trazabilidad','TRAZA','949c760e-4500-11ed-aea4-040300000000','973ecf89-38ff-11ed-aed0-040300000000','2022-11-10 12:50:12','2022-11-30 17:56:21','30adc962-7109-11ed-a880-040300000000','30adc962-7109-11ed-a880-040300000000',0),
('e3f9ac2b-6130-11ed-a880-040300000000','Autorizar','Autorizar Cálculo','AUT','949c760e-4500-11ed-aea4-040300000000','973ecf89-38ff-11ed-aed0-040300000000','2022-11-10 12:50:12','2022-11-30 17:56:21','30adc962-7109-11ed-a880-040300000000','30adc962-7109-11ed-a880-040300000000',0),
('e3fc2ee8-6130-11ed-a880-040300000000','Enviar','Enviar Cálculo','ENV','949c760e-4500-11ed-aea4-040300000000','973ecf89-38ff-11ed-aed0-040300000000','2022-11-10 12:50:12','2022-11-30 17:56:21','30adc962-7109-11ed-a880-040300000000','30adc962-7109-11ed-a880-040300000000',0),
('e4233d72-c42d-11ed-b789-2c4138b7dab1','Ver Trazabilidad','Ver Trazabilidad DAF','TRAZASPEIDAF','519c292a-5f00-11ed-a880-040300000000','973ecf89-38ff-11ed-aed0-040300000000','2023-03-16 13:08:09','2023-03-16 13:08:09','30adc962-7109-11ed-a880-040300000000','30adc962-7109-11ed-a880-040300000000',0),
('e57396c6-815f-11ed-a963-040300000000','Eliminación Masiva','Eliminar mas de un elemento de forma directa. *Permiso Especial*','ELIMMAS','c8bbd4f0-40df-11ed-af5a-040300000000','973ecf89-38ff-11ed-aed0-040300000000','2022-12-21 12:47:18','2022-12-21 12:47:18','30adc962-7109-11ed-a880-040300000000','30adc962-7109-11ed-a880-040300000000',0),
('e92b1608-e3b9-11ed-b61c-2c4138b7dab1','Editar Cabecera','Permiso para editar la cabecera','EDITCAB','4f3569a6-66a2-11ed-a880-040300000000','973ecf89-38ff-11ed-aed0-040300000000','2023-04-25 16:38:33','2023-04-25 16:38:33','30adc962-7109-11ed-a880-040300000000','30adc962-7109-11ed-a880-040300000000',0),
('e9bc605b-0fa0-11ee-8002-d89d6776f970','Agregar','Agregar Registros','AGREG','9aa105ea-b868-11ed-8002-d89d6776f970','973ecf89-38ff-11ed-aed0-040300000000','2023-06-20 12:30:28','2023-06-20 12:30:28','30adc962-7109-11ed-a880-040300000000','30adc962-7109-11ed-a880-040300000000',0),
('ea0a6152-5ebe-11ed-a880-040300000000','Agregar','Agregar Registros','AGREG','06fdfe19-53ce-11ed-ab6c-040300000000','973ecf89-38ff-11ed-aed0-040300000000','2022-11-07 10:09:18','2022-11-30 17:56:21','30adc962-7109-11ed-a880-040300000000','30adc962-7109-11ed-a880-040300000000',0),
('ea0d8cdc-5ebe-11ed-a880-040300000000','Editar','Editar Registros','EDIT','06fdfe19-53ce-11ed-ab6c-040300000000','973ecf89-38ff-11ed-aed0-040300000000','2022-11-07 10:09:18','2022-11-30 17:56:21','30adc962-7109-11ed-a880-040300000000','30adc962-7109-11ed-a880-040300000000',0),
('ea0ed1c6-5ebe-11ed-a880-040300000000','Eliminar','Eliminar Registros','ELIM','06fdfe19-53ce-11ed-ab6c-040300000000','973ecf89-38ff-11ed-aed0-040300000000','2022-11-07 10:09:18','2022-11-30 17:56:21','30adc962-7109-11ed-a880-040300000000','30adc962-7109-11ed-a880-040300000000',0),
('ea101867-5ebe-11ed-a880-040300000000','Agregar','Agregar Registros','AGREG','072aade5-4344-11ed-aea4-040300000000','973ecf89-38ff-11ed-aed0-040300000000','2022-11-07 10:09:18','2022-11-30 17:56:21','30adc962-7109-11ed-a880-040300000000','30adc962-7109-11ed-a880-040300000000',0),
('ea152e5b-5ebe-11ed-a880-040300000000','Editar','Editar Registros','EDIT','072aade5-4344-11ed-aea4-040300000000','973ecf89-38ff-11ed-aed0-040300000000','2022-11-07 10:09:18','2022-11-30 17:56:21','30adc962-7109-11ed-a880-040300000000','30adc962-7109-11ed-a880-040300000000',0),
('ea167388-5ebe-11ed-a880-040300000000','Eliminar','Eliminar Registros','ELIM','072aade5-4344-11ed-aea4-040300000000','973ecf89-38ff-11ed-aed0-040300000000','2022-11-07 10:09:18','2022-11-30 17:56:21','30adc962-7109-11ed-a880-040300000000','30adc962-7109-11ed-a880-040300000000',0),
('ea17b9cb-5ebe-11ed-a880-040300000000','Agregar','Agregar Registros','AGREG','33058232-40de-11ed-af5a-040300000000','973ecf89-38ff-11ed-aed0-040300000000','2022-11-07 10:09:18','2022-11-30 17:56:21','30adc962-7109-11ed-a880-040300000000','30adc962-7109-11ed-a880-040300000000',0),
('ea1d7707-5ebe-11ed-a880-040300000000','Editar','Editar Registros','EDIT','33058232-40de-11ed-af5a-040300000000','973ecf89-38ff-11ed-aed0-040300000000','2022-11-07 10:09:18','2022-11-30 17:56:21','30adc962-7109-11ed-a880-040300000000','30adc962-7109-11ed-a880-040300000000',0),
('ea1f5ba5-5ebe-11ed-a880-040300000000','Eliminar','Eliminar Registros','ELIM','33058232-40de-11ed-af5a-040300000000','973ecf89-38ff-11ed-aed0-040300000000','2022-11-07 10:09:18','2022-11-30 17:56:21','30adc962-7109-11ed-a880-040300000000','30adc962-7109-11ed-a880-040300000000',0),
('ea20a181-5ebe-11ed-a880-040300000000','Agregar','Agregar Registros','AGREG','7f767eb1-4111-11ed-af5a-040300000000','973ecf89-38ff-11ed-aed0-040300000000','2022-11-07 10:09:18','2022-11-30 17:56:21','30adc962-7109-11ed-a880-040300000000','30adc962-7109-11ed-a880-040300000000',0),
('ea21e66d-5ebe-11ed-a880-040300000000','Editar','Editar Registros','EDIT','7f767eb1-4111-11ed-af5a-040300000000','973ecf89-38ff-11ed-aed0-040300000000','2022-11-07 10:09:18','2022-11-30 17:56:21','30adc962-7109-11ed-a880-040300000000','30adc962-7109-11ed-a880-040300000000',0),
('ea232c05-5ebe-11ed-a880-040300000000','Eliminar','Eliminar Registros','ELIM','7f767eb1-4111-11ed-af5a-040300000000','973ecf89-38ff-11ed-aed0-040300000000','2022-11-07 10:09:18','2022-11-30 17:56:21','30adc962-7109-11ed-a880-040300000000','30adc962-7109-11ed-a880-040300000000',0),
('ea246d16-5ebe-11ed-a880-040300000000','Agregar','Agregar Registros','AGREG','892ffcbf-40df-11ed-af5a-040300000000','973ecf89-38ff-11ed-aed0-040300000000','2022-11-07 10:09:18','2022-11-30 17:56:21','30adc962-7109-11ed-a880-040300000000','30adc962-7109-11ed-a880-040300000000',0),
('ea25b120-5ebe-11ed-a880-040300000000','Editar','Editar Registros','EDIT','892ffcbf-40df-11ed-af5a-040300000000','973ecf89-38ff-11ed-aed0-040300000000','2022-11-07 10:09:18','2022-11-30 17:56:21','30adc962-7109-11ed-a880-040300000000','30adc962-7109-11ed-a880-040300000000',0),
('ea26fc18-5ebe-11ed-a880-040300000000','Eliminar','Eliminar Registros','ELIM','892ffcbf-40df-11ed-af5a-040300000000','973ecf89-38ff-11ed-aed0-040300000000','2022-11-07 10:09:18','2022-11-30 17:56:21','30adc962-7109-11ed-a880-040300000000','30adc962-7109-11ed-a880-040300000000',0),
('ea283dab-5ebe-11ed-a880-040300000000','Agregar','Agregar Registros','AGREG','8bf79e3e-40de-11ed-af5a-040300000000','973ecf89-38ff-11ed-aed0-040300000000','2022-11-07 10:09:18','2022-11-30 17:56:21','30adc962-7109-11ed-a880-040300000000','30adc962-7109-11ed-a880-040300000000',0),
('ea2e00cf-5ebe-11ed-a880-040300000000','Editar','Editar Registros','EDIT','8bf79e3e-40de-11ed-af5a-040300000000','973ecf89-38ff-11ed-aed0-040300000000','2022-11-07 10:09:18','2022-11-30 17:56:21','30adc962-7109-11ed-a880-040300000000','30adc962-7109-11ed-a880-040300000000',0),
('ea2fe423-5ebe-11ed-a880-040300000000','Eliminar','Eliminar Registros','ELIM','8bf79e3e-40de-11ed-af5a-040300000000','973ecf89-38ff-11ed-aed0-040300000000','2022-11-07 10:09:18','2022-11-30 17:56:21','30adc962-7109-11ed-a880-040300000000','30adc962-7109-11ed-a880-040300000000',0),
('ea312a5b-5ebe-11ed-a880-040300000000','Agregar','Agregar Registros','AGREG','94263848-40df-11ed-af5a-040300000000','973ecf89-38ff-11ed-aed0-040300000000','2022-11-07 10:09:18','2022-11-30 17:56:21','30adc962-7109-11ed-a880-040300000000','30adc962-7109-11ed-a880-040300000000',0),
('ea32692b-5ebe-11ed-a880-040300000000','Editar','Editar Registros','EDIT','94263848-40df-11ed-af5a-040300000000','973ecf89-38ff-11ed-aed0-040300000000','2022-11-07 10:09:18','2022-11-30 17:56:21','30adc962-7109-11ed-a880-040300000000','30adc962-7109-11ed-a880-040300000000',0),
('ea33af79-5ebe-11ed-a880-040300000000','Eliminar','Eliminar Registros','ELIM','94263848-40df-11ed-af5a-040300000000','973ecf89-38ff-11ed-aed0-040300000000','2022-11-07 10:09:18','2022-11-30 17:56:21','30adc962-7109-11ed-a880-040300000000','30adc962-7109-11ed-a880-040300000000',0),
('ea34f4c7-5ebe-11ed-a880-040300000000','Agregar','Agregar Registros','AGREG','a21e7880-40df-11ed-af5a-040300000000','973ecf89-38ff-11ed-aed0-040300000000','2022-11-07 10:09:18','2022-11-30 17:56:21','30adc962-7109-11ed-a880-040300000000','30adc962-7109-11ed-a880-040300000000',0),
('ea363f9e-5ebe-11ed-a880-040300000000','Editar','Editar Registros','EDIT','a21e7880-40df-11ed-af5a-040300000000','973ecf89-38ff-11ed-aed0-040300000000','2022-11-07 10:09:18','2022-11-30 17:56:21','30adc962-7109-11ed-a880-040300000000','30adc962-7109-11ed-a880-040300000000',0),
('ea37805f-5ebe-11ed-a880-040300000000','Eliminar','Eliminar Registros','ELIM','a21e7880-40df-11ed-af5a-040300000000','973ecf89-38ff-11ed-aed0-040300000000','2022-11-07 10:09:18','2022-11-30 17:56:21','30adc962-7109-11ed-a880-040300000000','30adc962-7109-11ed-a880-040300000000',0),
('ea3ab9d0-5ebe-11ed-a880-040300000000','Agregar','Agregar Registros','AGREG','b034d2a0-40df-11ed-af5a-040300000000','973ecf89-38ff-11ed-aed0-040300000000','2022-11-07 10:09:18','2022-11-30 17:56:21','30adc962-7109-11ed-a880-040300000000','30adc962-7109-11ed-a880-040300000000',0),
('ea3c9c28-5ebe-11ed-a880-040300000000','Editar','Editar Registros','EDIT','b034d2a0-40df-11ed-af5a-040300000000','973ecf89-38ff-11ed-aed0-040300000000','2022-11-07 10:09:18','2022-11-30 17:56:21','30adc962-7109-11ed-a880-040300000000','30adc962-7109-11ed-a880-040300000000',0),
('ea3ddbdf-5ebe-11ed-a880-040300000000','Eliminar','Eliminar Registros','ELIM','b034d2a0-40df-11ed-af5a-040300000000','973ecf89-38ff-11ed-aed0-040300000000','2022-11-07 10:09:18','2022-11-30 17:56:21','30adc962-7109-11ed-a880-040300000000','30adc962-7109-11ed-a880-040300000000',0),
('ea3f2367-5ebe-11ed-a880-040300000000','Agregar','Agregar Registros','AGREG','b3a6d6a6-40de-11ed-af5a-040300000000','973ecf89-38ff-11ed-aed0-040300000000','2022-11-07 10:09:18','2022-11-30 17:56:21','30adc962-7109-11ed-a880-040300000000','30adc962-7109-11ed-a880-040300000000',0),
('ea4066cf-5ebe-11ed-a880-040300000000','Editar','Editar Registros','EDIT','b3a6d6a6-40de-11ed-af5a-040300000000','973ecf89-38ff-11ed-aed0-040300000000','2022-11-07 10:09:18','2022-11-30 17:56:21','30adc962-7109-11ed-a880-040300000000','30adc962-7109-11ed-a880-040300000000',0),
('ea41b26a-5ebe-11ed-a880-040300000000','Eliminar','Eliminar Registros','ELIM','b3a6d6a6-40de-11ed-af5a-040300000000','973ecf89-38ff-11ed-aed0-040300000000','2022-11-07 10:09:18','2022-11-30 17:56:21','30adc962-7109-11ed-a880-040300000000','30adc962-7109-11ed-a880-040300000000',0),
('ea42f353-5ebe-11ed-a880-040300000000','Agregar','Agregar Registros','AGREG','bc2576b2-40df-11ed-af5a-040300000000','973ecf89-38ff-11ed-aed0-040300000000','2022-11-07 10:09:18','2022-11-30 17:56:21','30adc962-7109-11ed-a880-040300000000','30adc962-7109-11ed-a880-040300000000',0),
('ea4436ce-5ebe-11ed-a880-040300000000','Editar','Editar Registros','EDIT','bc2576b2-40df-11ed-af5a-040300000000','973ecf89-38ff-11ed-aed0-040300000000','2022-11-07 10:09:18','2022-11-30 17:56:21','30adc962-7109-11ed-a880-040300000000','30adc962-7109-11ed-a880-040300000000',0),
('ea458315-5ebe-11ed-a880-040300000000','Eliminar','Eliminar Registros','ELIM','bc2576b2-40df-11ed-af5a-040300000000','973ecf89-38ff-11ed-aed0-040300000000','2022-11-07 10:09:18','2022-11-30 17:56:21','30adc962-7109-11ed-a880-040300000000','30adc962-7109-11ed-a880-040300000000',0),
('ec8670b2-5ad1-11ed-a988-040300000000','Agregar','Agregar Registros','AGREG','f4a8c7bb-4036-11ed-af5a-040300000000','973ecf89-38ff-11ed-aed0-040300000000','2022-11-02 11:15:18','2022-11-30 17:56:21','30adc962-7109-11ed-a880-040300000000','30adc962-7109-11ed-a880-040300000000',0),
('ec888e67-5ad1-11ed-a988-040300000000','Editar','Editar Registros','EDIT','f4a8c7bb-4036-11ed-af5a-040300000000','973ecf89-38ff-11ed-aed0-040300000000','2022-11-02 11:15:18','2022-11-30 17:56:21','30adc962-7109-11ed-a880-040300000000','30adc962-7109-11ed-a880-040300000000',0),
('ec89c4aa-5ad1-11ed-a988-040300000000','Eliminar','Eliminar Registros','ELIM','f4a8c7bb-4036-11ed-af5a-040300000000','973ecf89-38ff-11ed-aed0-040300000000','2022-11-02 11:15:18','2022-11-30 17:56:21','30adc962-7109-11ed-a880-040300000000','30adc962-7109-11ed-a880-040300000000',0),
('ece399bd-d3dd-11ed-b61c-2c4138b7dab1','SMES','Muestra Filtro mes','SMES','4f3569a6-66a2-11ed-a880-040300000000','973ecf89-38ff-11ed-aed0-040300000000','2023-04-05 12:16:03','2023-04-05 12:16:03','30adc962-7109-11ed-a880-040300000000','30adc962-7109-11ed-a880-040300000000',0),
('ee7dc951-5b91-11ed-a988-040300000000','Editar','Editar Registros','EDIT','bad984bb-4341-11ed-aea4-040300000000','973ecf89-38ff-11ed-aed0-040300000000','2022-11-03 10:09:44','2022-11-30 17:56:21','30adc962-7109-11ed-a880-040300000000','30adc962-7109-11ed-a880-040300000000',0),
('ee835d55-5b91-11ed-a988-040300000000','Editar','Editar Registros','EDIT','cc383716-4341-11ed-aea4-040300000000','973ecf89-38ff-11ed-aed0-040300000000','2022-11-03 10:09:44','2022-11-30 17:56:21','30adc962-7109-11ed-a880-040300000000','30adc962-7109-11ed-a880-040300000000',0),
('f05e4b62-d885-11ed-b61c-2c4138b7dab1','Descargar SPEI','Descargar SPEI','DESCARGARSPEI','4f3569a6-66a2-11ed-a880-040300000000','973ecf89-38ff-11ed-aed0-040300000000','2023-04-11 10:28:49','2023-04-11 10:28:49','30adc962-7109-11ed-a880-040300000000','30adc962-7109-11ed-a880-040300000000',0),
('f1993a3c-612f-11ed-a880-040300000000','Agregar','Agregar Registros','AGREG','aadf1b2f-4500-11ed-aea4-040300000000','973ecf89-38ff-11ed-aed0-040300000000','2022-11-10 12:43:26','2022-11-30 17:56:21','30adc962-7109-11ed-a880-040300000000','30adc962-7109-11ed-a880-040300000000',0),
('f19a7c5b-612f-11ed-a880-040300000000','Cancelar','Cancelar Cálculo','CANC','aadf1b2f-4500-11ed-aea4-040300000000','973ecf89-38ff-11ed-aed0-040300000000','2022-11-10 12:43:26','2022-11-30 17:56:21','30adc962-7109-11ed-a880-040300000000','30adc962-7109-11ed-a880-040300000000',0),
('f19d9476-612f-11ed-a880-040300000000','Trazabilidad','Ver Trazabilidad','TRAZA','aadf1b2f-4500-11ed-aea4-040300000000','973ecf89-38ff-11ed-aed0-040300000000','2022-11-10 12:43:26','2022-11-30 17:56:21','30adc962-7109-11ed-a880-040300000000','30adc962-7109-11ed-a880-040300000000',0),
('f19f7e4b-612f-11ed-a880-040300000000','Autorizar','Autorizar Cálculo','AUT','aadf1b2f-4500-11ed-aea4-040300000000','973ecf89-38ff-11ed-aed0-040300000000','2022-11-10 12:43:26','2022-11-30 17:56:21','30adc962-7109-11ed-a880-040300000000','30adc962-7109-11ed-a880-040300000000',0),
('f1a0c7e2-612f-11ed-a880-040300000000','Enviar','Enviar Cálculo','ENV','aadf1b2f-4500-11ed-aea4-040300000000','973ecf89-38ff-11ed-aed0-040300000000','2022-11-10 12:43:26','2022-11-30 17:56:21','30adc962-7109-11ed-a880-040300000000','30adc962-7109-11ed-a880-040300000000',0),
('f233351e-815a-11ed-a963-040300000000','Eliminación Masiva','Eliminar mas de un elemento de forma directa. *Permiso Especial*','ELIMMAS','072aade5-4344-11ed-aea4-040300000000','973ecf89-38ff-11ed-aed0-040300000000','2022-12-21 12:11:52','2022-12-21 12:11:52','30adc962-7109-11ed-a880-040300000000','30adc962-7109-11ed-a880-040300000000',0),
('f28a5758-c40f-11ed-b789-2c4138b7dab1','Eliminar Spei','Permiso para eliminar SPEI','ELIMSPEI','519c292a-5f00-11ed-a880-040300000000','973ecf89-38ff-11ed-aed0-040300000000','2023-03-16 09:33:49','2023-03-16 09:33:49','30adc962-7109-11ed-a880-040300000000','30adc962-7109-11ed-a880-040300000000',0),
('f2b803a0-0fa0-11ee-8002-d89d6776f970','Eliminar','Eliminar Registros','ELIM','9aa105ea-b868-11ed-8002-d89d6776f970','973ecf89-38ff-11ed-aed0-040300000000','2023-06-20 12:30:43','2023-06-20 12:30:43','30adc962-7109-11ed-a880-040300000000','30adc962-7109-11ed-a880-040300000000',0),
('f2b998ab-e5d9-11ed-8002-d89d6776f970','Carga Información','Carga Plantilla de información','CARGPLAN','7f767eb1-4111-11ed-af5a-040300000000','973ecf89-38ff-11ed-aed0-040300000000','2023-04-28 08:32:56','2023-04-28 08:32:56','30adc962-7109-11ed-a880-040300000000','30adc962-7109-11ed-a880-040300000000',0),
('f3062524-815f-11ed-a963-040300000000','Eliminación Masiva','Eliminar mas de un elemento de forma directa. *Permiso Especial*','ELIMMAS','d71b0eac-40df-11ed-af5a-040300000000','973ecf89-38ff-11ed-aed0-040300000000','2022-12-21 12:47:41','2022-12-21 12:47:41','30adc962-7109-11ed-a880-040300000000','30adc962-7109-11ed-a880-040300000000',0),
('f30bda02-5ad1-11ed-a988-040300000000','Agregar','Agregar Registros','AGREG','d37eecea-4036-11ed-af5a-040300000000','973ecf89-38ff-11ed-aed0-040300000000','2022-11-02 11:15:29','2022-11-30 17:56:21','30adc962-7109-11ed-a880-040300000000','30adc962-7109-11ed-a880-040300000000',0),
('f30cd2dd-5ad1-11ed-a988-040300000000','Editar','Editar Registros','EDIT','d37eecea-4036-11ed-af5a-040300000000','973ecf89-38ff-11ed-aed0-040300000000','2022-11-02 11:15:29','2022-11-30 17:56:21','30adc962-7109-11ed-a880-040300000000','30adc962-7109-11ed-a880-040300000000',0),
('f30f6911-5ad1-11ed-a988-040300000000','Eliminar','Eliminar Registros','ELIM','d37eecea-4036-11ed-af5a-040300000000','973ecf89-38ff-11ed-aed0-040300000000','2022-11-02 11:15:29','2022-11-30 17:56:21','30adc962-7109-11ed-a880-040300000000','30adc962-7109-11ed-a880-040300000000',0),
('f9a4a1e4-5ad1-11ed-a988-040300000000','Agregar','Agregar Registros','AGREG','fd244a6e-3f74-11ed-af5a-040300000000','973ecf89-38ff-11ed-aed0-040300000000','2022-11-02 11:15:40','2022-11-30 17:56:21','30adc962-7109-11ed-a880-040300000000','30adc962-7109-11ed-a880-040300000000',0),
('f9a689b3-5ad1-11ed-a988-040300000000','Editar','Editar Registros','EDIT','fd244a6e-3f74-11ed-af5a-040300000000','973ecf89-38ff-11ed-aed0-040300000000','2022-11-02 11:15:40','2022-11-30 17:56:21','30adc962-7109-11ed-a880-040300000000','30adc962-7109-11ed-a880-040300000000',0),
('fbabaf47-0fa0-11ee-8002-d89d6776f970','Editar','Editar Registro','EDIT','9aa105ea-b868-11ed-8002-d89d6776f970','973ecf89-38ff-11ed-aed0-040300000000','2023-06-20 12:30:58','2023-06-20 12:30:58','30adc962-7109-11ed-a880-040300000000','30adc962-7109-11ed-a880-040300000000',0),
('fdd8a863-d885-11ed-b61c-2c4138b7dab1','Ver SPEI','Ver SPEI','VERSPEI','4f3569a6-66a2-11ed-a880-040300000000','973ecf89-38ff-11ed-aed0-040300000000','2023-04-11 10:29:11','2023-04-11 10:29:11','30adc962-7109-11ed-a880-040300000000','30adc962-7109-11ed-a880-040300000000',0),
('fe8b2409-5ec2-11ed-a880-040300000000','Agregar','Agregar Registros','AGREG','c40d55cb-40e0-11ed-af5a-040300000000','973ecf89-38ff-11ed-aed0-040300000000','2022-11-07 10:38:30','2023-03-30 10:46:04','30adc962-7109-11ed-a880-040300000000','30adc962-7109-11ed-a880-040300000000',0),
('fe8d193c-5ec2-11ed-a880-040300000000','Editar','Editar Registros','EDIT','c40d55cb-40e0-11ed-af5a-040300000000','973ecf89-38ff-11ed-aed0-040300000000','2022-11-07 10:38:30','2022-11-30 17:56:21','30adc962-7109-11ed-a880-040300000000','30adc962-7109-11ed-a880-040300000000',0),
('fe8e5e75-5ec2-11ed-a880-040300000000','Eliminar','Eliminar Registros','ELIM','c40d55cb-40e0-11ed-af5a-040300000000','973ecf89-38ff-11ed-aed0-040300000000','2022-11-07 10:38:30','2022-11-30 17:56:21','30adc962-7109-11ed-a880-040300000000','30adc962-7109-11ed-a880-040300000000',0),
('ff7e6d51-d95d-11ed-b61c-2c4138b7dab1','Cargar Plantilla','Permite la carga de la actualización de la suficiencia Presupuestal','CPRESUPUESTO','a476a0db-59fc-11ed-a988-040300000000','973ecf89-38ff-11ed-aed0-040300000000','2023-04-12 12:15:26','2023-04-12 12:15:26','30adc962-7109-11ed-a880-040300000000','30adc962-7109-11ed-a880-040300000000',0);
/*!40000 ALTER TABLE `Permisos` ENABLE KEYS */;
UNLOCK TABLES;

--
-- Table structure for table `RolMenus`
--

DROP TABLE IF EXISTS `RolMenus`;
/*!40101 SET @saved_cs_client     = @@character_set_client */;
/*!40101 SET character_set_client = utf8 */;
CREATE TABLE `RolMenus` (
  `Id` char(36) NOT NULL DEFAULT uuid(),
  `idMenu` char(36) DEFAULT NULL,
  `idRol` char(36) DEFAULT NULL,
  `FechaDeCreacion` datetime NOT NULL DEFAULT current_timestamp(),
  `UltimaModificacion` datetime NOT NULL DEFAULT current_timestamp(),
  `CreadoPor` char(36) NOT NULL DEFAULT '30adc962-7109-11ed-a880-040300000000',
  `ModificadoPor` char(36) NOT NULL DEFAULT '30adc962-7109-11ed-a880-040300000000',
  PRIMARY KEY (`Id`) USING BTREE,
  KEY `FK1_MENUROL_1` (`idMenu`) USING BTREE,
  KEY `FK2_MENUROL_2` (`idRol`) USING BTREE,
  CONSTRAINT `FK1_MENUROL_1` FOREIGN KEY (`idMenu`) REFERENCES `Menus` (`Id`) ON DELETE NO ACTION ON UPDATE NO ACTION,
  CONSTRAINT `FK2_MENUROL_2` FOREIGN KEY (`idRol`) REFERENCES `Roles` (`Id`) ON DELETE NO ACTION ON UPDATE NO ACTION
) ENGINE=InnoDB DEFAULT CHARSET=utf8mb3 COLLATE=utf8mb3_general_ci ROW_FORMAT=DYNAMIC;
/*!40101 SET character_set_client = @saved_cs_client */;

--
-- Dumping data for table `RolMenus`
--

LOCK TABLES `RolMenus` WRITE;
/*!40000 ALTER TABLE `RolMenus` DISABLE KEYS */;
INSERT INTO `RolMenus` VALUES
('0103faf8-5352-11ee-a933-236cb4402701','830dd02e-5351-11ee-a933-236cb4402701','3b7ee097-2119-11ee-ac66-3cd92b4d9bf4','2023-09-14 15:56:56','2023-09-14 15:56:56','30adc962-7109-11ed-a880-040300000000','30adc962-7109-11ed-a880-040300000000'),
('0235c870-c387-11ed-8002-d89d6776f970','2ff657a1-5f00-11ed-a880-040300000000','f4ca7078-c386-11ed-8002-d89d6776f970','2023-09-01 17:32:51','2023-09-01 17:32:51','30adc962-7109-11ed-a880-040300000000','30adc962-7109-11ed-a880-040300000000'),
('055fa13a-7658-11ed-aad1-040300000000','7559a00b-6443-11ed-a880-040300000000','2b2a55a0-71c3-11ed-a880-040300000000','2023-09-01 17:32:50','2023-09-01 17:32:50','30adc962-7109-11ed-a880-040300000000','30adc962-7109-11ed-a880-040300000000'),
('067003f9-c387-11ed-8002-d89d6776f970','519c292a-5f00-11ed-a880-040300000000','f4ca7078-c386-11ed-8002-d89d6776f970','2023-09-01 17:32:51','2023-09-01 17:32:51','30adc962-7109-11ed-a880-040300000000','30adc962-7109-11ed-a880-040300000000'),
('0891d756-5ad0-11ed-a988-040300000000','b3f8a23d-3f74-11ed-af5a-040300000000','0191ca3b-5acd-11ed-a988-040300000000','2023-09-01 17:32:49','2023-09-01 17:32:49','30adc962-7109-11ed-a880-040300000000','30adc962-7109-11ed-a880-040300000000'),
('0cb014a8-ccd2-11ed-8002-d89d6776f970','6f329159-59fc-11ed-a988-040300000000','d78871a5-ccd1-11ed-8002-d89d6776f970','2023-09-01 17:32:51','2023-09-01 17:32:51','30adc962-7109-11ed-a880-040300000000','30adc962-7109-11ed-a880-040300000000'),
('0f285f79-77e1-11ed-aad1-040300000000','07626fa5-77e1-11ed-aad1-040300000000','2b2a55a0-71c3-11ed-a880-040300000000','2023-09-01 17:32:49','2023-09-01 17:32:49','30adc962-7109-11ed-a880-040300000000','30adc962-7109-11ed-a880-040300000000'),
('10d5ccfe-77e1-11ed-aad1-040300000000','1880ed9d-77e0-11ed-aad1-040300000000','2b2a55a0-71c3-11ed-a880-040300000000','2023-09-01 17:32:49','2023-09-01 17:32:49','30adc962-7109-11ed-a880-040300000000','30adc962-7109-11ed-a880-040300000000'),
('121e754e-74f1-11ed-aad1-040300000000','6f329159-59fc-11ed-a988-040300000000','0c67e95b-74f1-11ed-aad1-040300000000','2023-09-01 17:32:49','2023-09-01 17:32:49','30adc962-7109-11ed-a880-040300000000','30adc962-7109-11ed-a880-040300000000'),
('1419a790-5ad0-11ed-a988-040300000000','fd244a6e-3f74-11ed-af5a-040300000000','0191ca3b-5acd-11ed-a988-040300000000','2023-09-01 17:32:49','2023-09-01 17:32:49','30adc962-7109-11ed-a880-040300000000','30adc962-7109-11ed-a880-040300000000'),
('1aabe699-77e1-11ed-aad1-040300000000','ac3decc1-77e0-11ed-aad1-040300000000','2b2a55a0-71c3-11ed-a880-040300000000','2023-09-01 17:32:50','2023-09-01 17:32:50','30adc962-7109-11ed-a880-040300000000','30adc962-7109-11ed-a880-040300000000'),
('1ce079e0-ccd2-11ed-8002-d89d6776f970','bfe5b905-6117-11ed-a880-040300000000','d78871a5-ccd1-11ed-8002-d89d6776f970','2023-09-01 17:32:51','2023-09-01 17:32:51','30adc962-7109-11ed-a880-040300000000','30adc962-7109-11ed-a880-040300000000'),
('2231f63e-726c-11ed-a880-040300000000','0a653e2e-400b-11ed-af5a-040300000000','de8ab454-7269-11ed-a880-040300000000','2023-09-01 17:32:51','2023-09-01 17:32:51','30adc962-7109-11ed-a880-040300000000','30adc962-7109-11ed-a880-040300000000'),
('2271a95c-74f1-11ed-aad1-040300000000','a476a0db-59fc-11ed-a988-040300000000','0c67e95b-74f1-11ed-aad1-040300000000','2023-09-01 17:32:49','2023-09-01 17:32:49','30adc962-7109-11ed-a880-040300000000','30adc962-7109-11ed-a880-040300000000'),
('272c1e9a-726c-11ed-a880-040300000000','bc396820-607c-11ed-a880-040300000000','de8ab454-7269-11ed-a880-040300000000','2023-09-01 17:32:51','2023-09-01 17:32:51','30adc962-7109-11ed-a880-040300000000','30adc962-7109-11ed-a880-040300000000'),
('30252123-726c-11ed-a880-040300000000','a21e7880-40df-11ed-af5a-040300000000','de8ab454-7269-11ed-a880-040300000000','2023-09-01 17:32:51','2023-09-01 17:32:51','30adc962-7109-11ed-a880-040300000000','30adc962-7109-11ed-a880-040300000000'),
('3f64febd-d8ce-11ed-8002-d89d6776f970','408237ce-5574-11ed-a988-040300000000','22e1877d-95cc-11ed-a912-705a0f328da6','2023-09-01 17:32:49','2023-09-01 17:32:49','30adc962-7109-11ed-a880-040300000000','30adc962-7109-11ed-a880-040300000000'),
('3f78c710-726c-11ed-a880-040300000000','d461efdb-607c-11ed-a880-040300000000','de8ab454-7269-11ed-a880-040300000000','2023-09-01 17:32:51','2023-09-01 17:32:51','30adc962-7109-11ed-a880-040300000000','30adc962-7109-11ed-a880-040300000000'),
('4018d10c-d8ce-11ed-8002-d89d6776f970','4f3569a6-66a2-11ed-a880-040300000000','22e1877d-95cc-11ed-a912-705a0f328da6','2023-09-01 17:32:49','2023-09-01 17:32:49','30adc962-7109-11ed-a880-040300000000','30adc962-7109-11ed-a880-040300000000'),
('473cd7ac-71c3-11ed-a880-040300000000','f1ea67d9-45ac-11ed-aea4-040300000000','2b2a55a0-71c3-11ed-a880-040300000000','2023-09-01 17:32:50','2023-09-01 17:32:50','30adc962-7109-11ed-a880-040300000000','30adc962-7109-11ed-a880-040300000000'),
('4fa81023-71c3-11ed-a880-040300000000','994bbea0-71b6-11ed-a880-040300000000','2b2a55a0-71c3-11ed-a880-040300000000','2023-09-01 17:32:50','2023-09-01 17:32:50','30adc962-7109-11ed-a880-040300000000','30adc962-7109-11ed-a880-040300000000'),
('51a30d61-71c3-11ed-a880-040300000000','bad984bb-4341-11ed-aea4-040300000000','2b2a55a0-71c3-11ed-a880-040300000000','2023-09-01 17:32:50','2023-09-01 17:32:50','30adc962-7109-11ed-a880-040300000000','30adc962-7109-11ed-a880-040300000000'),
('560bf0ed-71c3-11ed-a880-040300000000','e326d92e-61e2-11ed-a880-040300000000','2b2a55a0-71c3-11ed-a880-040300000000','2023-09-01 17:32:50','2023-09-01 17:32:50','30adc962-7109-11ed-a880-040300000000','30adc962-7109-11ed-a880-040300000000'),
('59c4c03d-71c3-11ed-a880-040300000000','46f68911-45ad-11ed-aea4-040300000000','2b2a55a0-71c3-11ed-a880-040300000000','2023-09-01 17:32:49','2023-09-01 17:32:49','30adc962-7109-11ed-a880-040300000000','30adc962-7109-11ed-a880-040300000000'),
('5a1c1e3d-7725-11ed-aad1-040300000000','b034d2a0-40df-11ed-af5a-040300000000','2621f126-71d3-11ed-a880-040300000000','2023-09-01 17:32:49','2023-09-01 17:32:49','30adc962-7109-11ed-a880-040300000000','30adc962-7109-11ed-a880-040300000000'),
('5bb1066d-71c3-11ed-a880-040300000000','5dd79f46-45ad-11ed-aea4-040300000000','2b2a55a0-71c3-11ed-a880-040300000000','2023-09-01 17:32:49','2023-09-01 17:32:49','30adc962-7109-11ed-a880-040300000000','30adc962-7109-11ed-a880-040300000000'),
('5c95bdfb-7725-11ed-aad1-040300000000','a21e7880-40df-11ed-af5a-040300000000','2621f126-71d3-11ed-a880-040300000000','2023-09-01 17:32:49','2023-09-01 17:32:49','30adc962-7109-11ed-a880-040300000000','30adc962-7109-11ed-a880-040300000000'),
('5d8c0814-71c3-11ed-a880-040300000000','744a2693-45ad-11ed-aea4-040300000000','2b2a55a0-71c3-11ed-a880-040300000000','2023-09-01 17:32:50','2023-09-01 17:32:50','30adc962-7109-11ed-a880-040300000000','30adc962-7109-11ed-a880-040300000000'),
('5da00978-d950-11ed-8002-d89d6776f970','408237ce-5574-11ed-a988-040300000000','de8ab454-7269-11ed-a880-040300000000','2023-09-01 17:32:51','2023-09-01 17:32:51','30adc962-7109-11ed-a880-040300000000','30adc962-7109-11ed-a880-040300000000'),
('5e63eabd-d950-11ed-8002-d89d6776f970','4f3569a6-66a2-11ed-a880-040300000000','de8ab454-7269-11ed-a880-040300000000','2023-09-01 17:32:51','2023-09-01 17:32:51','30adc962-7109-11ed-a880-040300000000','30adc962-7109-11ed-a880-040300000000'),
('5f40502c-4905-11ee-8002-d89d6776f970','cb0d7e31-251b-11ee-977e-3cd92b4d9bf4','3b7ee097-2119-11ee-ac66-3cd92b4d9bf4','2023-09-01 14:22:13','2023-09-01 14:22:13','30adc962-7109-11ed-a880-040300000000','30adc962-7109-11ed-a880-040300000000'),
('5f7c569c-4905-11ee-8002-d89d6776f970','9088b4f4-2119-11ee-ac66-3cd92b4d9bf4','3b7ee097-2119-11ee-ac66-3cd92b4d9bf4','2023-09-01 14:22:14','2023-09-01 14:22:14','30adc962-7109-11ed-a880-040300000000','30adc962-7109-11ed-a880-040300000000'),
('5fa23801-4905-11ee-8002-d89d6776f970','8233e6c7-251b-11ee-977e-3cd92b4d9bf4','3b7ee097-2119-11ee-ac66-3cd92b4d9bf4','2023-09-01 14:22:14','2023-09-01 14:22:14','30adc962-7109-11ed-a880-040300000000','30adc962-7109-11ed-a880-040300000000'),
('5fc37dc5-4905-11ee-8002-d89d6776f970','7338024c-2119-11ee-ac66-3cd92b4d9bf4','3b7ee097-2119-11ee-ac66-3cd92b4d9bf4','2023-09-01 14:22:14','2023-09-01 14:22:14','30adc962-7109-11ed-a880-040300000000','30adc962-7109-11ed-a880-040300000000'),
('5fe09b8e-4905-11ee-8002-d89d6776f970','d8640e55-3c92-11ee-aedd-3cd92b4d9bf4','3b7ee097-2119-11ee-ac66-3cd92b4d9bf4','2023-09-01 14:22:14','2023-09-01 14:22:14','30adc962-7109-11ed-a880-040300000000','30adc962-7109-11ed-a880-040300000000'),
('5ffdbab9-4905-11ee-8002-d89d6776f970','1b5310b5-220f-11ee-ac66-3cd92b4d9bf4','3b7ee097-2119-11ee-ac66-3cd92b4d9bf4','2023-09-01 14:22:14','2023-09-01 14:22:14','30adc962-7109-11ed-a880-040300000000','30adc962-7109-11ed-a880-040300000000'),
('6019cd20-4905-11ee-8002-d89d6776f970','2d5e0e90-250b-11ee-977e-3cd92b4d9bf4','3b7ee097-2119-11ee-ac66-3cd92b4d9bf4','2023-09-01 14:22:15','2023-09-01 14:22:15','30adc962-7109-11ed-a880-040300000000','30adc962-7109-11ed-a880-040300000000'),
('6036190e-4905-11ee-8002-d89d6776f970','a30613a1-24f7-11ee-977e-3cd92b4d9bf4','3b7ee097-2119-11ee-ac66-3cd92b4d9bf4','2023-09-01 14:22:15','2023-09-01 14:22:15','30adc962-7109-11ed-a880-040300000000','30adc962-7109-11ed-a880-040300000000'),
('604e0cb7-4905-11ee-8002-d89d6776f970','2d4dc45f-250b-11ee-977e-3cd92b4d9bf4','3b7ee097-2119-11ee-ac66-3cd92b4d9bf4','2023-09-01 14:22:15','2023-09-01 14:22:15','30adc962-7109-11ed-a880-040300000000','30adc962-7109-11ed-a880-040300000000'),
('6068fcf8-4905-11ee-8002-d89d6776f970','8d2fbe01-2aa2-11ee-ab48-3cd92b4d9bf4','3b7ee097-2119-11ee-ac66-3cd92b4d9bf4','2023-09-01 14:22:15','2023-09-01 14:22:15','30adc962-7109-11ed-a880-040300000000','30adc962-7109-11ed-a880-040300000000'),
('6082f780-4905-11ee-8002-d89d6776f970','2d577aec-250b-11ee-977e-3cd92b4d9bf4','3b7ee097-2119-11ee-ac66-3cd92b4d9bf4','2023-09-01 14:22:15','2023-09-01 14:22:15','30adc962-7109-11ed-a880-040300000000','30adc962-7109-11ed-a880-040300000000'),
('60a3b942-7579-11ed-aad1-040300000000','06fdfe19-53ce-11ed-ab6c-040300000000','2621f126-71d3-11ed-a880-040300000000','2023-09-01 17:32:49','2023-09-01 17:32:49','30adc962-7109-11ed-a880-040300000000','30adc962-7109-11ed-a880-040300000000'),
('60b8cc34-4905-11ee-8002-d89d6776f970','2d5b9934-250b-11ee-977e-3cd92b4d9bf4','3b7ee097-2119-11ee-ac66-3cd92b4d9bf4','2023-09-01 14:22:16','2023-09-01 14:22:16','30adc962-7109-11ed-a880-040300000000','30adc962-7109-11ed-a880-040300000000'),
('60d3752c-4905-11ee-8002-d89d6776f970','2d528e7d-250b-11ee-977e-3cd92b4d9bf4','3b7ee097-2119-11ee-ac66-3cd92b4d9bf4','2023-09-01 14:22:16','2023-09-01 14:22:16','30adc962-7109-11ed-a880-040300000000','30adc962-7109-11ed-a880-040300000000'),
('60ef5ff3-4905-11ee-8002-d89d6776f970','2d5984d1-250b-11ee-977e-3cd92b4d9bf4','3b7ee097-2119-11ee-ac66-3cd92b4d9bf4','2023-09-01 14:22:16','2023-09-01 14:22:16','30adc962-7109-11ed-a880-040300000000','30adc962-7109-11ed-a880-040300000000'),
('610b5a36-4905-11ee-8002-d89d6776f970','2d54c92d-250b-11ee-977e-3cd92b4d9bf4','3b7ee097-2119-11ee-ac66-3cd92b4d9bf4','2023-09-01 14:22:16','2023-09-01 14:22:16','30adc962-7109-11ed-a880-040300000000','30adc962-7109-11ed-a880-040300000000'),
('6127ad1b-4905-11ee-8002-d89d6776f970','cb0864f6-251b-11ee-977e-3cd92b4d9bf4','3b7ee097-2119-11ee-ac66-3cd92b4d9bf4','2023-09-01 14:22:16','2023-09-01 14:22:16','30adc962-7109-11ed-a880-040300000000','30adc962-7109-11ed-a880-040300000000'),
('617b73fd-71c3-11ed-a880-040300000000','09dbe702-43ff-11ed-aea4-040300000000','2b2a55a0-71c3-11ed-a880-040300000000','2023-09-01 17:32:49','2023-09-01 17:32:49','30adc962-7109-11ed-a880-040300000000','30adc962-7109-11ed-a880-040300000000'),
('62ffbcff-77e1-11ed-aad1-040300000000','ee272ae7-77e0-11ed-aad1-040300000000','2b2a55a0-71c3-11ed-a880-040300000000','2023-09-01 17:32:50','2023-09-01 17:32:50','30adc962-7109-11ed-a880-040300000000','30adc962-7109-11ed-a880-040300000000'),
('636f41a6-7579-11ed-aad1-040300000000','0a653e2e-400b-11ed-af5a-040300000000','2621f126-71d3-11ed-a880-040300000000','2023-09-01 17:32:49','2023-09-01 17:32:49','30adc962-7109-11ed-a880-040300000000','30adc962-7109-11ed-a880-040300000000'),
('6431f4b5-71c3-11ed-a880-040300000000','0ee92033-43f0-11ed-aea4-040300000000','2b2a55a0-71c3-11ed-a880-040300000000','2023-09-01 17:32:49','2023-09-01 17:32:49','30adc962-7109-11ed-a880-040300000000','30adc962-7109-11ed-a880-040300000000'),
('66525a9d-7579-11ed-aad1-040300000000','408237ce-5574-11ed-a988-040300000000','2621f126-71d3-11ed-a880-040300000000','2023-09-01 17:32:49','2023-09-01 17:32:49','30adc962-7109-11ed-a880-040300000000','30adc962-7109-11ed-a880-040300000000'),
('681d762f-71c3-11ed-a880-040300000000','0a653e2e-400b-11ed-af5a-040300000000','2b2a55a0-71c3-11ed-a880-040300000000','2023-09-01 17:32:49','2023-09-01 17:32:49','30adc962-7109-11ed-a880-040300000000','30adc962-7109-11ed-a880-040300000000'),
('68d7cb4c-7579-11ed-aad1-040300000000','0f057d0c-40df-11ed-af5a-040300000000','2621f126-71d3-11ed-a880-040300000000','2023-09-01 17:32:49','2023-09-01 17:32:49','30adc962-7109-11ed-a880-040300000000','30adc962-7109-11ed-a880-040300000000'),
('6a1d92fb-71c3-11ed-a880-040300000000','072aade5-4344-11ed-aea4-040300000000','2b2a55a0-71c3-11ed-a880-040300000000','2023-09-01 17:32:49','2023-09-01 17:32:49','30adc962-7109-11ed-a880-040300000000','30adc962-7109-11ed-a880-040300000000'),
('6a4c4efb-7579-11ed-aad1-040300000000','1b30d3dd-6a85-11ed-a880-040300000000','2621f126-71d3-11ed-a880-040300000000','2023-09-01 17:32:49','2023-09-01 17:32:49','30adc962-7109-11ed-a880-040300000000','30adc962-7109-11ed-a880-040300000000'),
('6bdd4622-d950-11ed-8002-d89d6776f970','408237ce-5574-11ed-a988-040300000000','11aa824f-95cc-11ed-a912-705a0f328da6','2023-09-01 17:32:49','2023-09-01 17:32:49','30adc962-7109-11ed-a880-040300000000','30adc962-7109-11ed-a880-040300000000'),
('6c87e916-d950-11ed-8002-d89d6776f970','4f3569a6-66a2-11ed-a880-040300000000','11aa824f-95cc-11ed-a912-705a0f328da6','2023-09-01 17:32:49','2023-09-01 17:32:49','30adc962-7109-11ed-a880-040300000000','30adc962-7109-11ed-a880-040300000000'),
('6da18a69-71c3-11ed-a880-040300000000','1a3baa30-436c-11ed-aea4-040300000000','2b2a55a0-71c3-11ed-a880-040300000000','2023-09-01 17:32:49','2023-09-01 17:32:49','30adc962-7109-11ed-a880-040300000000','30adc962-7109-11ed-a880-040300000000'),
('70261e77-16ca-11ee-8002-d89d6776f970','4ac87d9e-16ca-11ee-8002-d89d6776f970','2b2a55a0-71c3-11ed-a880-040300000000','2023-09-01 17:32:49','2023-09-01 17:32:49','30adc962-7109-11ed-a880-040300000000','30adc962-7109-11ed-a880-040300000000'),
('7029ccd1-71c3-11ed-a880-040300000000','33058232-40de-11ed-af5a-040300000000','2b2a55a0-71c3-11ed-a880-040300000000','2023-09-01 17:32:49','2023-09-01 17:32:49','30adc962-7109-11ed-a880-040300000000','30adc962-7109-11ed-a880-040300000000'),
('734a3220-71c3-11ed-a880-040300000000','4d0e7262-4366-11ed-aea4-040300000000','2b2a55a0-71c3-11ed-a880-040300000000','2023-09-01 17:32:49','2023-09-01 17:32:49','30adc962-7109-11ed-a880-040300000000','30adc962-7109-11ed-a880-040300000000'),
('77439a89-4d8f-11ee-8002-d89d6776f970','519c292a-5f00-11ed-a880-040300000000','80b7e403-1054-11ee-8002-d89d6776f970','2023-09-07 09:00:49','2023-09-07 09:00:49','30adc962-7109-11ed-a880-040300000000','30adc962-7109-11ed-a880-040300000000'),
('779b662a-7579-11ed-aad1-040300000000','a351bada-4010-11ed-af5a-040300000000','2621f126-71d3-11ed-a880-040300000000','2023-09-01 17:32:49','2023-09-01 17:32:49','30adc962-7109-11ed-a880-040300000000','30adc962-7109-11ed-a880-040300000000'),
('7867a132-71c3-11ed-a880-040300000000','74684762-4408-11ed-aea4-040300000000','2b2a55a0-71c3-11ed-a880-040300000000','2023-09-01 17:32:50','2023-09-01 17:32:50','30adc962-7109-11ed-a880-040300000000','30adc962-7109-11ed-a880-040300000000'),
('7ad2ebf0-0ed3-11ee-8002-d89d6776f970','c12ae0ca-5544-11ed-a988-040300000000','2621f126-71d3-11ed-a880-040300000000','2023-09-01 17:32:49','2023-09-01 17:32:49','30adc962-7109-11ed-a880-040300000000','30adc962-7109-11ed-a880-040300000000'),
('7c52b757-71c3-11ed-a880-040300000000','7a5a469c-6158-11ed-a880-040300000000','2b2a55a0-71c3-11ed-a880-040300000000','2023-09-01 17:32:50','2023-09-01 17:32:50','30adc962-7109-11ed-a880-040300000000','30adc962-7109-11ed-a880-040300000000'),
('7e1cc941-7655-11ed-aad1-040300000000','bfe5b905-6117-11ed-a880-040300000000','5eb9ce50-7655-11ed-aad1-040300000000','2023-09-01 17:32:50','2023-09-01 17:32:50','30adc962-7109-11ed-a880-040300000000','30adc962-7109-11ed-a880-040300000000'),
('7ef24bbd-71c3-11ed-a880-040300000000','661e567b-4341-11ed-aea4-040300000000','2b2a55a0-71c3-11ed-a880-040300000000','2023-09-01 17:32:49','2023-09-01 17:32:49','30adc962-7109-11ed-a880-040300000000','30adc962-7109-11ed-a880-040300000000'),
('81dac57f-71c3-11ed-a880-040300000000','68b48311-40e1-11ed-af5a-040300000000','2b2a55a0-71c3-11ed-a880-040300000000','2023-09-01 17:32:49','2023-09-01 17:32:49','30adc962-7109-11ed-a880-040300000000','30adc962-7109-11ed-a880-040300000000'),
('826dee92-1067-11ee-8002-d89d6776f970','37b2b3ba-ff33-11ed-8002-d89d6776f970','0191ca3b-5acd-11ed-a988-040300000000','2023-09-01 17:32:49','2023-09-01 17:32:49','30adc962-7109-11ed-a880-040300000000','30adc962-7109-11ed-a880-040300000000'),
('84ff225d-71c3-11ed-a880-040300000000','969e84ee-44ff-11ed-aea4-040300000000','2b2a55a0-71c3-11ed-a880-040300000000','2023-09-01 17:32:50','2023-09-01 17:32:50','30adc962-7109-11ed-a880-040300000000','30adc962-7109-11ed-a880-040300000000'),
('872b970b-71c3-11ed-a880-040300000000','9fc49b62-435c-11ed-aea4-040300000000','2b2a55a0-71c3-11ed-a880-040300000000','2023-09-01 17:32:50','2023-09-01 17:32:50','30adc962-7109-11ed-a880-040300000000','30adc962-7109-11ed-a880-040300000000'),
('8816b065-1054-11ee-8002-d89d6776f970','408237ce-5574-11ed-a988-040300000000','80b7e403-1054-11ee-8002-d89d6776f970','2023-09-01 17:32:50','2023-09-01 17:32:50','30adc962-7109-11ed-a880-040300000000','30adc962-7109-11ed-a880-040300000000'),
('88dabd28-1054-11ee-8002-d89d6776f970','4f3569a6-66a2-11ed-a880-040300000000','80b7e403-1054-11ee-8002-d89d6776f970','2023-09-01 17:32:50','2023-09-01 17:32:50','30adc962-7109-11ed-a880-040300000000','30adc962-7109-11ed-a880-040300000000'),
('89456c79-71c3-11ed-a880-040300000000','9b5e62ee-44fb-11ed-aea4-040300000000','2b2a55a0-71c3-11ed-a880-040300000000','2023-09-01 17:32:50','2023-09-01 17:32:50','30adc962-7109-11ed-a880-040300000000','30adc962-7109-11ed-a880-040300000000'),
('8b769f5c-71c3-11ed-a880-040300000000','8bf79e3e-40de-11ed-af5a-040300000000','2b2a55a0-71c3-11ed-a880-040300000000','2023-09-01 17:32:50','2023-09-01 17:32:50','30adc962-7109-11ed-a880-040300000000','30adc962-7109-11ed-a880-040300000000'),
('8d6b6ff2-71c3-11ed-a880-040300000000','892ffcbf-40df-11ed-af5a-040300000000','2b2a55a0-71c3-11ed-a880-040300000000','2023-09-01 17:32:50','2023-09-01 17:32:50','30adc962-7109-11ed-a880-040300000000','30adc962-7109-11ed-a880-040300000000'),
('8fa82662-71c3-11ed-a880-040300000000','94263848-40df-11ed-af5a-040300000000','2b2a55a0-71c3-11ed-a880-040300000000','2023-09-01 17:32:50','2023-09-01 17:32:50','30adc962-7109-11ed-a880-040300000000','30adc962-7109-11ed-a880-040300000000'),
('9498a7d7-71c3-11ed-a880-040300000000','ab1c51ed-40e1-11ed-af5a-040300000000','2b2a55a0-71c3-11ed-a880-040300000000','2023-09-01 17:32:50','2023-09-01 17:32:50','30adc962-7109-11ed-a880-040300000000','30adc962-7109-11ed-a880-040300000000'),
('96c22f19-71c3-11ed-a880-040300000000','aadf1b2f-4500-11ed-aea4-040300000000','2b2a55a0-71c3-11ed-a880-040300000000','2023-09-01 17:32:50','2023-09-01 17:32:50','30adc962-7109-11ed-a880-040300000000','30adc962-7109-11ed-a880-040300000000'),
('98db1d15-71c3-11ed-a880-040300000000','a4cd8315-4fce-11ed-ab6c-040300000000','2b2a55a0-71c3-11ed-a880-040300000000','2023-09-01 17:32:50','2023-09-01 17:32:50','30adc962-7109-11ed-a880-040300000000','30adc962-7109-11ed-a880-040300000000'),
('998ff5e1-7655-11ed-aad1-040300000000','6f329159-59fc-11ed-a988-040300000000','5eb9ce50-7655-11ed-aad1-040300000000','2023-09-01 17:32:50','2023-09-01 17:32:50','30adc962-7109-11ed-a880-040300000000','30adc962-7109-11ed-a880-040300000000'),
('9b28161d-71c3-11ed-a880-040300000000','bad4cf29-43ef-11ed-aea4-040300000000','2b2a55a0-71c3-11ed-a880-040300000000','2023-09-01 17:32:50','2023-09-01 17:32:50','30adc962-7109-11ed-a880-040300000000','30adc962-7109-11ed-a880-040300000000'),
('9d38e903-71c3-11ed-a880-040300000000','bc2576b2-40df-11ed-af5a-040300000000','2b2a55a0-71c3-11ed-a880-040300000000','2023-09-01 17:32:50','2023-09-01 17:32:50','30adc962-7109-11ed-a880-040300000000','30adc962-7109-11ed-a880-040300000000'),
('a13776b2-71c3-11ed-a880-040300000000','c1ac8fed-4500-11ed-aea4-040300000000','2b2a55a0-71c3-11ed-a880-040300000000','2023-09-01 17:32:50','2023-09-01 17:32:50','30adc962-7109-11ed-a880-040300000000','30adc962-7109-11ed-a880-040300000000'),
('a2e34a45-d7cf-11ed-8581-040300000000','408237ce-5574-11ed-a988-040300000000','25bc4557-d7ca-11ed-8581-040300000000','2023-09-01 17:32:49','2023-09-01 17:32:49','30adc962-7109-11ed-a880-040300000000','30adc962-7109-11ed-a880-040300000000'),
('a3a073ce-d7cf-11ed-8581-040300000000','4f3569a6-66a2-11ed-a880-040300000000','25bc4557-d7ca-11ed-8581-040300000000','2023-09-01 17:32:49','2023-09-01 17:32:49','30adc962-7109-11ed-a880-040300000000','30adc962-7109-11ed-a880-040300000000'),
('a47f957a-71c3-11ed-a880-040300000000','c40d55cb-40e0-11ed-af5a-040300000000','2b2a55a0-71c3-11ed-a880-040300000000','2023-09-01 17:32:50','2023-09-01 17:32:50','30adc962-7109-11ed-a880-040300000000','30adc962-7109-11ed-a880-040300000000'),
('a72456a4-71c3-11ed-a880-040300000000','c74e096c-4437-11ed-aea4-040300000000','2b2a55a0-71c3-11ed-a880-040300000000','2023-09-01 17:32:50','2023-09-01 17:32:50','30adc962-7109-11ed-a880-040300000000','30adc962-7109-11ed-a880-040300000000'),
('a8358be0-00b4-11ee-8002-d89d6776f970','d88740cf-7000-11ed-a880-040300000000','2b2a55a0-71c3-11ed-a880-040300000000','2023-09-01 17:32:50','2023-09-01 17:32:50','30adc962-7109-11ed-a880-040300000000','30adc962-7109-11ed-a880-040300000000'),
('a8e94def-726e-11ed-a880-040300000000','ecf7d586-4f27-11ed-a964-040300000000','2b2a55a0-71c3-11ed-a880-040300000000','2023-09-01 17:32:50','2023-09-01 17:32:50','30adc962-7109-11ed-a880-040300000000','30adc962-7109-11ed-a880-040300000000'),
('a8eb9809-2199-11ee-8002-d89d6776f970','0a653e2e-400b-11ed-af5a-040300000000','0c67e95b-74f1-11ed-aad1-040300000000','2023-09-01 17:32:49','2023-09-01 17:32:49','30adc962-7109-11ed-a880-040300000000','30adc962-7109-11ed-a880-040300000000'),
('a9635426-71c3-11ed-a880-040300000000','cb333253-4336-11ed-aea4-040300000000','2b2a55a0-71c3-11ed-a880-040300000000','2023-09-01 17:32:50','2023-09-01 17:32:50','30adc962-7109-11ed-a880-040300000000','30adc962-7109-11ed-a880-040300000000'),
('aa749aaf-00b4-11ee-8002-d89d6776f970','9f59746a-7002-11ed-a880-040300000000','2b2a55a0-71c3-11ed-a880-040300000000','2023-09-01 17:32:50','2023-09-01 17:32:50','30adc962-7109-11ed-a880-040300000000','30adc962-7109-11ed-a880-040300000000'),
('ab6e6d00-58a4-11ee-a933-236cb4402701','7172f0d6-51b9-11ee-b06d-3cd92b4d9bf4','36fe6600-51b7-11ee-b06d-3cd92b4d9bf4','2023-09-06 16:42:02','2023-09-06 16:42:02','a6860b44-3087-11ed-aed0-040300000000','a6860b44-3087-11ed-aed0-040300000000'),
('ab6f265d-2199-11ee-8002-d89d6776f970','c40d55cb-40e0-11ed-af5a-040300000000','0c67e95b-74f1-11ed-aad1-040300000000','2023-09-01 17:32:49','2023-09-01 17:32:49','30adc962-7109-11ed-a880-040300000000','30adc962-7109-11ed-a880-040300000000'),
('ab707f0c-58a4-11ee-a933-236cb4402701','964fb80d-51b9-11ee-b06d-3cd92b4d9bf4','36fe6600-51b7-11ee-b06d-3cd92b4d9bf4','2023-09-06 16:42:02','2023-09-06 16:42:02','a6860b44-3087-11ed-aed0-040300000000','a6860b44-3087-11ed-aed0-040300000000'),
('ab73b05e-58a4-11ee-a933-236cb4402701','4eace880-51b9-11ee-b06d-3cd92b4d9bf4','36fe6600-51b7-11ee-b06d-3cd92b4d9bf4','2023-09-06 16:42:02','2023-09-06 16:42:02','a6860b44-3087-11ed-aed0-040300000000','a6860b44-3087-11ed-aed0-040300000000'),
('abbe6e25-71c3-11ed-a880-040300000000','cc383716-4341-11ed-aea4-040300000000','2b2a55a0-71c3-11ed-a880-040300000000','2023-09-01 17:32:50','2023-09-01 17:32:50','30adc962-7109-11ed-a880-040300000000','30adc962-7109-11ed-a880-040300000000'),
('ac989d36-1ced-11ee-8002-d89d6776f970','0a222cc8-1ced-11ee-8002-d89d6776f970','de8ab454-7269-11ed-a880-040300000000','2023-09-01 17:32:51','2023-09-01 17:32:51','30adc962-7109-11ed-a880-040300000000','30adc962-7109-11ed-a880-040300000000'),
('ad36cc4b-1ced-11ee-8002-d89d6776f970','25aa009c-1ced-11ee-8002-d89d6776f970','de8ab454-7269-11ed-a880-040300000000','2023-09-01 17:32:51','2023-09-01 17:32:51','30adc962-7109-11ed-a880-040300000000','30adc962-7109-11ed-a880-040300000000'),
('add04041-a27e-11ed-854b-040300000000','74cbffab-95ef-11ed-a912-705a0f328da6','2b2a55a0-71c3-11ed-a880-040300000000','2023-09-01 17:32:50','2023-09-01 17:32:50','30adc962-7109-11ed-a880-040300000000','30adc962-7109-11ed-a880-040300000000'),
('afc8ae27-1ced-11ee-8002-d89d6776f970','55ea7990-1ced-11ee-8002-d89d6776f970','de8ab454-7269-11ed-a880-040300000000','2023-09-01 17:32:51','2023-09-01 17:32:51','30adc962-7109-11ed-a880-040300000000','30adc962-7109-11ed-a880-040300000000'),
('b065b547-1ced-11ee-8002-d89d6776f970','72bc8740-1ced-11ee-8002-d89d6776f970','de8ab454-7269-11ed-a880-040300000000','2023-09-01 17:32:51','2023-09-01 17:32:51','30adc962-7109-11ed-a880-040300000000','30adc962-7109-11ed-a880-040300000000'),
('b0d5272b-71c3-11ed-a880-040300000000','c8bbd4f0-40df-11ed-af5a-040300000000','2b2a55a0-71c3-11ed-a880-040300000000','2023-09-01 17:32:50','2023-09-01 17:32:50','30adc962-7109-11ed-a880-040300000000','30adc962-7109-11ed-a880-040300000000'),
('b2c32f8f-1ced-11ee-8002-d89d6776f970','8791d43e-1ced-11ee-8002-d89d6776f970','de8ab454-7269-11ed-a880-040300000000','2023-09-01 17:32:51','2023-09-01 17:32:51','30adc962-7109-11ed-a880-040300000000','30adc962-7109-11ed-a880-040300000000'),
('b386b6aa-b850-11ed-8002-d89d6776f970','b3f8a23d-3f74-11ed-af5a-040300000000','abb64046-b850-11ed-8002-d89d6776f970','2023-09-01 17:32:50','2023-09-01 17:32:50','30adc962-7109-11ed-a880-040300000000','30adc962-7109-11ed-a880-040300000000'),
('b3c52863-71c3-11ed-a880-040300000000','cbc20034-44fb-11ed-aea4-040300000000','2b2a55a0-71c3-11ed-a880-040300000000','2023-09-01 17:32:50','2023-09-01 17:32:50','30adc962-7109-11ed-a880-040300000000','30adc962-7109-11ed-a880-040300000000'),
('b6c62811-b850-11ed-8002-d89d6776f970','fd244a6e-3f74-11ed-af5a-040300000000','abb64046-b850-11ed-8002-d89d6776f970','2023-09-01 17:32:50','2023-09-01 17:32:50','30adc962-7109-11ed-a880-040300000000','30adc962-7109-11ed-a880-040300000000'),
('b757edc6-71c3-11ed-a880-040300000000','d71b0eac-40df-11ed-af5a-040300000000','2b2a55a0-71c3-11ed-a880-040300000000','2023-09-01 17:32:50','2023-09-01 17:32:50','30adc962-7109-11ed-a880-040300000000','30adc962-7109-11ed-a880-040300000000'),
('bb10cadf-71c3-11ed-a880-040300000000','949c760e-4500-11ed-aea4-040300000000','2b2a55a0-71c3-11ed-a880-040300000000','2023-09-01 17:32:50','2023-09-01 17:32:50','30adc962-7109-11ed-a880-040300000000','30adc962-7109-11ed-a880-040300000000'),
('c03f215f-71c3-11ed-a880-040300000000','b3a6d6a6-40de-11ed-af5a-040300000000','2b2a55a0-71c3-11ed-a880-040300000000','2023-09-01 17:32:50','2023-09-01 17:32:50','30adc962-7109-11ed-a880-040300000000','30adc962-7109-11ed-a880-040300000000'),
('c4074090-71c3-11ed-a880-040300000000','7f767eb1-4111-11ed-af5a-040300000000','2b2a55a0-71c3-11ed-a880-040300000000','2023-09-01 17:32:50','2023-09-01 17:32:50','30adc962-7109-11ed-a880-040300000000','30adc962-7109-11ed-a880-040300000000'),
('c50b4b44-fa66-11ed-8002-d89d6776f970','408237ce-5574-11ed-a988-040300000000','a65773a5-fa66-11ed-8002-d89d6776f970','2023-09-01 17:32:50','2023-09-01 17:32:50','30adc962-7109-11ed-a880-040300000000','30adc962-7109-11ed-a880-040300000000'),
('c5215b9d-7271-11ed-a880-040300000000','0eb1d899-4401-11ed-aea4-040300000000','2b2a55a0-71c3-11ed-a880-040300000000','2023-09-01 17:32:49','2023-09-01 17:32:49','30adc962-7109-11ed-a880-040300000000','30adc962-7109-11ed-a880-040300000000'),
('c5e3ea7e-71c3-11ed-a880-040300000000','da6aba58-4500-11ed-aea4-040300000000','2b2a55a0-71c3-11ed-a880-040300000000','2023-09-01 17:32:50','2023-09-01 17:32:50','30adc962-7109-11ed-a880-040300000000','30adc962-7109-11ed-a880-040300000000'),
('c7fb7e63-71c3-11ed-a880-040300000000','a351bada-4010-11ed-af5a-040300000000','2b2a55a0-71c3-11ed-a880-040300000000','2023-09-01 17:32:50','2023-09-01 17:32:50','30adc962-7109-11ed-a880-040300000000','30adc962-7109-11ed-a880-040300000000'),
('d053bdbb-71c3-11ed-a880-040300000000','83456f02-44ff-11ed-aea4-040300000000','2b2a55a0-71c3-11ed-a880-040300000000','2023-09-01 17:32:50','2023-09-01 17:32:50','30adc962-7109-11ed-a880-040300000000','30adc962-7109-11ed-a880-040300000000'),
('d0e553b6-2cb1-11ee-8002-d89d6776f970','a6679532-2cb1-11ee-8002-d89d6776f970','2b2a55a0-71c3-11ed-a880-040300000000','2023-09-01 17:32:50','2023-09-01 17:32:50','30adc962-7109-11ed-a880-040300000000','30adc962-7109-11ed-a880-040300000000'),
('d2265bf3-2cb1-11ee-8002-d89d6776f970','c17c36e1-2cb1-11ee-8002-d89d6776f970','2b2a55a0-71c3-11ed-a880-040300000000','2023-09-01 17:32:50','2023-09-01 17:32:50','30adc962-7109-11ed-a880-040300000000','30adc962-7109-11ed-a880-040300000000'),
('d343c909-b847-11ed-8002-d89d6776f970','519c292a-5f00-11ed-a880-040300000000','ee999ece-9b56-11ed-b58e-2c4138b7dab1','2023-09-01 17:32:51','2023-09-01 17:32:51','30adc962-7109-11ed-a880-040300000000','30adc962-7109-11ed-a880-040300000000'),
('d50cf80e-5bcd-11ee-a933-236cb4402701','cb0d7e31-251b-11ee-977e-3cd92b4d9bf4','d17a5382-5bcd-11ee-a933-236cb4402701','2023-09-25 11:03:29','2023-09-25 11:03:29','30adc962-7109-11ed-a880-040300000000','30adc962-7109-11ed-a880-040300000000'),
('d54cac08-5bcd-11ee-a933-236cb4402701','36d0ac07-5bc6-11ee-a933-236cb4402701','d17a5382-5bcd-11ee-a933-236cb4402701','2023-09-25 11:03:30','2023-09-25 11:03:30','30adc962-7109-11ed-a880-040300000000','30adc962-7109-11ed-a880-040300000000'),
('d57ff6c3-5bcd-11ee-a933-236cb4402701','36d57fa0-5bc6-11ee-a933-236cb4402701','d17a5382-5bcd-11ee-a933-236cb4402701','2023-09-25 11:03:30','2023-09-25 11:03:30','30adc962-7109-11ed-a880-040300000000','30adc962-7109-11ed-a880-040300000000'),
('d5b0b69c-5bcd-11ee-a933-236cb4402701','9088b4f4-2119-11ee-ac66-3cd92b4d9bf4','d17a5382-5bcd-11ee-a933-236cb4402701','2023-09-25 11:03:30','2023-09-25 11:03:30','30adc962-7109-11ed-a880-040300000000','30adc962-7109-11ed-a880-040300000000'),
('d5e05170-5bcd-11ee-a933-236cb4402701','8233e6c7-251b-11ee-977e-3cd92b4d9bf4','d17a5382-5bcd-11ee-a933-236cb4402701','2023-09-25 11:03:30','2023-09-25 11:03:30','30adc962-7109-11ed-a880-040300000000','30adc962-7109-11ed-a880-040300000000'),
('d60b29ad-5bcd-11ee-a933-236cb4402701','830dd02e-5351-11ee-a933-236cb4402701','d17a5382-5bcd-11ee-a933-236cb4402701','2023-09-25 11:03:31','2023-09-25 11:03:31','30adc962-7109-11ed-a880-040300000000','30adc962-7109-11ed-a880-040300000000'),
('d62ab458-5bcd-11ee-a933-236cb4402701','3a63e59f-4ce6-11ee-b06d-3cd92b4d9bf4','d17a5382-5bcd-11ee-a933-236cb4402701','2023-09-25 11:03:31','2023-09-25 11:03:31','30adc962-7109-11ed-a880-040300000000','30adc962-7109-11ed-a880-040300000000'),
('d64a6eba-5bcd-11ee-a933-236cb4402701','7338024c-2119-11ee-ac66-3cd92b4d9bf4','d17a5382-5bcd-11ee-a933-236cb4402701','2023-09-25 11:03:31','2023-09-25 11:03:31','30adc962-7109-11ed-a880-040300000000','30adc962-7109-11ed-a880-040300000000'),
('d682a41a-5bcd-11ee-a933-236cb4402701','d8640e55-3c92-11ee-aedd-3cd92b4d9bf4','d17a5382-5bcd-11ee-a933-236cb4402701','2023-09-25 11:03:32','2023-09-25 11:03:32','30adc962-7109-11ed-a880-040300000000','30adc962-7109-11ed-a880-040300000000'),
('d6b8523c-5bcd-11ee-a933-236cb4402701','1b5310b5-220f-11ee-ac66-3cd92b4d9bf4','d17a5382-5bcd-11ee-a933-236cb4402701','2023-09-25 11:03:32','2023-09-25 11:03:32','30adc962-7109-11ed-a880-040300000000','30adc962-7109-11ed-a880-040300000000'),
('d6f09e62-5bcd-11ee-a933-236cb4402701','2d5e0e90-250b-11ee-977e-3cd92b4d9bf4','d17a5382-5bcd-11ee-a933-236cb4402701','2023-09-25 11:03:32','2023-09-25 11:03:32','30adc962-7109-11ed-a880-040300000000','30adc962-7109-11ed-a880-040300000000'),
('d72c5a71-5bcd-11ee-a933-236cb4402701','a30613a1-24f7-11ee-977e-3cd92b4d9bf4','d17a5382-5bcd-11ee-a933-236cb4402701','2023-09-25 11:03:33','2023-09-25 11:03:33','30adc962-7109-11ed-a880-040300000000','30adc962-7109-11ed-a880-040300000000'),
('d7634839-5bcd-11ee-a933-236cb4402701','2d4dc45f-250b-11ee-977e-3cd92b4d9bf4','d17a5382-5bcd-11ee-a933-236cb4402701','2023-09-25 11:03:33','2023-09-25 11:03:33','30adc962-7109-11ed-a880-040300000000','30adc962-7109-11ed-a880-040300000000'),
('d7a1f01c-5bcd-11ee-a933-236cb4402701','8d2fbe01-2aa2-11ee-ab48-3cd92b4d9bf4','d17a5382-5bcd-11ee-a933-236cb4402701','2023-09-25 11:03:33','2023-09-25 11:03:33','30adc962-7109-11ed-a880-040300000000','30adc962-7109-11ed-a880-040300000000'),
('d7d88bc4-5bcd-11ee-a933-236cb4402701','2d577aec-250b-11ee-977e-3cd92b4d9bf4','d17a5382-5bcd-11ee-a933-236cb4402701','2023-09-25 11:03:34','2023-09-25 11:03:34','30adc962-7109-11ed-a880-040300000000','30adc962-7109-11ed-a880-040300000000'),
('d810d132-5bcd-11ee-a933-236cb4402701','2d5b9934-250b-11ee-977e-3cd92b4d9bf4','d17a5382-5bcd-11ee-a933-236cb4402701','2023-09-25 11:03:34','2023-09-25 11:03:34','30adc962-7109-11ed-a880-040300000000','30adc962-7109-11ed-a880-040300000000'),
('d836a330-5bcd-11ee-a933-236cb4402701','2d528e7d-250b-11ee-977e-3cd92b4d9bf4','d17a5382-5bcd-11ee-a933-236cb4402701','2023-09-25 11:03:34','2023-09-25 11:03:34','30adc962-7109-11ed-a880-040300000000','30adc962-7109-11ed-a880-040300000000'),
('d86399d8-5bcd-11ee-a933-236cb4402701','2d5984d1-250b-11ee-977e-3cd92b4d9bf4','d17a5382-5bcd-11ee-a933-236cb4402701','2023-09-25 11:03:35','2023-09-25 11:03:35','30adc962-7109-11ed-a880-040300000000','30adc962-7109-11ed-a880-040300000000'),
('d892aae7-5bcd-11ee-a933-236cb4402701','2d54c92d-250b-11ee-977e-3cd92b4d9bf4','d17a5382-5bcd-11ee-a933-236cb4402701','2023-09-25 11:03:35','2023-09-25 11:03:35','30adc962-7109-11ed-a880-040300000000','30adc962-7109-11ed-a880-040300000000'),
('d8c40292-5bcd-11ee-a933-236cb4402701','cb0864f6-251b-11ee-977e-3cd92b4d9bf4','d17a5382-5bcd-11ee-a933-236cb4402701','2023-09-25 11:03:35','2023-09-25 11:03:35','30adc962-7109-11ed-a880-040300000000','30adc962-7109-11ed-a880-040300000000'),
('db19f83c-1057-11ee-8002-d89d6776f970','d88740cf-7000-11ed-a880-040300000000','22e1877d-95cc-11ed-a912-705a0f328da6','2023-09-01 17:32:49','2023-09-01 17:32:49','30adc962-7109-11ed-a880-040300000000','30adc962-7109-11ed-a880-040300000000'),
('dd62e131-1057-11ee-8002-d89d6776f970','9f59746a-7002-11ed-a880-040300000000','22e1877d-95cc-11ed-a912-705a0f328da6','2023-09-01 17:32:49','2023-09-01 17:32:49','30adc962-7109-11ed-a880-040300000000','30adc962-7109-11ed-a880-040300000000'),
('e6bfa1f8-765b-11ed-aad1-040300000000','01e489ef-4016-11ed-af5a-040300000000','2621f126-71d3-11ed-a880-040300000000','2023-09-01 17:32:49','2023-09-01 17:32:49','30adc962-7109-11ed-a880-040300000000','30adc962-7109-11ed-a880-040300000000'),
('e9dcecdf-51cf-11ee-a933-236cb4402701','3a63e59f-4ce6-11ee-b06d-3cd92b4d9bf4','3b7ee097-2119-11ee-ac66-3cd92b4d9bf4','2023-09-12 17:53:11','2023-09-12 17:53:11','30adc962-7109-11ed-a880-040300000000','30adc962-7109-11ed-a880-040300000000'),
('ee27c758-74ef-11ed-aad1-040300000000','4f3569a6-66a2-11ed-a880-040300000000','2621f126-71d3-11ed-a880-040300000000','2023-09-01 17:32:49','2023-09-01 17:32:49','30adc962-7109-11ed-a880-040300000000','30adc962-7109-11ed-a880-040300000000'),
('f0ad1738-b844-11ed-8002-d89d6776f970','2ff657a1-5f00-11ed-a880-040300000000','ee999ece-9b56-11ed-b58e-2c4138b7dab1','2023-09-01 17:32:51','2023-09-01 17:32:51','30adc962-7109-11ed-a880-040300000000','30adc962-7109-11ed-a880-040300000000'),
('f60f74af-fa67-11ed-8002-d89d6776f970','519c292a-5f00-11ed-a880-040300000000','a65773a5-fa66-11ed-8002-d89d6776f970','2023-09-01 17:32:50','2023-09-01 17:32:50','30adc962-7109-11ed-a880-040300000000','30adc962-7109-11ed-a880-040300000000'),
('fadb7eef-74e3-11ed-aad1-040300000000','c12ae0ca-5544-11ed-a988-040300000000','de8ab454-7269-11ed-a880-040300000000','2023-09-01 17:32:51','2023-09-01 17:32:51','30adc962-7109-11ed-a880-040300000000','30adc962-7109-11ed-a880-040300000000');
/*!40000 ALTER TABLE `RolMenus` ENABLE KEYS */;
UNLOCK TABLES;

--
-- Table structure for table `Roles`
--

DROP TABLE IF EXISTS `Roles`;
/*!40101 SET @saved_cs_client     = @@character_set_client */;
/*!40101 SET character_set_client = utf8 */;
CREATE TABLE `Roles` (
  `Id` char(36) NOT NULL DEFAULT uuid(),
  `Nombre` varchar(100) NOT NULL,
  `Descripcion` varchar(200) NOT NULL,
  `ControlInterno` varchar(50) NOT NULL DEFAULT '',
  `IdApp` char(36) NOT NULL,
  `CreadoPor` char(36) NOT NULL DEFAULT '',
  `FechaCreacion` datetime NOT NULL DEFAULT current_timestamp(),
  `ModificadoPor` char(36) NOT NULL,
  `UltimaActualizacion` datetime NOT NULL DEFAULT current_timestamp() ON UPDATE current_timestamp(),
  `Deleted` tinyint(1) NOT NULL DEFAULT 0,
  PRIMARY KEY (`Id`) USING BTREE,
  KEY `FK_Roles_Usuarios` (`ModificadoPor`) USING BTREE,
  KEY `FK_Roles_Usuarios_2` (`CreadoPor`) USING BTREE,
  CONSTRAINT `FK_Roles_Usuarios` FOREIGN KEY (`ModificadoPor`) REFERENCES `Usuarios` (`Id`) ON DELETE NO ACTION ON UPDATE NO ACTION,
  CONSTRAINT `FK_Roles_Usuarios_2` FOREIGN KEY (`CreadoPor`) REFERENCES `Usuarios` (`Id`) ON DELETE NO ACTION ON UPDATE NO ACTION
) ENGINE=InnoDB DEFAULT CHARSET=utf8mb3 COLLATE=utf8mb3_general_ci ROW_FORMAT=DYNAMIC;
/*!40101 SET character_set_client = @saved_cs_client */;

--
-- Dumping data for table `Roles`
--

LOCK TABLES `Roles` WRITE;
/*!40000 ALTER TABLE `Roles` DISABLE KEYS */;
INSERT INTO `Roles` VALUES
('0191ca3b-5acd-11ed-a988-040300000000','Administrador General','Administrador General de la Plataforma','ADMINGENL','973ecf89-38ff-11ed-aed0-040300000000','30adc962-7109-11ed-a880-040300000000','2023-09-01 17:05:34','30adc962-7109-11ed-a880-040300000000','2023-09-01 17:05:34',0),
('0c67e95b-74f1-11ed-aad1-040300000000','DPCP Presupuestal','Rol para Operaciones de DPCP','','973ecf89-38ff-11ed-aed0-040300000000','30adc962-7109-11ed-a880-040300000000','2023-09-01 17:05:34','30adc962-7109-11ed-a880-040300000000','2023-09-01 17:05:34',0),
('11aa824f-95cc-11ed-a912-705a0f328da6','Organismo','Rol para usuarios de tipo organismos','','973ecf89-38ff-11ed-aed0-040300000000','30adc962-7109-11ed-a880-040300000000','2023-09-01 17:05:34','30adc962-7109-11ed-a880-040300000000','2023-09-01 17:05:34',0),
('22e1877d-95cc-11ed-a912-705a0f328da6','DAMOP ORGANISMOS','rol para los usuarios de damop de tipo organismos','','973ecf89-38ff-11ed-aed0-040300000000','30adc962-7109-11ed-a880-040300000000','2023-09-01 17:05:34','30adc962-7109-11ed-a880-040300000000','2023-09-01 17:05:34',0),
('25bc4557-d7ca-11ed-8581-040300000000','DCCP CONSULTA','Encargado DCCP','','973ecf89-38ff-11ed-aed0-040300000000','30adc962-7109-11ed-a880-040300000000','2023-09-01 17:05:34','30adc962-7109-11ed-a880-040300000000','2023-09-01 17:05:34',0),
('2621f126-71d3-11ed-a880-040300000000','DAMOP MUNICIPIOS','ROL PARA GENERAR OPERACIONES DE APORTACIONES DE DAMOP','','973ecf89-38ff-11ed-aed0-040300000000','30adc962-7109-11ed-a880-040300000000','2023-09-01 17:05:34','30adc962-7109-11ed-a880-040300000000','2023-09-01 17:05:34',0),
('2b2a55a0-71c3-11ed-a880-040300000000','CPH CALCULO','rol para Generar las operaciones de Coordinación de Planeación Hacendaria','','973ecf89-38ff-11ed-aed0-040300000000','30adc962-7109-11ed-a880-040300000000','2023-09-01 17:05:34','30adc962-7109-11ed-a880-040300000000','2023-09-01 17:05:34',0),
('31b651bf-d7cf-11ed-8002-d89d6776f970','DCCP','Rol para usuarios de DCCP','','973ecf89-38ff-11ed-aed0-040300000000','30adc962-7109-11ed-a880-040300000000','2023-09-01 17:05:34','30adc962-7109-11ed-a880-040300000000','2023-09-07 09:18:03',1),
('36fe6600-51b7-11ee-b06d-3cd92b4d9bf4','Adminsitrador General','Administrador General de la Plataforma','ADMINSICA','970c0ac7-51b5-11ee-b06d-3cd92b4d9bf4','30adc962-7109-11ed-a880-040300000000','2023-09-12 15:56:23','30adc962-7109-11ed-a880-040300000000','2023-09-12 15:56:23',0),
('3b7ee097-2119-11ee-ac66-3cd92b4d9bf4','Adminsitrador General','Adminsitrador General de la Plataforma','ADMINSICSA','161206bc-405b-11ee-8002-d89d6776f970','30adc962-7109-11ed-a880-040300000000','2023-07-12 13:04:09','30adc962-7109-11ed-a880-040300000000','2023-07-12 13:04:08',0),
('5eb9ce50-7655-11ed-aad1-040300000000','DPCP','Autorizar	Revisión de Solicitudes','','973ecf89-38ff-11ed-aed0-040300000000','30adc962-7109-11ed-a880-040300000000','2023-09-01 17:05:34','30adc962-7109-11ed-a880-040300000000','2023-09-07 09:18:17',1),
('6e2e84fb-0717-11ee-8002-d89d6776f970','DAMOP','CFDI	Rol exclusivo para cargar CFDI','','973ecf89-38ff-11ed-aed0-040300000000','30adc962-7109-11ed-a880-040300000000','2023-09-01 17:05:34','30adc962-7109-11ed-a880-040300000000','2023-09-01 17:05:34',0),
('771f14a9-5bcb-11ee-a933-236cb4402701','Administrador','Administrador del sistema','Admin','f18ad0d4-3087-11ed-aed0-040300000000','30adc962-7109-11ed-a880-040300000000','2023-09-25 10:46:33','30adc962-7109-11ed-a880-040300000000','2023-09-25 10:46:33',0),
('80b7e403-1054-11ee-8002-d89d6776f970','ORGANISMOS CFDI','Administración de CFDI de Organismos','','973ecf89-38ff-11ed-aed0-040300000000','30adc962-7109-11ed-a880-040300000000','2023-09-01 17:05:34','30adc962-7109-11ed-a880-040300000000','2023-09-01 17:05:34',0),
('a65773a5-fa66-11ed-8002-d89d6776f970','SPEI Municipios','Permisos para Subir Spei de los Municipios','','973ecf89-38ff-11ed-aed0-040300000000','30adc962-7109-11ed-a880-040300000000','2023-09-01 17:05:34','30adc962-7109-11ed-a880-040300000000','2023-09-01 17:05:34',0),
('abb64046-b850-11ed-8002-d89d6776f970','Gestión Usuarios','Administración de solicitudes de usuarios','','973ecf89-38ff-11ed-aed0-040300000000','30adc962-7109-11ed-a880-040300000000','2023-09-01 17:05:34','30adc962-7109-11ed-a880-040300000000','2023-09-01 17:05:34',0),
('d17a5382-5bcd-11ee-a933-236cb4402701','INAP','Grupo de Soporte Técnico','INAP','161206bc-405b-11ee-8002-d89d6776f970','30adc962-7109-11ed-a880-040300000000','2023-09-25 11:03:23','30adc962-7109-11ed-a880-040300000000','2023-09-25 11:03:23',0),
('d78871a5-ccd1-11ed-8002-d89d6776f970','DPCP Solicitudes','Autorización de Solicitudes','','973ecf89-38ff-11ed-aed0-040300000000','30adc962-7109-11ed-a880-040300000000','2023-09-01 17:05:34','30adc962-7109-11ed-a880-040300000000','2023-09-01 17:05:34',0),
('de8ab454-7269-11ed-a880-040300000000','Municipio','Rol De Municipio','','973ecf89-38ff-11ed-aed0-040300000000','30adc962-7109-11ed-a880-040300000000','2023-09-01 17:05:34','30adc962-7109-11ed-a880-040300000000','2023-09-01 17:05:34',0),
('ee999ece-9b56-11ed-b58e-2c4138b7dab1','DAF OPERACIONES','Rol para usuarios del departamento de DAF','','973ecf89-38ff-11ed-aed0-040300000000','30adc962-7109-11ed-a880-040300000000','2023-09-01 17:05:34','30adc962-7109-11ed-a880-040300000000','2023-09-01 17:05:34',0),
('f4ca7078-c386-11ed-8002-d89d6776f970','DAF Coordinación','Encargado de  DAF','','973ecf89-38ff-11ed-aed0-040300000000','30adc962-7109-11ed-a880-040300000000','2023-09-01 17:05:34','30adc962-7109-11ed-a880-040300000000','2023-09-01 17:05:34',0);
/*!40000 ALTER TABLE `Roles` ENABLE KEYS */;
UNLOCK TABLES;

--
-- Table structure for table `Solicitudes`
--

DROP TABLE IF EXISTS `Solicitudes`;
/*!40101 SET @saved_cs_client     = @@character_set_client */;
/*!40101 SET character_set_client = utf8 */;
CREATE TABLE `Solicitudes` (
  `Id` char(36) NOT NULL DEFAULT uuid(),
  `Nombre` varchar(70) NOT NULL,
  `ApellidoPaterno` varchar(20) NOT NULL,
  `ApellidoMaterno` varchar(20) NOT NULL,
  `NombreUsuario` varchar(30) NOT NULL,
  `CorreoElectronico` varchar(100) NOT NULL,
  `Puesto` varchar(255) NOT NULL,
  `Curp` varchar(18) NOT NULL,
  `Rfc` varchar(13) NOT NULL,
  `Celular` varchar(10) NOT NULL,
  `Telefono` varchar(10) NOT NULL,
  `Ext` varchar(4) NOT NULL,
  `TipoSolicitud` char(36) NOT NULL,
  `IdApp` char(36) NOT NULL,
  `Estatus` tinyint(1) unsigned NOT NULL DEFAULT 0,
  `CreadoPor` char(36) NOT NULL,
  `FechaDeCreacion` datetime NOT NULL DEFAULT current_timestamp(),
  `UltimaModificacion` datetime NOT NULL DEFAULT current_timestamp(),
  `ModificadoPor` char(36) NOT NULL,
  `Roles` varchar(5000) NOT NULL,
  `IdTipoUsuario` char(36) NOT NULL,
  `PuedeFirmar` tinyint(1) NOT NULL,
  `IdEntidad` char(36) NOT NULL,
  PRIMARY KEY (`Id`) USING BTREE,
  KEY `CreadoPor` (`CreadoPor`),
  KEY `ModificadoPor` (`ModificadoPor`),
  KEY `IdApp` (`IdApp`),
  KEY `FK_Solicitudes_TipoSolicitud` (`TipoSolicitud`),
  CONSTRAINT `FK_Solicitudes_Apps` FOREIGN KEY (`IdApp`) REFERENCES `Apps` (`Id`) ON DELETE NO ACTION ON UPDATE NO ACTION,
  CONSTRAINT `FK_Solicitudes_TipoSolicitud` FOREIGN KEY (`TipoSolicitud`) REFERENCES `TipoSolicitud` (`id`) ON DELETE NO ACTION ON UPDATE NO ACTION,
  CONSTRAINT `FK_Solicitudes_Usuarios_2` FOREIGN KEY (`CreadoPor`) REFERENCES `Usuarios` (`Id`) ON DELETE NO ACTION ON UPDATE NO ACTION,
  CONSTRAINT `FK_Solicitudes_Usuarios_3` FOREIGN KEY (`ModificadoPor`) REFERENCES `Usuarios` (`Id`) ON DELETE NO ACTION ON UPDATE NO ACTION
) ENGINE=InnoDB DEFAULT CHARSET=utf8mb3 COLLATE=utf8mb3_general_ci COMMENT='Solicitudes de usuarios nuevos';
/*!40101 SET character_set_client = @saved_cs_client */;

--
-- Dumping data for table `Solicitudes`
--

LOCK TABLES `Solicitudes` WRITE;
/*!40000 ALTER TABLE `Solicitudes` DISABLE KEYS */;
INSERT INTO `Solicitudes` VALUES
('00ba98c3-4d02-11ee-8002-d89d6776f970','Adolfo Angel','Garcia','Martinez','Disrec','aagarcia@cecapmex.com','Soporte usuarios','SISTEMASISTEMASIST','SISTEMASISTEM','8126902423','8126902423','456','b6e59f3b-6c49-11ed-a880-040300000000','973ecf89-38ff-11ed-aed0-040300000000',1,'30adc962-7109-11ed-a880-040300000000','2023-09-06 16:08:11','2023-09-06 16:08:16','30adc962-7109-11ed-a880-040300000000','{\"Roles\":[\"0191ca3b-5acd-11ed-a988-040300000000\"]}','b055eb06-6438-11ed-a880-040300000000',0,'57d290ef-3647-11ee-af0d-3cd92b4d9bf4'),
('05d4252b-4d01-11ee-8002-d89d6776f970','Adolfo Angel','Garcia','Martinez','Disrec','aagarcia@cecapmex.com','Soporte usuarios','SISTEMASISTEMASIST','SISTEMASISTEM','8126902423','8126902423','456','b6e59f3b-6c49-11ed-a880-040300000000','973ecf89-38ff-11ed-aed0-040300000000',1,'30adc962-7109-11ed-a880-040300000000','2023-09-06 16:01:10','2023-09-06 16:01:19','30adc962-7109-11ed-a880-040300000000','{\"Roles\":[\"2b2a55a0-71c3-11ed-a880-040300000000\"]}','b055eb06-6438-11ed-a880-040300000000',0,'57d290ef-3647-11ee-af0d-3cd92b4d9bf4'),
('05edb872-4919-11ee-8002-d89d6776f970','Ivet','Avendaño','García','ivet.avendano','ivet.avendano@nuevoleon.gob.mx','JEFE DE DEPARTAMENTO','AEGI860911MPLVRV06','AEGI860911S43','8120202463','8120202463','2463','a5838dce-6c49-11ed-a880-040300000000','161206bc-405b-11ee-8002-d89d6776f970',1,'30adc962-7109-11ed-a880-040300000000','2023-09-01 16:42:53','2023-09-05 09:13:54','30adc962-7109-11ed-a880-040300000000','{\"Roles\":[\"3b7ee097-2119-11ee-ac66-3cd92b4d9bf4\"]}','b055eea8-6438-11ed-a880-040300000000',0,'86be0763-4917-11ee-8002-d89d6776f970'),
('06b20c1b-4ccf-11ee-8002-d89d6776f970','Juan Fernando','Chávez','Marroquín','juan.chavez','juan.chavez@nuevoleon.gob.mx','Analista','CAMJ871029HNLHRN02','CAMJ871029FP4','8126902423','8120201460','1460','b6e59f3b-6c49-11ed-a880-040300000000','973ecf89-38ff-11ed-aed0-040300000000',1,'30adc962-7109-11ed-a880-040300000000','2023-09-06 10:03:16','2023-09-06 10:03:22','30adc962-7109-11ed-a880-040300000000','{\"Roles\":[\"22e1877d-95cc-11ed-a912-705a0f328da6\",\"80b7e403-1054-11ee-8002-d89d6776f970\"]}','b055eea8-6438-11ed-a880-040300000000',0,'0d6c5ee9-366c-11ee-af0d-3cd92b4d9bf4'),
('070831ee-4d00-11ee-8002-d89d6776f970','Héctor Inocencio','Pérez','Trujillo','hector.perez','hector.perez@nuevoleon.gob.mx','JEFE DE DEPARTAMENTO','PETH650915HNLRRC05','PETH6509154M8','8114953190','8120201300','1333','b6e59f3b-6c49-11ed-a880-040300000000','973ecf89-38ff-11ed-aed0-040300000000',1,'30adc962-7109-11ed-a880-040300000000','2023-09-06 15:54:02','2023-09-06 15:54:09','30adc962-7109-11ed-a880-040300000000','{\"Roles\":[\"d78871a5-ccd1-11ed-8002-d89d6776f970\"]}','b055eea8-6438-11ed-a880-040300000000',0,'6f53a27b-4ccf-11ee-8002-d89d6776f970'),
('09e620ae-b87d-11ed-8002-d89d6776f970','PEDRO HIGINIO','SALAZAR','OBREGÓN','pedroh.salazar','pedroh.salazar@nuevoleon.gob.mx','','SAOP730910HNLLBD01','SAOP7309109X3','8120202483','8120202483','2483','a5838dce-6c49-11ed-a880-040300000000','973ecf89-38ff-11ed-aed0-040300000000',1,'30adc962-7109-11ed-a880-040300000000','2023-03-01 14:04:29','2023-03-01 14:06:25','30adc962-7109-11ed-a880-040300000000','','',0,''),
('13ca7436-4cf7-11ee-8002-d89d6776f970','Linda Ahime ','Avalos','a','linda.avalos','linda.avalos@nuevoleon.gob.mx','ANALISTA','AAXL780526MSPVXN00','AALI780526D51','8120201301','8120201301','1301','a5838dce-6c49-11ed-a880-040300000000','161206bc-405b-11ee-8002-d89d6776f970',1,'30adc962-7109-11ed-a880-040300000000','2023-09-06 14:49:58','2023-09-06 14:50:07','30adc962-7109-11ed-a880-040300000000','{\"Roles\":[\"3b7ee097-2119-11ee-ac66-3cd92b4d9bf4\"]}','b055eea8-6438-11ed-a880-040300000000',0,'86be0763-4917-11ee-8002-d89d6776f970'),
('143f9385-4d9e-11ee-8002-d89d6776f970','Adolfo Angel','Garcia','Martinez','Disrec','aagarcia@cecapmex.com','Soporte usuarios','SISTEMASISTEMASIST','SISTEMASISTEM','8126902423','8126902423','456','b6e59f3b-6c49-11ed-a880-040300000000','973ecf89-38ff-11ed-aed0-040300000000',1,'30adc962-7109-11ed-a880-040300000000','2023-09-07 10:45:25','2023-09-07 10:45:30','30adc962-7109-11ed-a880-040300000000','{\"Roles\":[\"2621f126-71d3-11ed-a880-040300000000\",\"0191ca3b-5acd-11ed-a988-040300000000\"]}','b055eb06-6438-11ed-a880-040300000000',0,'0d6c5ee9-366c-11ee-af0d-3cd92b4d9bf4'),
('195803a0-46c1-11ee-8002-d89d6776f970','KAREN AMABELY','TIJERINA','FLORES','karen.tijerina','karen.tijerina@nuevoleon.gob.mx','','TIFK911119MNLJLR05','TIFK911119GQ5','81202077','81202077','7721','a5838dce-6c49-11ed-a880-040300000000','973ecf89-38ff-11ed-aed0-040300000000',1,'30adc962-7109-11ed-a880-040300000000','2023-08-29 17:08:28','2023-08-29 17:09:47','30adc962-7109-11ed-a880-040300000000','','',0,''),
('1ad71765-0fbd-11ee-8002-d89d6776f970','Yessica Guadalupe','Rodríguez','Cantú','yessica.rodriguez','yessica.rodriguez@nuevoleon.gob.mx','','ROCY871008MNLDNS00','ROCY871008QB3','0','8120206226','0','a5838dce-6c49-11ed-a880-040300000000','973ecf89-38ff-11ed-aed0-040300000000',1,'30adc962-7109-11ed-a880-040300000000','2023-06-20 15:52:16','2023-06-20 16:54:27','30adc962-7109-11ed-a880-040300000000','','',0,''),
('1bcd390b-5bce-11ee-a933-236cb4402701','Adolfo Angel','Garcia','Martinez','Disrec','aagarcia@cecapmex.com','Soporte usuarios','SISTEMASISTEMASIST','SISTEMASISTEM','8126902423','8126902423','456','b6e59f3b-6c49-11ed-a880-040300000000','161206bc-405b-11ee-8002-d89d6776f970',1,'30adc962-7109-11ed-a880-040300000000','2023-09-25 11:05:28','2023-09-25 11:05:35','30adc962-7109-11ed-a880-040300000000','{\"Roles\":[\"d17a5382-5bcd-11ee-a933-236cb4402701\"]}','b055eb06-6438-11ed-a880-040300000000',0,'57d290ef-3647-11ee-af0d-3cd92b4d9bf4'),
('1fcd0149-e085-11ed-8002-d89d6776f970','Rocío Esmeralda','Martínez','Lucio','rocio.martinez','rocio.martinezl@nuevoleon.gob.mx','','MALR890330MNLRCC09','MALR890330CK7','8120201420','8120201420','1420','a5838dce-6c49-11ed-a880-040300000000','973ecf89-38ff-11ed-aed0-040300000000',1,'30adc962-7109-11ed-a880-040300000000','2023-04-21 13:43:08','2023-04-21 13:44:11','30adc962-7109-11ed-a880-040300000000','','',0,''),
('216c9795-0fbe-11ee-8002-d89d6776f970','Gabriela','Flores','Guerrero','gabriela.flores','gabriela.flores@nuevoleon.gob.mx','','FOGG680324MNLLRB09','FOGG680324MT3','0','8120201343','0','a5838dce-6c49-11ed-a880-040300000000','973ecf89-38ff-11ed-aed0-040300000000',1,'30adc962-7109-11ed-a880-040300000000','2023-06-20 15:59:37','2023-06-20 16:54:36','30adc962-7109-11ed-a880-040300000000','','',0,''),
('24a8d68e-4d0b-11ee-8002-d89d6776f970','Adolfo Angel','Garcia','Martinez','Disrec','aagarcia@cecapmex.com','Soporte usuarios','SISTEMASISTEMASIST','SISTEMASISTEM','8126902423','8126902423','456','b6e59f3b-6c49-11ed-a880-040300000000','973ecf89-38ff-11ed-aed0-040300000000',1,'30adc962-7109-11ed-a880-040300000000','2023-09-06 17:13:36','2023-09-06 17:13:42','30adc962-7109-11ed-a880-040300000000','{\"Roles\":[\"2b2a55a0-71c3-11ed-a880-040300000000\"]}','b055eb06-6438-11ed-a880-040300000000',0,'57d290ef-3647-11ee-af0d-3cd92b4d9bf4'),
('280971e0-0ed7-11ee-8002-d89d6776f970','Juan José','Garza','Hernández','juanjose.garza','juanjose.garza@nuevoleon.gob.mx','','GAHJ850624HNLRRN02','GAHJ8506243R2','8112497438','8120201300','1324','a5838dce-6c49-11ed-a880-040300000000','973ecf89-38ff-11ed-aed0-040300000000',1,'30adc962-7109-11ed-a880-040300000000','2023-06-19 12:26:14','2023-06-19 13:05:37','30adc962-7109-11ed-a880-040300000000','','',0,''),
('2ada55e8-dedc-11ed-8002-d89d6776f970','Usuario','Genérico','DORG','DAMOPORG','DAMOPORG@pruebas.com','','DAMOPORG12MVZYNN09','DAMOPORG12345','5678','1234','910','a5838dce-6c49-11ed-a880-040300000000','973ecf89-38ff-11ed-aed0-040300000000',1,'30adc962-7109-11ed-a880-040300000000','2023-04-19 11:01:11','2023-04-19 11:02:34','30adc962-7109-11ed-a880-040300000000','','',0,''),
('2dbfb2dc-4d92-11ee-8002-d89d6776f970','Adolfo Angel','Garcia','Martinez','Disrec','aagarcia@cecapmex.com','Soporte usuarios','SISTEMASISTEMASIST','SISTEMASISTEM','8126902423','8126902423','456','b6e59f3b-6c49-11ed-a880-040300000000','973ecf89-38ff-11ed-aed0-040300000000',1,'30adc962-7109-11ed-a880-040300000000','2023-09-07 09:20:14','2023-09-07 09:20:21','30adc962-7109-11ed-a880-040300000000','{\"Roles\":[\"0191ca3b-5acd-11ed-a988-040300000000\",\"d78871a5-ccd1-11ed-8002-d89d6776f970\"]}','b055eb06-6438-11ed-a880-040300000000',0,'27ee21b0-4d8c-11ee-8002-d89d6776f970'),
('2e029888-4cff-11ee-8002-d89d6776f970','Karla Yesenia','Delgado','Garcia ','karla.delgado','karla.delgado@nuevoleon.gob.mx','GENERICO','DEGK900306MNLLRR05','DEGK900306PR9','8120201377','8120201377','0','b6e59f3b-6c49-11ed-a880-040300000000','973ecf89-38ff-11ed-aed0-040300000000',1,'30adc962-7109-11ed-a880-040300000000','2023-09-06 15:47:58','2023-09-06 15:49:08','30adc962-7109-11ed-a880-040300000000','{\"Roles\":[\"22e1877d-95cc-11ed-a912-705a0f328da6\",\"80b7e403-1054-11ee-8002-d89d6776f970\"]}','b055eea8-6438-11ed-a880-040300000000',0,'0d6c5ee9-366c-11ee-af0d-3cd92b4d9bf4'),
('2e0a2eb9-4d8c-11ee-8002-d89d6776f970','Adolfo Angel','Garcia','Martinez','Disrec','aagarcia@cecapmex.com','Soporte usuarios','SISTEMASISTEMASIST','SISTEMASISTEM','8126902423','8126902423','456','b6e59f3b-6c49-11ed-a880-040300000000','973ecf89-38ff-11ed-aed0-040300000000',1,'30adc962-7109-11ed-a880-040300000000','2023-09-07 08:37:17','2023-09-07 08:37:23','30adc962-7109-11ed-a880-040300000000','{\"Roles\":[\"22e1877d-95cc-11ed-a912-705a0f328da6\",\"0191ca3b-5acd-11ed-a988-040300000000\"]}','b055eb06-6438-11ed-a880-040300000000',0,'27ee21b0-4d8c-11ee-8002-d89d6776f970'),
('2ea53507-4e7f-11ee-a933-236cb4402701','Olaguibel Antonio','Montemayor','Garza','olaguibel.montemayor','olaguibel.montemayor@nuevoleon.gob.mx','JEFE DE DEPARTAMENTO','MOGO740613HNLNRL02','MOGO740613CQ4','8112512736','8120202485','2485','b6e59f3b-6c49-11ed-a880-040300000000','973ecf89-38ff-11ed-aed0-040300000000',1,'30adc962-7109-11ed-a880-040300000000','2023-09-08 12:37:44','2023-09-08 12:37:49','30adc962-7109-11ed-a880-040300000000','{\"Roles\":[\"6e2e84fb-0717-11ee-8002-d89d6776f970\",\"80b7e403-1054-11ee-8002-d89d6776f970\"]}','b055eea8-6438-11ed-a880-040300000000',0,'0d6c5ee9-366c-11ee-af0d-3cd92b4d9bf4'),
('2f125d3e-4cfc-11ee-8002-d89d6776f970','Adolfo','Lopez','Recursos','Disrec','aagarcia@cecapmex.com','Soporte usuarios','SISTEMASISTEMASIST','SISTEMASISTEM','8126902423','8126902423','456','b6e59f3b-6c49-11ed-a880-040300000000','973ecf89-38ff-11ed-aed0-040300000000',1,'30adc962-7109-11ed-a880-040300000000','2023-09-06 15:26:32','2023-09-06 15:26:36','30adc962-7109-11ed-a880-040300000000','{\"Roles\":[\"2b2a55a0-71c3-11ed-a880-040300000000\"]}','b055eb06-6438-11ed-a880-040300000000',0,'57d290ef-3647-11ee-af0d-3cd92b4d9bf4'),
('2fad75f3-b79f-11ed-8002-d89d6776f970','Juan Fernando','Chávez','Marroquín','juan.chavez','juan.chavez@nuevoleon.gob.mx','','CAMJ871029HNLHRN02','CAMJ871029FP4','8126902423','8120201460','1460','a5838dce-6c49-11ed-a880-040300000000','973ecf89-38ff-11ed-aed0-040300000000',1,'30adc962-7109-11ed-a880-040300000000','2023-02-28 11:36:24','2023-02-28 11:36:45','30adc962-7109-11ed-a880-040300000000','','',0,''),
('39314051-b941-11ed-8002-d89d6776f970','JUAN CARLOS','GONZALEZ','ROMERO','juan.gonzalezr','juan.gonzalezr@nuevoleon.gob.mx','','GORJ741101HDFNMN11','GORJ7411014U7','6671672940','8120201377','1','a5838dce-6c49-11ed-a880-040300000000','973ecf89-38ff-11ed-aed0-040300000000',1,'30adc962-7109-11ed-a880-040300000000','2023-03-02 13:28:50','2023-03-02 13:34:48','30adc962-7109-11ed-a880-040300000000','','',0,''),
('3a0a492e-53f4-11ee-a933-236cb4402701','Adolfo Angel','Garcia','Martinez','Disrec','aagarcia@cecapmex.com','Soporte usuarios','SISTEMASISTEMASIST','SISTEMASISTEM','8126902423','8126902423','456','b6e59f3b-6c49-11ed-a880-040300000000','973ecf89-38ff-11ed-aed0-040300000000',1,'30adc962-7109-11ed-a880-040300000000','2023-09-15 11:18:10','2023-09-15 11:18:16','30adc962-7109-11ed-a880-040300000000','{\"Roles\":[\"2b2a55a0-71c3-11ed-a880-040300000000\"]}','b055eb06-6438-11ed-a880-040300000000',0,'57d290ef-3647-11ee-af0d-3cd92b4d9bf4'),
('3d299208-4cce-11ee-8002-d89d6776f970','Oswaldo','Calzada','Alba','oswaldo.calzada','oswaldo.calzada@nuevoleon.gob.mx','ANALISTA','XAXX010101000XCXCX','XAXX010101000','8120201033','8120201033','637','b6e59f3b-6c49-11ed-a880-040300000000','973ecf89-38ff-11ed-aed0-040300000000',1,'30adc962-7109-11ed-a880-040300000000','2023-09-06 09:57:38','2023-09-06 10:02:52','30adc962-7109-11ed-a880-040300000000','{\"Roles\":[\"2b2a55a0-71c3-11ed-a880-040300000000\"]}','b055eea8-6438-11ed-a880-040300000000',0,'57d290ef-3647-11ee-af0d-3cd92b4d9bf4'),
('3e0cf417-ded7-11ed-8002-d89d6776f970','Cesar','Mares','Gomez','cesar.mares','cesar.mare2@nuevoleon.gob.mx','','GAMA920807EB6HDDDD','XXXXXXXXXXXXX','1234567895','1234567895','125','a5838dce-6c49-11ed-a880-040300000000','973ecf89-38ff-11ed-aed0-040300000000',1,'30adc962-7109-11ed-a880-040300000000','2023-04-19 10:25:55','2023-04-19 10:26:19','30adc962-7109-11ed-a880-040300000000','','',0,''),
('3e1b83d7-4d03-11ee-8002-d89d6776f970','Adolfo Angel','Garcia','Martinez','Disrec','aagarcia@cecapmex.com','Soporte usuarios','SISTEMASISTEMASIST','SISTEMASISTEM','8126902423','8126902423','456','b6e59f3b-6c49-11ed-a880-040300000000','973ecf89-38ff-11ed-aed0-040300000000',1,'30adc962-7109-11ed-a880-040300000000','2023-09-06 16:17:03','2023-09-06 16:17:09','30adc962-7109-11ed-a880-040300000000','{\"Roles\":[\"2621f126-71d3-11ed-a880-040300000000\"]}','b055eb06-6438-11ed-a880-040300000000',0,'57d290ef-3647-11ee-af0d-3cd92b4d9bf4'),
('40ad483f-b87d-11ed-8002-d89d6776f970','MARIA MAYELA','GUAJARDO','LOPEZ','mayela.guajardo','mayela.guajardo@nuevoleon.gob.mx','','GULM720817MNLJPY07','GULM7208176R0','8111836742','8120201475','1475','a5838dce-6c49-11ed-a880-040300000000','973ecf89-38ff-11ed-aed0-040300000000',1,'30adc962-7109-11ed-a880-040300000000','2023-03-01 14:06:01','2023-03-01 14:06:22','30adc962-7109-11ed-a880-040300000000','','',0,''),
('411944c6-4d8b-11ee-8002-d89d6776f970','Adolfo Angel','Garcia','Martinez','Disrec','aagarcia@cecapmex.com','Soporte usuarios','SISTEMASISTEMASIST','SISTEMASISTEM','8126902423','8126902423','456','b6e59f3b-6c49-11ed-a880-040300000000','973ecf89-38ff-11ed-aed0-040300000000',1,'30adc962-7109-11ed-a880-040300000000','2023-09-07 08:30:40','2023-09-07 08:31:03','30adc962-7109-11ed-a880-040300000000','{\"Roles\":[\"22e1877d-95cc-11ed-a912-705a0f328da6\"]}','b055eb06-6438-11ed-a880-040300000000',0,'57d290ef-3647-11ee-af0d-3cd92b4d9bf4'),
('444f7aa9-4d9e-11ee-8002-d89d6776f970','Adolfo Angel','Garcia','Martinez','Disrec','aagarcia@cecapmex.com','Soporte usuarios','SISTEMASISTEMASIST','SISTEMASISTEM','8126902423','8126902423','456','b6e59f3b-6c49-11ed-a880-040300000000','973ecf89-38ff-11ed-aed0-040300000000',1,'30adc962-7109-11ed-a880-040300000000','2023-09-07 10:46:46','2023-09-07 10:46:52','30adc962-7109-11ed-a880-040300000000','{\"Roles\":[\"2621f126-71d3-11ed-a880-040300000000\",\"0191ca3b-5acd-11ed-a988-040300000000\",\"2b2a55a0-71c3-11ed-a880-040300000000\"]}','b055eb06-6438-11ed-a880-040300000000',0,'0d6c5ee9-366c-11ee-af0d-3cd92b4d9bf4'),
('44e6a478-4cce-11ee-8002-d89d6776f970','Juan Luis','Jimenez','Herrera','juanluis.jimenez','juanluis.jimenez@nuevoleon.gob.mx','JEFE DE DEPARTAMENTO','XAXX010101000XCXCX','XAXX010101000','8120202462','8120202462','504','b6e59f3b-6c49-11ed-a880-040300000000','973ecf89-38ff-11ed-aed0-040300000000',1,'30adc962-7109-11ed-a880-040300000000','2023-09-06 09:57:51','2023-09-06 10:02:49','30adc962-7109-11ed-a880-040300000000','{\"Roles\":[\"2b2a55a0-71c3-11ed-a880-040300000000\"]}','b055eea8-6438-11ed-a880-040300000000',0,'57d290ef-3647-11ee-af0d-3cd92b4d9bf4'),
('46c7611e-4d8c-11ee-8002-d89d6776f970','Juan Fernando','Chávez','Marroquín','juan.chavez','juan.chavez@nuevoleon.gob.mx','Analista','CAMJ871029HNLHRN02','CAMJ871029FP4','8126902423','8120201460','1460','b6e59f3b-6c49-11ed-a880-040300000000','973ecf89-38ff-11ed-aed0-040300000000',1,'30adc962-7109-11ed-a880-040300000000','2023-09-07 08:37:59','2023-09-07 08:38:04','30adc962-7109-11ed-a880-040300000000','{\"Roles\":[\"22e1877d-95cc-11ed-a912-705a0f328da6\",\"80b7e403-1054-11ee-8002-d89d6776f970\"]}','b055eea8-6438-11ed-a880-040300000000',0,'27ee21b0-4d8c-11ee-8002-d89d6776f970'),
('4719bc34-4919-11ee-8002-d89d6776f970','Myriam','Gándara','Vázquez','myriam.gandara','myriam.gandara@nuevoleon.gob.mx','JEFE DE DEPARTAMENTO','GAVM770601MNLNZY09','GAVM770601CL7','8120202455','8120202455','2455','a5838dce-6c49-11ed-a880-040300000000','161206bc-405b-11ee-8002-d89d6776f970',1,'30adc962-7109-11ed-a880-040300000000','2023-09-01 16:44:43','2023-09-05 09:14:02','30adc962-7109-11ed-a880-040300000000','{\"Roles\":[\"3b7ee097-2119-11ee-ac66-3cd92b4d9bf4\"]}','b055eea8-6438-11ed-a880-040300000000',0,'86be0763-4917-11ee-8002-d89d6776f970'),
('4aeb8273-4e7f-11ee-a933-236cb4402701','Olaguibel Antonio','Montemayor','Garza','olaguibel.montemayor','olaguibel.montemayor@nuevoleon.gob.mx','JEFE DE DEPARTAMENTO','MOGO740613HNLNRL02','MOGO740613CQ4','8112512736','8120202485','2485','b6e59f3b-6c49-11ed-a880-040300000000','973ecf89-38ff-11ed-aed0-040300000000',1,'30adc962-7109-11ed-a880-040300000000','2023-09-08 12:38:31','2023-09-08 12:38:35','30adc962-7109-11ed-a880-040300000000','{\"Roles\":[\"80b7e403-1054-11ee-8002-d89d6776f970\",\"2621f126-71d3-11ed-a880-040300000000\"]}','b055eea8-6438-11ed-a880-040300000000',0,'0d6c5ee9-366c-11ee-af0d-3cd92b4d9bf4'),
('4d5b1007-4cce-11ee-8002-d89d6776f970','Cesar Gabriel','Rivera','Cantu','cesar.rivera','cesar.rivera@nuevoleon.gob.mx','COORDINADOR','XAXX010101000XCXC','XAXX010101000','8120201212','8120201212','631','b6e59f3b-6c49-11ed-a880-040300000000','973ecf89-38ff-11ed-aed0-040300000000',1,'30adc962-7109-11ed-a880-040300000000','2023-09-06 09:58:05','2023-09-06 10:02:46','30adc962-7109-11ed-a880-040300000000','{\"Roles\":[\"2b2a55a0-71c3-11ed-a880-040300000000\"]}','b055eea8-6438-11ed-a880-040300000000',0,'57d290ef-3647-11ee-af0d-3cd92b4d9bf4'),
('517a60f3-4cf7-11ee-8002-d89d6776f970','Alinuhi','Sainz','Corona','alinuhi.sainz','alinuhi.sainz@nuevoleon.gob.mx','ANALISTA','SACA760321MSLNRL03','SACA760321N3A','1234567891','1234567891','111','ab75eb3e-6c49-11ed-a880-040300000000','161206bc-405b-11ee-8002-d89d6776f970',1,'30adc962-7109-11ed-a880-040300000000','2023-09-06 14:51:42','2023-09-06 14:52:01','30adc962-7109-11ed-a880-040300000000','{\"Roles\":[\"3b7ee097-2119-11ee-ac66-3cd92b4d9bf4\"]}','b055eea8-6438-11ed-a880-040300000000',0,'86be0763-4917-11ee-8002-d89d6776f970'),
('591ab799-4cce-11ee-8002-d89d6776f970','Alexa Gabriela','Hernandez','Ibarra','alexa.hernandez','alexa.hernandez@nuevoleon.gob.mx','Analista','HEIA991014MNLRBL07','HEIA991014UFA','8120201300','8120201300','6284','b6e59f3b-6c49-11ed-a880-040300000000','973ecf89-38ff-11ed-aed0-040300000000',1,'30adc962-7109-11ed-a880-040300000000','2023-09-06 09:58:25','2023-09-06 10:02:43','30adc962-7109-11ed-a880-040300000000','{\"Roles\":[\"80b7e403-1054-11ee-8002-d89d6776f970\",\"22e1877d-95cc-11ed-a912-705a0f328da6\"]}','b055eea8-6438-11ed-a880-040300000000',0,'0d6c5ee9-366c-11ee-af0d-3cd92b4d9bf4'),
('5a4ba9fb-4d02-11ee-8002-d89d6776f970','Cynthia Selene','Vera','Zapata','cynthia.vera','cynthia.vera@nuevoleon.gob.mx','ANALISTA','VEZC841002MTSRPY07','VEZC841002231','8120115044','8120202476','2476','b6e59f3b-6c49-11ed-a880-040300000000','973ecf89-38ff-11ed-aed0-040300000000',1,'30adc962-7109-11ed-a880-040300000000','2023-09-06 16:10:41','2023-09-06 16:10:47','30adc962-7109-11ed-a880-040300000000','{\"Roles\":[\"2621f126-71d3-11ed-a880-040300000000\"]}','b055eea8-6438-11ed-a880-040300000000',0,'0d6c5ee9-366c-11ee-af0d-3cd92b4d9bf4'),
('5a9494ef-4052-11ee-8002-d89d6776f970','Rey Moisés','Vásquez','Hernández','rey.vasquez','rey.vasquez@nuevoleon.gob.mx','','VAHR740106HVZSRY09','VAHR740106KV2','8120201424','8120201424','0','a5838dce-6c49-11ed-a880-040300000000','973ecf89-38ff-11ed-aed0-040300000000',1,'30adc962-7109-11ed-a880-040300000000','2023-08-21 11:41:34','2023-08-21 11:41:59','30adc962-7109-11ed-a880-040300000000','','',0,''),
('5b670d9c-4918-11ee-8002-d89d6776f970','Moisés Francisco','Buitrón ','Cedillo','moises.buitron','moises.buitron@nuevoleon.gob.mx','JEFE DE DEPARTAMENTO','BUCM740503HTSTDS02','BUCM740503LM0','8120201365','8120201365','1365','a5838dce-6c49-11ed-a880-040300000000','161206bc-405b-11ee-8002-d89d6776f970',1,'30adc962-7109-11ed-a880-040300000000','2023-09-01 16:38:07','2023-09-05 09:13:44','30adc962-7109-11ed-a880-040300000000','{\"Roles\":[\"3b7ee097-2119-11ee-ac66-3cd92b4d9bf4\"]}','b055eea8-6438-11ed-a880-040300000000',0,'86be0763-4917-11ee-8002-d89d6776f970'),
('5c5731b9-4d8c-11ee-8002-d89d6776f970','Alexa Gabriela','Hernandez','Ibarra','alexa.hernandez','alexa.hernandez@nuevoleon.gob.mx','Analista','HEIA991014MNLRBL07','HEIA991014UFA','8120201300','8120201300','6284','b6e59f3b-6c49-11ed-a880-040300000000','973ecf89-38ff-11ed-aed0-040300000000',1,'30adc962-7109-11ed-a880-040300000000','2023-09-07 08:38:35','2023-09-07 08:40:22','30adc962-7109-11ed-a880-040300000000','{\"Roles\":[\"80b7e403-1054-11ee-8002-d89d6776f970\",\"22e1877d-95cc-11ed-a912-705a0f328da6\"]}','b055eea8-6438-11ed-a880-040300000000',0,'27ee21b0-4d8c-11ee-8002-d89d6776f970'),
('5e6f44d1-d7c5-11ed-8581-040300000000','Usuario ','Genérico','DCCP','DCCP','dccp@test.com','','DCCP980207MMCCRRB4','RFCGENERICO10','3254561874','9187563254','0','a5838dce-6c49-11ed-a880-040300000000','973ecf89-38ff-11ed-aed0-040300000000',1,'30adc962-7109-11ed-a880-040300000000','2023-04-10 12:30:21','2023-04-10 12:32:14','30adc962-7109-11ed-a880-040300000000','','',0,''),
('5e82153e-b7b0-11ed-8002-d89d6776f970','Samantha Rubi','Nava','Luevano','samantha.nava','samantha.nava@nuevoleon.gob.mx','','NALS921204MNLVVM06','NALS921204I74','8120201300','8120201300','1347','a5838dce-6c49-11ed-a880-040300000000','973ecf89-38ff-11ed-aed0-040300000000',1,'30adc962-7109-11ed-a880-040300000000','2023-02-28 13:39:24','2023-02-28 13:44:03','30adc962-7109-11ed-a880-040300000000','','',0,''),
('65e57baf-4cfb-11ee-8002-d89d6776f970','Adolfo','Lopez','Recursos','Disrec','aagarcia@cecapmex.com','Soporte usuarios','SISTEMASISTEMASIST','SISTEMASISTEM','8126902423','8126902423','456','b6e59f3b-6c49-11ed-a880-040300000000','973ecf89-38ff-11ed-aed0-040300000000',1,'30adc962-7109-11ed-a880-040300000000','2023-09-06 15:20:54','2023-09-06 15:21:00','30adc962-7109-11ed-a880-040300000000','{\"Roles\":[\"2b2a55a0-71c3-11ed-a880-040300000000\",\"5eb9ce50-7655-11ed-aad1-040300000000\",\"0191ca3b-5acd-11ed-a988-040300000000\",\"ee999ece-9b56-11ed-b58e-2c4138b7dab1\",\"2621f126-71d3-11ed-a880-040300000000\",\"0c67e95b-74f1-11ed-aad1-040300000000\"]}','b055eb06-6438-11ed-a880-040300000000',0,'57d290ef-3647-11ee-af0d-3cd92b4d9bf4'),
('66956a80-5332-11ee-a933-236cb4402701','Adolfo Angel','Garcia','Martinez','Disrec','aagarcia@cecapmex.com','Soporte usuarios','SISTEMASISTEMASIST','SISTEMASISTEM','8126902423','8126902423','456','b6e59f3b-6c49-11ed-a880-040300000000','973ecf89-38ff-11ed-aed0-040300000000',1,'30adc962-7109-11ed-a880-040300000000','2023-09-14 12:10:42','2023-09-14 12:10:48','30adc962-7109-11ed-a880-040300000000','{\"Roles\":[\"2621f126-71d3-11ed-a880-040300000000\"]}','b055eb06-6438-11ed-a880-040300000000',0,'0d6c5ee9-366c-11ee-af0d-3cd92b4d9bf4'),
('673d0f77-57f1-11ee-a933-236cb4402701','ADOLFO','RAMIREZ','CAMPOS','adolfo.ramirez','adolfo.ramirez@nuevoleon.gob.mx','Analista','RACA800527HNLMMD04','RACA800527NK3','8120201301','8120201301','1301','a5838dce-6c49-11ed-a880-040300000000','161206bc-405b-11ee-8002-d89d6776f970',1,'30adc962-7109-11ed-a880-040300000000','2023-09-20 13:08:02','2023-09-20 13:09:25','30adc962-7109-11ed-a880-040300000000','{\"Roles\":[\"3b7ee097-2119-11ee-ac66-3cd92b4d9bf4\"]}','b055eea8-6438-11ed-a880-040300000000',0,'86be0763-4917-11ee-8002-d89d6776f970'),
('68b4cbcd-4cce-11ee-8002-d89d6776f970','Cynthia Selene','Vera','Zapata','cynthia.vera','cynthia.vera@nuevoleon.gob.mx','ANALISTA','VEZC841002MTSRPY07','VEZC841002231','8120115044','8120202476','2476','b6e59f3b-6c49-11ed-a880-040300000000','973ecf89-38ff-11ed-aed0-040300000000',1,'30adc962-7109-11ed-a880-040300000000','2023-09-06 09:58:51','2023-09-06 10:02:40','30adc962-7109-11ed-a880-040300000000','{\"Roles\":[\"2621f126-71d3-11ed-a880-040300000000\"]}','b055eea8-6438-11ed-a880-040300000000',0,'0d6c5ee9-366c-11ee-af0d-3cd92b4d9bf4'),
('6a026842-4d8b-11ee-8002-d89d6776f970','Adolfo Angel','Garcia','Martinez','Disrec','aagarcia@cecapmex.com','Soporte usuarios','SISTEMASISTEMASIST','SISTEMASISTEM','8126902423','8126902423','456','b6e59f3b-6c49-11ed-a880-040300000000','973ecf89-38ff-11ed-aed0-040300000000',1,'30adc962-7109-11ed-a880-040300000000','2023-09-07 08:31:48','2023-09-07 08:31:53','30adc962-7109-11ed-a880-040300000000','{\"Roles\":[\"22e1877d-95cc-11ed-a912-705a0f328da6\",\"0191ca3b-5acd-11ed-a988-040300000000\"]}','b055eb06-6438-11ed-a880-040300000000',0,'57d290ef-3647-11ee-af0d-3cd92b4d9bf4'),
('6b47a926-4d8c-11ee-8002-d89d6776f970','Carlos Alberto','Esquivel','Esqueda','carlos.esquivel','carlos.esquivel@nuevoleon.gob.mx','ANALISTA','EUEC850408HNLSSR06','EUEC850408EFA','8120738801','8120201494','1494','b6e59f3b-6c49-11ed-a880-040300000000','973ecf89-38ff-11ed-aed0-040300000000',1,'30adc962-7109-11ed-a880-040300000000','2023-09-07 08:39:00','2023-09-07 08:40:19','30adc962-7109-11ed-a880-040300000000','{\"Roles\":[\"2621f126-71d3-11ed-a880-040300000000\"]}','b055eea8-6438-11ed-a880-040300000000',0,'0d6c5ee9-366c-11ee-af0d-3cd92b4d9bf4'),
('6dd9e4a5-4cce-11ee-8002-d89d6776f970','ELISA','MADERA','HOLTEN','elisa.madera','elisa.madera@nuevoleon.gob.mx','Analista','MAHE701125MNLDLL01','MAHE701125Q47','8120201340','8120201340','1340','b6e59f3b-6c49-11ed-a880-040300000000','973ecf89-38ff-11ed-aed0-040300000000',1,'30adc962-7109-11ed-a880-040300000000','2023-09-06 09:59:00','2023-09-06 10:02:37','30adc962-7109-11ed-a880-040300000000','{\"Roles\":[\"22e1877d-95cc-11ed-a912-705a0f328da6\",\"80b7e403-1054-11ee-8002-d89d6776f970\"]}','b055eea8-6438-11ed-a880-040300000000',0,'0d6c5ee9-366c-11ee-af0d-3cd92b4d9bf4'),
('712790b3-4919-11ee-8002-d89d6776f970','Gabriela','Merla','Ávila','gabriela.merla','gabriela.merla@nuevoleon.gob.mx','ANALISTA','MEAG770512MNLRVB00','MEAG770512PN2','8120201331','8120201331','1331','a5838dce-6c49-11ed-a880-040300000000','161206bc-405b-11ee-8002-d89d6776f970',1,'30adc962-7109-11ed-a880-040300000000','2023-09-01 16:45:53','2023-09-05 09:13:57','30adc962-7109-11ed-a880-040300000000','{\"Roles\":[\"3b7ee097-2119-11ee-ac66-3cd92b4d9bf4\"]}','b055eea8-6438-11ed-a880-040300000000',0,'86be0763-4917-11ee-8002-d89d6776f970'),
('738d370b-0ed5-11ee-8002-d89d6776f970','Héctor Inocencio','Pérez','Trujillo','hector.perez','hector.perez@nuevoleon.gob.mx','','PETH650915HNLRRC05','PETH6509154M8','8114953190','8120201300','1333','a5838dce-6c49-11ed-a880-040300000000','973ecf89-38ff-11ed-aed0-040300000000',1,'30adc962-7109-11ed-a880-040300000000','2023-06-19 12:14:02','2023-06-19 13:05:18','30adc962-7109-11ed-a880-040300000000','','',0,''),
('73c6f5ab-4d8c-11ee-8002-d89d6776f970','ELISA','MADERA','HOLTEN','elisa.madera','elisa.madera@nuevoleon.gob.mx','Analista','MAHE701125MNLDLL01','MAHE701125Q47','8120201340','8120201340','1340','b6e59f3b-6c49-11ed-a880-040300000000','973ecf89-38ff-11ed-aed0-040300000000',1,'30adc962-7109-11ed-a880-040300000000','2023-09-07 08:39:14','2023-09-07 08:40:16','30adc962-7109-11ed-a880-040300000000','{\"Roles\":[\"22e1877d-95cc-11ed-a912-705a0f328da6\",\"80b7e403-1054-11ee-8002-d89d6776f970\"]}','b055eea8-6438-11ed-a880-040300000000',0,'27ee21b0-4d8c-11ee-8002-d89d6776f970'),
('7b026401-4d8c-11ee-8002-d89d6776f970','Francisco Alberto','Bernal','Hernandez','francisco.bernal','francisco.bernal@nuevoleon.gob.mx','Analista','BEHF941004HNLRRR02','BEHF941004MN6','8120201300','8120201300','1378','b6e59f3b-6c49-11ed-a880-040300000000','973ecf89-38ff-11ed-aed0-040300000000',1,'30adc962-7109-11ed-a880-040300000000','2023-09-07 08:39:26','2023-09-07 08:40:12','30adc962-7109-11ed-a880-040300000000','{\"Roles\":[\"80b7e403-1054-11ee-8002-d89d6776f970\",\"22e1877d-95cc-11ed-a912-705a0f328da6\"]}','b055eea8-6438-11ed-a880-040300000000',0,'27ee21b0-4d8c-11ee-8002-d89d6776f970'),
('7dcc2bf9-4d01-11ee-8002-d89d6776f970','Jaime Arturo','Zurricanday','Cortaza','jaime.zurricanday','jaime.zurricandayTeste999@gmail.com','Tesorero','MGE850101H1XVXVXVX','MGE850101H1','8343011114','8182206100','1145','b6e59f3b-6c49-11ed-a880-040300000000','973ecf89-38ff-11ed-aed0-040300000000',1,'30adc962-7109-11ed-a880-040300000000','2023-09-06 16:04:31','2023-09-06 16:04:38','30adc962-7109-11ed-a880-040300000000','{\"Roles\":[\"de8ab454-7269-11ed-a880-040300000000\"]}','b055eea8-6438-11ed-a880-040300000000',0,'7562cd86-4d01-11ee-8002-d89d6776f970'),
('804945f7-0fbf-11ee-8002-d89d6776f970','María de Lourdes','Dávila','Gámez','lourdes.davila','lourdes.davila@nuevoleon.gob.mx','','DAGL770703MNLVMR07','DAGL770703786','0','8120207738','0','a5838dce-6c49-11ed-a880-040300000000','973ecf89-38ff-11ed-aed0-040300000000',1,'30adc962-7109-11ed-a880-040300000000','2023-06-20 16:09:26','2023-06-20 16:54:40','30adc962-7109-11ed-a880-040300000000','','',0,''),
('9151cc4b-574b-11ee-a933-236cb4402701','Adolfo Angel','Garcia','Martinez','Disrec','aagarcia@cecapmex.com','Soporte usuarios','SISTEMASISTEMASIST','SISTEMASISTEM','8126902423','8126902423','456','b6e59f3b-6c49-11ed-a880-040300000000','973ecf89-38ff-11ed-aed0-040300000000',1,'30adc962-7109-11ed-a880-040300000000','2023-09-19 17:20:56','2023-09-19 17:21:04','30adc962-7109-11ed-a880-040300000000','{\"Roles\":[\"2b2a55a0-71c3-11ed-a880-040300000000\"]}','b055eb06-6438-11ed-a880-040300000000',0,'57d290ef-3647-11ee-af0d-3cd92b4d9bf4'),
('91a8c8a8-0ed7-11ee-8002-d89d6776f970','Miguel Ángel','Contreras','Sánchez','miguel.contreras','miguel.contreras@nuevoleon.gob.mx','','COSM820913HNLNNG03','COSM820913QE2','8111704814','8120201300','6200','a5838dce-6c49-11ed-a880-040300000000','973ecf89-38ff-11ed-aed0-040300000000',1,'30adc962-7109-11ed-a880-040300000000','2023-06-19 12:29:11','2023-06-19 13:05:43','30adc962-7109-11ed-a880-040300000000','','',0,''),
('91f94f4d-57f1-11ee-a933-236cb4402701','CARMEN JULIA ','MARTINEZ','ZERTUCHE','julia.martinez','julia.martinez@nuevoleon.gob.mx','JEFE DE DEPARTAMENTO','MAZC650207MNLRRR05','MAZC650207GH6','8120201301','8120201301','1301','a5838dce-6c49-11ed-a880-040300000000','161206bc-405b-11ee-8002-d89d6776f970',1,'30adc962-7109-11ed-a880-040300000000','2023-09-20 13:09:14','2023-09-20 13:09:22','30adc962-7109-11ed-a880-040300000000','{\"Roles\":[\"3b7ee097-2119-11ee-ac66-3cd92b4d9bf4\"]}','b055eea8-6438-11ed-a880-040300000000',0,'86be0763-4917-11ee-8002-d89d6776f970'),
('94b76caa-b7b0-11ed-8002-d89d6776f970','Francisco Alberto','Bernal','Hernandez','francisco.bernal','francisco.bernal@nuevoleon.gob.mx','','BEHF941004HNLRRR02','BEHF941004MN6','8120201300','8120201300','1378','a5838dce-6c49-11ed-a880-040300000000','973ecf89-38ff-11ed-aed0-040300000000',1,'30adc962-7109-11ed-a880-040300000000','2023-02-28 13:40:55','2023-02-28 13:44:01','30adc962-7109-11ed-a880-040300000000','','',0,''),
('97f2cdcb-4919-11ee-8002-d89d6776f970','Alinuhi','Sainz','Corona','alinuhi.sainz','alinuhi.sainz@nuevoleon.gob.mx','ANALISTA','SACA760321MSLNRL03','SACA760321N3A','1234567891','1234567891','111','a5838dce-6c49-11ed-a880-040300000000','161206bc-405b-11ee-8002-d89d6776f970',1,'30adc962-7109-11ed-a880-040300000000','2023-09-01 16:46:58','2023-09-04 15:38:25','30adc962-7109-11ed-a880-040300000000','{\"Roles\":[\"3b7ee097-2119-11ee-ac66-3cd92b4d9bf4\"]}','b055eea8-6438-11ed-a880-040300000000',0,'86be0763-4917-11ee-8002-d89d6776f970'),
('9da7fd07-4906-11ee-8002-d89d6776f970','Adolfo','Lopez','Recursos','Disrec','aagarcia@cecapmex.com','Soporte usuarios','SISTEMASISTEMASIST','SISTEMASISTEM','8126902423','8126902423','456','b6e59f3b-6c49-11ed-a880-040300000000','161206bc-405b-11ee-8002-d89d6776f970',1,'30adc962-7109-11ed-a880-040300000000','2023-09-01 14:31:07','2023-09-01 14:31:15','30adc962-7109-11ed-a880-040300000000','{\"Roles\":[\"3b7ee097-2119-11ee-ac66-3cd92b4d9bf4\"]}','b055eb06-6438-11ed-a880-040300000000',0,'57d290ef-3647-11ee-af0d-3cd92b4d9bf4'),
('9e05de50-4d8b-11ee-8002-d89d6776f970','Adolfo Angel','Garcia','Martinez','Disrec','aagarcia@cecapmex.com','Soporte usuarios','SISTEMASISTEMASIST','SISTEMASISTEM','8126902423','8126902423','456','b6e59f3b-6c49-11ed-a880-040300000000','973ecf89-38ff-11ed-aed0-040300000000',1,'30adc962-7109-11ed-a880-040300000000','2023-09-07 08:33:16','2023-09-07 08:33:21','30adc962-7109-11ed-a880-040300000000','{\"Roles\":[\"22e1877d-95cc-11ed-a912-705a0f328da6\",\"0191ca3b-5acd-11ed-a988-040300000000\"]}','b055eb06-6438-11ed-a880-040300000000',0,'0d6c5ee9-366c-11ee-af0d-3cd92b4d9bf4'),
('a2e3da6a-4918-11ee-8002-d89d6776f970','Fermín','Luz','Bustos','fermin.luz','fermin.luz@nuevoleon.gob.mx','JEFE DE DEPARTAMENTO','LUBF930521HDFZSR08','LUBF9305218E5','1234567896','1234567896','111','a5838dce-6c49-11ed-a880-040300000000','161206bc-405b-11ee-8002-d89d6776f970',1,'30adc962-7109-11ed-a880-040300000000','2023-09-01 16:40:07','2023-09-05 09:13:48','30adc962-7109-11ed-a880-040300000000','{\"Roles\":[\"3b7ee097-2119-11ee-ac66-3cd92b4d9bf4\"]}','b055eea8-6438-11ed-a880-040300000000',0,'86be0763-4917-11ee-8002-d89d6776f970'),
('a5d9ea24-4d9b-11ee-8002-d89d6776f970','Adolfo Angel','Garcia','Martinez','Disrec','aagarcia@cecapmex.com','Soporte usuarios','SISTEMASISTEMASIST','SISTEMASISTEM','8126902423','8126902423','456','b6e59f3b-6c49-11ed-a880-040300000000','973ecf89-38ff-11ed-aed0-040300000000',1,'30adc962-7109-11ed-a880-040300000000','2023-09-07 10:28:01','2023-09-07 10:28:13','30adc962-7109-11ed-a880-040300000000','{\"Roles\":[\"2621f126-71d3-11ed-a880-040300000000\"]}','b055eb06-6438-11ed-a880-040300000000',0,'27ee21b0-4d8c-11ee-8002-d89d6776f970'),
('aac907d8-4c35-11ee-8002-d89d6776f970','Oswaldo','Calzada','Alba','oswaldo.calzada','oswaldo.calzada@nuevoleon.gob.mx','ANALISTA','XAXX010101000XCXCX','XAXX010101000','8120201033','8120201033','637','b6e59f3b-6c49-11ed-a880-040300000000','973ecf89-38ff-11ed-aed0-040300000000',1,'30adc962-7109-11ed-a880-040300000000','2023-09-05 15:45:29','2023-09-05 15:46:17','30adc962-7109-11ed-a880-040300000000','{\"Roles\":[\"2b2a55a0-71c3-11ed-a880-040300000000\"]}','b055eea8-6438-11ed-a880-040300000000',0,'57d290ef-3647-11ee-af0d-3cd92b4d9bf4'),
('af9f7a80-df05-11ed-8002-d89d6776f970','Susana Patricia','Ruiz','González','susana.ruiz','susana.ruiz@nuevoleon.gob.mx','','RUGS711123MNLZNS05','RUGS711123KFA','0','8120201474','1474','a5838dce-6c49-11ed-a880-040300000000','973ecf89-38ff-11ed-aed0-040300000000',1,'30adc962-7109-11ed-a880-040300000000','2023-04-19 15:58:23','2023-04-19 16:03:52','30adc962-7109-11ed-a880-040300000000','','',0,''),
('b5a297ed-4c35-11ee-8002-d89d6776f970','Juan Luis','Jimenez','Herrera','juanluis.jimenez','juanluis.jimenez@nuevoleon.gob.mx','JEFE DE DEPARTAMENTO','XAXX010101000XCXCX','XAXX010101000','8120202462','8120202462','504','b6e59f3b-6c49-11ed-a880-040300000000','973ecf89-38ff-11ed-aed0-040300000000',1,'30adc962-7109-11ed-a880-040300000000','2023-09-05 15:45:47','2023-09-05 15:46:13','30adc962-7109-11ed-a880-040300000000','{\"Roles\":[\"2b2a55a0-71c3-11ed-a880-040300000000\"]}','b055eea8-6438-11ed-a880-040300000000',0,'57d290ef-3647-11ee-af0d-3cd92b4d9bf4'),
('b6476d2e-4d01-11ee-8002-d89d6776f970','Adolfo Angel','Garcia','Martinez','Disrec','aagarcia@cecapmex.com','Soporte usuarios','SISTEMASISTEMASIST','SISTEMASISTEM','8126902423','8126902423','456','b6e59f3b-6c49-11ed-a880-040300000000','973ecf89-38ff-11ed-aed0-040300000000',1,'30adc962-7109-11ed-a880-040300000000','2023-09-06 16:06:06','2023-09-06 16:06:11','30adc962-7109-11ed-a880-040300000000','{\"Roles\":[\"22e1877d-95cc-11ed-a912-705a0f328da6\"]}','b055eb06-6438-11ed-a880-040300000000',0,'57d290ef-3647-11ee-af0d-3cd92b4d9bf4'),
('ba87e99f-5405-11ee-a933-236cb4402701','Adolfo Angel','Garcia','Martinez','Disrec','aagarcia@cecapmex.com','Soporte usuarios','SISTEMASISTEMASIST','SISTEMASISTEM','8126902423','8126902423','456','b6e59f3b-6c49-11ed-a880-040300000000','973ecf89-38ff-11ed-aed0-040300000000',1,'30adc962-7109-11ed-a880-040300000000','2023-09-15 13:23:27','2023-09-15 13:23:32','30adc962-7109-11ed-a880-040300000000','{\"Roles\":[\"2621f126-71d3-11ed-a880-040300000000\"]}','b055eb06-6438-11ed-a880-040300000000',0,'0d6c5ee9-366c-11ee-af0d-3cd92b4d9bf4'),
('bd631054-5bcb-11ee-a933-236cb4402701','Pedro Ricardo','Pardo','Gaytan','prpardo','prpardo@cecapmex.com','Desarrollador','XXXXXXXXXXXXXXXXXX','XXXXXXXXXXXXX','0000000000','0000000000','0000','a5838dce-6c49-11ed-a880-040300000000','f18ad0d4-3087-11ed-aed0-040300000000',1,'30adc962-7109-11ed-a880-040300000000','2023-09-25 10:48:30','2023-09-25 10:48:46','30adc962-7109-11ed-a880-040300000000','{\"Roles\":[\"771f14a9-5bcb-11ee-a933-236cb4402701\"]}','b055ed42-6438-11ed-a880-040300000000',0,'7fae1377-42ca-11ee-8f23-00e04c360046'),
('be4e41bf-4c35-11ee-8002-d89d6776f970','Cesar Gabriel','Rivera','Cantu','cesar.rivera','cesar.rivera@nuevoleon.gob.mx','COORDINADOR','XAXX010101000XCXC','XAXX010101000','8120201212','8120201212','631','b6e59f3b-6c49-11ed-a880-040300000000','973ecf89-38ff-11ed-aed0-040300000000',1,'30adc962-7109-11ed-a880-040300000000','2023-09-05 15:46:02','2023-09-05 15:46:09','30adc962-7109-11ed-a880-040300000000','{\"Roles\":[\"2b2a55a0-71c3-11ed-a880-040300000000\"]}','b055eea8-6438-11ed-a880-040300000000',0,'57d290ef-3647-11ee-af0d-3cd92b4d9bf4'),
('bf5aec55-4917-11ee-8002-d89d6776f970','María Idalia ','Arroyo','Rodríguez','idalia.arroyo','idalia.arroyo@nuevoleon.gob.mx','DIRECTOR','AORI780720MNLRDD04','AORI780720UY5','8120201479','8120201479','1479','a5838dce-6c49-11ed-a880-040300000000','161206bc-405b-11ee-8002-d89d6776f970',1,'30adc962-7109-11ed-a880-040300000000','2023-09-01 16:33:45','2023-09-05 09:13:37','30adc962-7109-11ed-a880-040300000000','{\"Roles\":[\"3b7ee097-2119-11ee-ac66-3cd92b4d9bf4\"]}','b055eea8-6438-11ed-a880-040300000000',0,'86be0763-4917-11ee-8002-d89d6776f970'),
('c04a2d96-4d8c-11ee-8002-d89d6776f970','Adolfo Angel','Garcia','Martinez','Disrec','aagarcia@cecapmex.com','Soporte usuarios','SISTEMASISTEMASIST','SISTEMASISTEM','8126902423','8126902423','456','b6e59f3b-6c49-11ed-a880-040300000000','973ecf89-38ff-11ed-aed0-040300000000',1,'30adc962-7109-11ed-a880-040300000000','2023-09-07 08:41:23','2023-09-07 08:41:28','30adc962-7109-11ed-a880-040300000000','{\"Roles\":[\"22e1877d-95cc-11ed-a912-705a0f328da6\",\"0191ca3b-5acd-11ed-a988-040300000000\",\"80b7e403-1054-11ee-8002-d89d6776f970\"]}','b055eb06-6438-11ed-a880-040300000000',0,'27ee21b0-4d8c-11ee-8002-d89d6776f970'),
('c2e65bf9-4cf6-11ee-8002-d89d6776f970','Bernardo','Serna','Vega','bernardo.serna','bernardo.serna@nuevoleon.gob.mx','JEFE DE DEPARTAMENTO','SEVB890313HNLRGR03','SEVB890313VB5','8120201363','8120201363','1363','a5838dce-6c49-11ed-a880-040300000000','161206bc-405b-11ee-8002-d89d6776f970',1,'30adc962-7109-11ed-a880-040300000000','2023-09-06 14:47:43','2023-09-06 14:50:11','30adc962-7109-11ed-a880-040300000000','{\"Roles\":[\"3b7ee097-2119-11ee-ac66-3cd92b4d9bf4\"]}','b055eea8-6438-11ed-a880-040300000000',0,'86be0763-4917-11ee-8002-d89d6776f970'),
('c652a146-4e71-11ee-a933-236cb4402701','Usuario','Genérico','DORG','DAMOPORG','DAMOPORG@pruebas.com','Administrador','DAMOPORG12MVZYNN09','DAMOPORG12345','1234567896','1234567895','910','b6e59f3b-6c49-11ed-a880-040300000000','973ecf89-38ff-11ed-aed0-040300000000',1,'30adc962-7109-11ed-a880-040300000000','2023-09-08 11:01:46','2023-09-08 11:01:51','30adc962-7109-11ed-a880-040300000000','{\"Roles\":[\"80b7e403-1054-11ee-8002-d89d6776f970\",\"22e1877d-95cc-11ed-a912-705a0f328da6\"]}','b055eea8-6438-11ed-a880-040300000000',0,'27ee21b0-4d8c-11ee-8002-d89d6776f970'),
('c7b14fe9-4d91-11ee-8002-d89d6776f970','Héctor Inocencio','Pérez','Trujillo','hector.perez','hector.perez@nuevoleon.gob.mx','JEFE DE DEPARTAMENTO','PETH650915HNLRRC05','PETH6509154M8','8114953190','8120201300','1333','b6e59f3b-6c49-11ed-a880-040300000000','973ecf89-38ff-11ed-aed0-040300000000',1,'30adc962-7109-11ed-a880-040300000000','2023-09-07 09:17:23','2023-09-07 09:19:56','30adc962-7109-11ed-a880-040300000000','{\"Roles\":[\"d78871a5-ccd1-11ed-8002-d89d6776f970\"]}','b055eea8-6438-11ed-a880-040300000000',0,'6f53a27b-4ccf-11ee-8002-d89d6776f970'),
('c91ada24-4d9b-11ee-8002-d89d6776f970','Adolfo Angel','Garcia','Martinez','Disrec','aagarcia@cecapmex.com','Soporte usuarios','SISTEMASISTEMASIST','SISTEMASISTEM','8126902423','8126902423','456','b6e59f3b-6c49-11ed-a880-040300000000','973ecf89-38ff-11ed-aed0-040300000000',1,'30adc962-7109-11ed-a880-040300000000','2023-09-07 10:29:00','2023-09-07 10:29:05','30adc962-7109-11ed-a880-040300000000','{\"Roles\":[\"2621f126-71d3-11ed-a880-040300000000\"]}','b055eb06-6438-11ed-a880-040300000000',0,'0d6c5ee9-366c-11ee-af0d-3cd92b4d9bf4'),
('c9839247-b7b0-11ed-8002-d89d6776f970','Alexa Gabriela','Hernandez','Ibarra','alexa.hernandez','alexa.hernandez@nuevoleon.gob.mx','','HEIA991014MNLRBL07','HEIA991014UFA','8120201300','8120201300','6284','a5838dce-6c49-11ed-a880-040300000000','973ecf89-38ff-11ed-aed0-040300000000',1,'30adc962-7109-11ed-a880-040300000000','2023-02-28 13:42:24','2023-02-28 13:43:59','30adc962-7109-11ed-a880-040300000000','','',0,''),
('cacf98ea-50e3-11ee-a933-236cb4402701','Adolfo Angel','Garcia','Martinez','Disrec','aagarcia@cecapmex.com','Soporte usuarios','SISTEMASISTEMASIST','SISTEMASISTEM','8126902423','8126902423','456','b6e59f3b-6c49-11ed-a880-040300000000','973ecf89-38ff-11ed-aed0-040300000000',1,'30adc962-7109-11ed-a880-040300000000','2023-09-11 13:42:58','2023-09-11 13:43:04','30adc962-7109-11ed-a880-040300000000','{\"Roles\":[\"2621f126-71d3-11ed-a880-040300000000\"]}','b055eb06-6438-11ed-a880-040300000000',0,'0d6c5ee9-366c-11ee-af0d-3cd92b4d9bf4'),
('cb69e7c1-4cfd-11ee-8002-d89d6776f970','Adolfo','Lopez','Recursos','Disrec','aagarcia@cecapmex.com','Soporte usuarios','SISTEMASISTEMASIST','SISTEMASISTEM','8126902423','8126902423','456','b6e59f3b-6c49-11ed-a880-040300000000','973ecf89-38ff-11ed-aed0-040300000000',1,'30adc962-7109-11ed-a880-040300000000','2023-09-06 15:38:03','2023-09-06 15:38:09','30adc962-7109-11ed-a880-040300000000','{\"Roles\":[\"2b2a55a0-71c3-11ed-a880-040300000000\"]}','b055eb06-6438-11ed-a880-040300000000',0,'57d290ef-3647-11ee-af0d-3cd92b4d9bf4'),
('cb8b018d-0ed6-11ee-8002-d89d6776f970','Alfredo Francisco','Acevedo','Puente','alfredo.acevedo','alfredo.acevedo@nuevoleon.gob.mx','','AEPA741004HNLCNL00','AEPA7410041B9','8117380599','8120201300','1319','a5838dce-6c49-11ed-a880-040300000000','973ecf89-38ff-11ed-aed0-040300000000',1,'30adc962-7109-11ed-a880-040300000000','2023-06-19 12:23:39','2023-06-19 13:05:28','30adc962-7109-11ed-a880-040300000000','','',0,''),
('cb993d7a-b84f-11ed-8002-d89d6776f970','Karla Yesenia','Delgado','Garcia ','karla.delgado','karla.delgado@nuevoleon.gob.mx','','DEGK900306MNLLRR05','DEGK900306PR9','8120201377','8120201377','0','a5838dce-6c49-11ed-a880-040300000000','973ecf89-38ff-11ed-aed0-040300000000',1,'30adc962-7109-11ed-a880-040300000000','2023-03-01 08:40:37','2023-03-01 08:42:04','30adc962-7109-11ed-a880-040300000000','','',0,''),
('ccdd01e0-4ccf-11ee-8002-d89d6776f970','Rocío Esmeralda','Martínez','Lucio','rocio.martinez','rocio.martinezl@nuevoleon.gob.mx','Coordinador','MALR890330MNLRCC09','MALR890330CK7','8120201420','8120201420','1420','b6e59f3b-6c49-11ed-a880-040300000000','973ecf89-38ff-11ed-aed0-040300000000',1,'30adc962-7109-11ed-a880-040300000000','2023-09-06 10:08:49','2023-09-06 10:08:58','30adc962-7109-11ed-a880-040300000000','{\"Roles\":[\"ee999ece-9b56-11ed-b58e-2c4138b7dab1\"]}','b055eea8-6438-11ed-a880-040300000000',0,'bd3fbffb-4ccf-11ee-8002-d89d6776f970'),
('cd3a3266-0f9f-11ee-8002-d89d6776f970','Organismo','x','x','organismo','Organismo@nuevoleon.gob.mx','','PETH650915HNLRRC05','GAMA920807EB6','8114953190','8120201300','0','a5838dce-6c49-11ed-a880-040300000000','973ecf89-38ff-11ed-aed0-040300000000',1,'30adc962-7109-11ed-a880-040300000000','2023-06-20 12:22:31','2023-06-20 12:23:30','30adc962-7109-11ed-a880-040300000000','','',0,''),
('d3413f61-b87c-11ed-8002-d89d6776f970','ELISA','MADERA','HOLTEN','elisa.madera','elisa.madera@nuevoleon.gob.mx','','MAHE701125MNLDLL01','MAHE701125Q47','8120201340','8120201340','1340','a5838dce-6c49-11ed-a880-040300000000','973ecf89-38ff-11ed-aed0-040300000000',1,'30adc962-7109-11ed-a880-040300000000','2023-03-01 14:02:57','2023-03-01 14:06:28','30adc962-7109-11ed-a880-040300000000','','',0,''),
('d402cfd3-0ef4-11ee-8002-d89d6776f970','Municipio GENL','x','x','Municipio','municipio@genl.com','','GAMA920807EB6SSSSS','MUNI920807EB6','8126980895','8126980895','0','a5838dce-6c49-11ed-a880-040300000000','973ecf89-38ff-11ed-aed0-040300000000',1,'30adc962-7109-11ed-a880-040300000000','2023-06-19 15:58:38','2023-06-19 15:59:05','30adc962-7109-11ed-a880-040300000000','','',0,''),
('d48e8a93-5807-11ee-a933-236cb4402701','LAURA SOFÍA','IZAGUIRRE','SEPULVEDA','laura.izaguirre','laura.izaguirre@nuevoleon.gob.mx','Analista','IASL960821MNLZPR05','IASL960821L82','8120201301','8120201301','1301','a5838dce-6c49-11ed-a880-040300000000','161206bc-405b-11ee-8002-d89d6776f970',1,'30adc962-7109-11ed-a880-040300000000','2023-09-20 15:48:34','2023-09-20 15:48:41','30adc962-7109-11ed-a880-040300000000','{\"Roles\":[\"3b7ee097-2119-11ee-ac66-3cd92b4d9bf4\"]}','b055eea8-6438-11ed-a880-040300000000',0,'86be0763-4917-11ee-8002-d89d6776f970'),
('d8f77033-4918-11ee-8002-d89d6776f970','Selene','Mendez','Encarnación','selene.mendez','selene.mendez@nuevoleon.gob.mx','JEFE DE DEPARTAMENTO','MEES870715MGRNNL06','MEES870715SX6','1234567891','1234567891','111','a5838dce-6c49-11ed-a880-040300000000','161206bc-405b-11ee-8002-d89d6776f970',1,'30adc962-7109-11ed-a880-040300000000','2023-09-01 16:41:38','2023-09-05 09:13:51','30adc962-7109-11ed-a880-040300000000','{\"Roles\":[\"3b7ee097-2119-11ee-ac66-3cd92b4d9bf4\"]}','b055eea8-6438-11ed-a880-040300000000',0,'86be0763-4917-11ee-8002-d89d6776f970'),
('da8fa090-0fbd-11ee-8002-d89d6776f970','Fabian','Pino','Pérez','fabian.pino','fabian.pino@nuevoleon.gob.mx','','PIPF750524MNLNRB08','PIPF7505241X1','0','8120201344','0','a5838dce-6c49-11ed-a880-040300000000','973ecf89-38ff-11ed-aed0-040300000000',1,'30adc962-7109-11ed-a880-040300000000','2023-06-20 15:57:38','2023-06-20 16:54:33','30adc962-7109-11ed-a880-040300000000','','',0,''),
('db218a7f-5bcb-11ee-a933-236cb4402701','Pedro Ricardo','Pardo','Gaytan','prpardo','prpardo@cecapmex.com','Desarrollador','XXXXXXXXXXXXXXXXXX','YYYYYYYYYYYYY','0000000000','0000000000','0000','b6e59f3b-6c49-11ed-a880-040300000000','f18ad0d4-3087-11ed-aed0-040300000000',1,'30adc962-7109-11ed-a880-040300000000','2023-09-25 10:49:20','2023-09-25 10:49:40','30adc962-7109-11ed-a880-040300000000','{\"Roles\":[\"771f14a9-5bcb-11ee-a933-236cb4402701\"]}','b055ed42-6438-11ed-a880-040300000000',0,'7fae1377-42ca-11ee-8f23-00e04c360046'),
('dc238691-0717-11ee-8002-d89d6776f970','Olaguibel Antonio','Montemayor','Garza','olaguibel.montemayor','olaguibel.montemayor@nuevoleon.gob.mx','','MOGO740613HNLNRL02','MOGO740613CQ4','8112512736','8120202485','2485','a5838dce-6c49-11ed-a880-040300000000','973ecf89-38ff-11ed-aed0-040300000000',1,'30adc962-7109-11ed-a880-040300000000','2023-06-09 15:49:15','2023-06-09 15:51:07','30adc962-7109-11ed-a880-040300000000','','',0,''),
('e091855a-4cce-11ee-8002-d89d6776f970','Verónica','Cárdenas','Medina','veronica.cardenas','veronica.cardenas@nuevoleon.gob.mx','ANALISTA','CAMV821001MNLRDR04','CAMV821001IBA','8180274081','8120201432','1432','b6e59f3b-6c49-11ed-a880-040300000000','973ecf89-38ff-11ed-aed0-040300000000',1,'30adc962-7109-11ed-a880-040300000000','2023-09-06 10:02:12','2023-09-06 10:02:32','30adc962-7109-11ed-a880-040300000000','{\"Roles\":[\"a65773a5-fa66-11ed-8002-d89d6776f970\",\"2621f126-71d3-11ed-a880-040300000000\"]}','b055eea8-6438-11ed-a880-040300000000',0,'0d6c5ee9-366c-11ee-af0d-3cd92b4d9bf4'),
('e78263e8-4cff-11ee-8002-d89d6776f970','Angel Genaro','Carreon','Diaz','angel.carreon','angel.carreon@nuevoleon.gob.mx','COORDINADOR','CADA880713HNLRZN00','CADA8807133DA','8111982868','8120202470','2470','b6e59f3b-6c49-11ed-a880-040300000000','973ecf89-38ff-11ed-aed0-040300000000',1,'30adc962-7109-11ed-a880-040300000000','2023-09-06 15:53:09','2023-09-06 15:53:15','30adc962-7109-11ed-a880-040300000000','{\"Roles\":[\"2621f126-71d3-11ed-a880-040300000000\"]}','b055eea8-6438-11ed-a880-040300000000',0,'0d6c5ee9-366c-11ee-af0d-3cd92b4d9bf4'),
('f0ab0ae1-4917-11ee-8002-d89d6776f970','Miguel Ángel','Loza','Mireles','miguel.loza','miguel.loza@nuevoleon.gob.mx','COORDINADOR','LOMM840817HDFZRG03','LOMM840817672','8120202453','8120202453','2453','a5838dce-6c49-11ed-a880-040300000000','161206bc-405b-11ee-8002-d89d6776f970',1,'30adc962-7109-11ed-a880-040300000000','2023-09-01 16:35:08','2023-09-05 09:13:41','30adc962-7109-11ed-a880-040300000000','{\"Roles\":[\"3b7ee097-2119-11ee-ac66-3cd92b4d9bf4\"]}','b055eea8-6438-11ed-a880-040300000000',0,'86be0763-4917-11ee-8002-d89d6776f970'),
('f4e7f1c7-4d00-11ee-8002-d89d6776f970','Adolfo Angel','Garcia','Martinez','Disrec','aagarcia@cecapmex.com','Soporte usuarios','SISTEMASISTEMASIST','SISTEMASISTEM','8126902423','8126902423','456','b6e59f3b-6c49-11ed-a880-040300000000','973ecf89-38ff-11ed-aed0-040300000000',1,'30adc962-7109-11ed-a880-040300000000','2023-09-06 16:00:41','2023-09-06 16:00:50','30adc962-7109-11ed-a880-040300000000','{\"Roles\":[\"2b2a55a0-71c3-11ed-a880-040300000000\",\"0191ca3b-5acd-11ed-a988-040300000000\"]}','b055eb06-6438-11ed-a880-040300000000',0,'57d290ef-3647-11ee-af0d-3cd92b4d9bf4'),
('f4f03968-5198-11ee-a933-236cb4402701','Adolfo Angel','Garcia','Martinez','Disrec','aagarcia@cecapmex.com','Soporte usuarios','SISTEMASISTEMASIST','SISTEMASISTEM','8126902423','8126902423','456','b6e59f3b-6c49-11ed-a880-040300000000','973ecf89-38ff-11ed-aed0-040300000000',1,'30adc962-7109-11ed-a880-040300000000','2023-09-12 11:19:48','2023-09-12 11:19:54','30adc962-7109-11ed-a880-040300000000','{\"Roles\":[\"2b2a55a0-71c3-11ed-a880-040300000000\"]}','b055eb06-6438-11ed-a880-040300000000',0,'57d290ef-3647-11ee-af0d-3cd92b4d9bf4'),
('f739ea4e-b7b0-11ed-8002-d89d6776f970','Monica Elizabeth','Gonzalez','Sandoval','monica.gonzalezs','monica.gonzalezs@nuevoleon.gob.mx','','GOSM701129MNLNNN02','GOSM701129QQ2','8120201300','8120201300','2497','a5838dce-6c49-11ed-a880-040300000000','973ecf89-38ff-11ed-aed0-040300000000',1,'30adc962-7109-11ed-a880-040300000000','2023-02-28 13:43:40','2023-02-28 13:43:56','30adc962-7109-11ed-a880-040300000000','','',0,''),
('f868b3fe-4cfd-11ee-8002-d89d6776f970','Adolfo','Lopez','Recursos','Disrec','aagarcia@cecapmex.com','Soporte usuarios','SISTEMASISTEMASIST','SISTEMASISTEM','8126902423','8126902423','456','b6e59f3b-6c49-11ed-a880-040300000000','973ecf89-38ff-11ed-aed0-040300000000',1,'30adc962-7109-11ed-a880-040300000000','2023-09-06 15:39:19','2023-09-06 15:39:33','30adc962-7109-11ed-a880-040300000000','{\"Roles\":[\"2b2a55a0-71c3-11ed-a880-040300000000\"]}','b055eb06-6438-11ed-a880-040300000000',0,'57d290ef-3647-11ee-af0d-3cd92b4d9bf4'),
('f8c432a6-50e0-11ee-a933-236cb4402701','Norma Lydia','Mendoza','Rodriguez','norma.mendoza','norma.mendoza@nuevoleon.gob.mx','ANALISTA','MERN730513MNLNDR00','MERN730513V26','8115331501','8120201329','1329','b6e59f3b-6c49-11ed-a880-040300000000','973ecf89-38ff-11ed-aed0-040300000000',1,'30adc962-7109-11ed-a880-040300000000','2023-09-11 13:22:47','2023-09-11 13:22:53','30adc962-7109-11ed-a880-040300000000','{\"Roles\":[\"2621f126-71d3-11ed-a880-040300000000\"]}','b055eea8-6438-11ed-a880-040300000000',0,'0d6c5ee9-366c-11ee-af0d-3cd92b4d9bf4');
/*!40000 ALTER TABLE `Solicitudes` ENABLE KEYS */;
UNLOCK TABLES;

--
-- Table structure for table `TipoEntidades`
--

DROP TABLE IF EXISTS `TipoEntidades`;
/*!40101 SET @saved_cs_client     = @@character_set_client */;
/*!40101 SET character_set_client = utf8 */;
CREATE TABLE `TipoEntidades` (
  `Id` char(36) NOT NULL DEFAULT uuid(),
  `Nombre` varchar(200) NOT NULL,
  `Descripcion` longtext NOT NULL,
  `CreadoPor` char(50) NOT NULL,
  `FechaCreacion` datetime NOT NULL DEFAULT current_timestamp(),
  `ModificadoPor` char(50) NOT NULL,
  `UltimaActualizacion` datetime NOT NULL DEFAULT current_timestamp(),
  `Deleted` tinyint(1) NOT NULL DEFAULT 0,
  PRIMARY KEY (`Id`) USING BTREE,
  KEY `FK_TipoDependencias_Usuarios` (`CreadoPor`) USING BTREE,
  KEY `FK_TipoDependencias_Usuarios_2` (`ModificadoPor`) USING BTREE,
  CONSTRAINT `FK_TipoDependencias_Usuarios` FOREIGN KEY (`CreadoPor`) REFERENCES `Usuarios` (`Id`) ON DELETE NO ACTION ON UPDATE NO ACTION,
  CONSTRAINT `FK_TipoDependencias_Usuarios_2` FOREIGN KEY (`ModificadoPor`) REFERENCES `Usuarios` (`Id`) ON DELETE NO ACTION ON UPDATE NO ACTION
) ENGINE=InnoDB DEFAULT CHARSET=utf8mb3 COLLATE=utf8mb3_general_ci ROW_FORMAT=DYNAMIC;
/*!40101 SET character_set_client = @saved_cs_client */;

--
-- Dumping data for table `TipoEntidades`
--

LOCK TABLES `TipoEntidades` WRITE;
/*!40000 ALTER TABLE `TipoEntidades` DISABLE KEYS */;
INSERT INTO `TipoEntidades` VALUES
('0b92cc85-4376-11ee-9014-3cd92b4d9bf4','Contraloría','Contraloría','99999999-9999-9999-9999-999999999999','2023-08-25 12:34:37','30adc962-7109-11ed-a880-040300000000','2023-09-11 16:35:23',0),
('140bc448-4361-11ee-9014-3cd92b4d9bf4','Gobierno Estatal','Gobierno Estatal','99999999-9999-9999-9999-999999999999','2023-08-25 10:05:11','99999999-9999-9999-9999-999999999999','2023-08-25 10:05:10',0),
('162c42fb-4376-11ee-9014-3cd92b4d9bf4','División','División','99999999-9999-9999-9999-999999999999','2023-08-25 12:34:55','99999999-9999-9999-9999-999999999999','2023-08-25 12:34:55',0),
('1e42294b-4374-11ee-9014-3cd92b4d9bf4','Centro','Centro','99999999-9999-9999-9999-999999999999','2023-08-25 12:20:49','99999999-9999-9999-9999-999999999999','2023-08-31 11:03:35',0),
('2010cff7-4376-11ee-9014-3cd92b4d9bf4','Escuela','Escuela','99999999-9999-9999-9999-999999999999','2023-08-25 12:35:11','99999999-9999-9999-9999-999999999999','2023-08-25 12:35:11',0),
('23baa1d6-4361-11ee-9014-3cd92b4d9bf4','Municipio','Municipio','99999999-9999-9999-9999-999999999999','2023-08-25 10:05:39','99999999-9999-9999-9999-999999999999','2023-08-25 10:05:34',0),
('48274e43-4133-11ee-8886-040300000000','Dirección','Dirección','99999999-9999-9999-9999-999999999999','2023-08-22 16:31:40','99999999-9999-9999-9999-999999999999','2023-08-22 16:31:40',0),
('58652579-213e-11ee-ac66-3cd92b4d9bf4','Coordinación','Coordinación','99999999-9999-9999-9999-999999999999','2023-07-12 23:30:14','99999999-9999-9999-9999-999999999999','2023-07-12 23:30:14',0),
('58879408-1701-11ee-ba60-3cd92b4d9bf4','Dependencia','Dependencia','99999999-9999-9999-9999-999999999999','2023-06-29 16:48:37','99999999-9999-9999-9999-999999999999','2023-08-07 16:19:23',0),
('665decbb-4376-11ee-9014-3cd92b4d9bf4','Institución','Institución','99999999-9999-9999-9999-999999999999','2023-08-25 12:37:09','99999999-9999-9999-9999-999999999999','2023-08-25 12:37:09',0),
('66ba12fc-10ba-11ee-ba60-3cd92b4d9bf4','Secretaria','Secretaria','99999999-9999-9999-9999-999999999999','2023-06-21 17:05:39','99999999-9999-9999-9999-999999999999','2023-06-22 12:46:27',0),
('730da903-4376-11ee-9014-3cd92b4d9bf4','Jefatura','Jefatura','99999999-9999-9999-9999-999999999999','2023-08-25 12:37:31','99999999-9999-9999-9999-999999999999','2023-08-25 12:37:31',0),
('7b140747-4376-11ee-9014-3cd92b4d9bf4','Junta','Junta','99999999-9999-9999-9999-999999999999','2023-08-25 12:37:44','99999999-9999-9999-9999-999999999999','2023-08-25 12:37:44',0),
('8ce01284-4374-11ee-9014-3cd92b4d9bf4','Comisión','Comisión','99999999-9999-9999-9999-999999999999','2023-08-25 12:23:55','99999999-9999-9999-9999-999999999999','2023-08-25 12:23:55',0),
('90ef5990-4376-11ee-9014-3cd92b4d9bf4','Oficialía','Oficialía','99999999-9999-9999-9999-999999999999','2023-08-25 12:38:21','99999999-9999-9999-9999-999999999999','2023-08-25 12:38:21',0),
('9bcc295c-4376-11ee-9014-3cd92b4d9bf4','Oficina','Oficina','99999999-9999-9999-9999-999999999999','2023-08-25 12:38:39','99999999-9999-9999-9999-999999999999','2023-08-25 12:38:39',0),
('a791043e-4374-11ee-9014-3cd92b4d9bf4','Instituto','Instituto','99999999-9999-9999-9999-999999999999','2023-08-25 12:24:40','99999999-9999-9999-9999-999999999999','2023-08-25 12:24:40',0),
('b44cf312-4376-11ee-9014-3cd92b4d9bf4','Procuraduría','Procuraduría','99999999-9999-9999-9999-999999999999','2023-08-25 12:39:20','99999999-9999-9999-9999-999999999999','2023-08-25 12:39:20',0),
('bf1874e5-4376-11ee-9014-3cd92b4d9bf4','Servicios','Servicios','99999999-9999-9999-9999-999999999999','2023-08-25 12:39:38','99999999-9999-9999-9999-999999999999','2023-08-25 12:39:38',0),
('c67badb7-4376-11ee-9014-3cd92b4d9bf4','Contraloría','Contraloría','99999999-9999-9999-9999-999999999999','2023-08-25 12:39:51','99999999-9999-9999-9999-999999999999','2023-08-25 12:39:51',0),
('c85959e9-4374-11ee-9014-3cd92b4d9bf4','Unidad','Unidad','99999999-9999-9999-9999-999999999999','2023-08-25 12:25:35','99999999-9999-9999-9999-999999999999','2023-08-25 12:25:35',0),
('da1bcd85-4376-11ee-9014-3cd92b4d9bf4','Subcontraloría','Subcontraloría','99999999-9999-9999-9999-999999999999','2023-08-25 12:40:23','99999999-9999-9999-9999-999999999999','2023-08-25 12:40:23',0),
('e23e115e-4376-11ee-9014-3cd92b4d9bf4','Tribunal','Tribunal','99999999-9999-9999-9999-999999999999','2023-08-25 12:40:37','99999999-9999-9999-9999-999999999999','2023-08-25 12:40:37',0),
('e29661c3-213d-11ee-ac66-3cd92b4d9bf4','Subsecretaria','Subsecretaria','99999999-9999-9999-9999-999999999999','2023-07-12 23:26:57','99999999-9999-9999-9999-999999999999','2023-07-12 23:26:57',0),
('f0ab4e3e-45f8-11ee-9014-3cd92b4d9bf4','Departamento','Departamento','99999999-9999-9999-9999-999999999999','2023-08-28 17:16:38','99999999-9999-9999-9999-999999999999','2023-08-28 17:16:38',0),
('f47ef9a0-4375-11ee-9014-3cd92b4d9bf4','Agencia','Agencia','99999999-9999-9999-9999-999999999999','2023-08-25 12:33:58','30adc962-7109-11ed-a880-040300000000','2023-09-15 14:05:28',0),
('ffef00b1-4375-11ee-9014-3cd92b4d9bf4','Consejo','Consejo','99999999-9999-9999-9999-999999999999','2023-08-25 12:34:17','99999999-9999-9999-9999-999999999999','2023-08-25 12:34:17',0);
/*!40000 ALTER TABLE `TipoEntidades` ENABLE KEYS */;
UNLOCK TABLES;

--
-- Table structure for table `TipoSolicitud`
--

DROP TABLE IF EXISTS `TipoSolicitud`;
/*!40101 SET @saved_cs_client     = @@character_set_client */;
/*!40101 SET character_set_client = utf8 */;
CREATE TABLE `TipoSolicitud` (
  `id` char(36) NOT NULL DEFAULT uuid(),
  `tipoSoli` varchar(50) NOT NULL,
  `creadoPor` char(36) NOT NULL,
  `fechaCreacion` datetime NOT NULL DEFAULT current_timestamp(),
  PRIMARY KEY (`id`) USING BTREE,
  KEY `FK_TipoSolicitud_Usuarios` (`creadoPor`) USING BTREE,
  CONSTRAINT `FK_TipoSolicitud_Usuarios` FOREIGN KEY (`creadoPor`) REFERENCES `Usuarios` (`Id`) ON DELETE NO ACTION ON UPDATE NO ACTION
) ENGINE=InnoDB DEFAULT CHARSET=utf8mb3 COLLATE=utf8mb3_general_ci ROW_FORMAT=DYNAMIC;
/*!40101 SET character_set_client = @saved_cs_client */;

--
-- Dumping data for table `TipoSolicitud`
--

LOCK TABLES `TipoSolicitud` WRITE;
/*!40000 ALTER TABLE `TipoSolicitud` DISABLE KEYS */;
INSERT INTO `TipoSolicitud` VALUES
('a5838dce-6c49-11ed-a880-040300000000','Alta ','30adc962-7109-11ed-a880-040300000000','2022-11-24 15:45:08'),
('ab75eb3e-6c49-11ed-a880-040300000000','Baja ','30adc962-7109-11ed-a880-040300000000','2022-11-24 15:45:18'),
('b6e59f3b-6c49-11ed-a880-040300000000','Modificacion ','30adc962-7109-11ed-a880-040300000000','2022-11-24 15:45:37'),
('c326ea8b-6c49-11ed-a880-040300000000','Vinculacion ','30adc962-7109-11ed-a880-040300000000','2022-11-24 15:45:58');
/*!40000 ALTER TABLE `TipoSolicitud` ENABLE KEYS */;
UNLOCK TABLES;

--
-- Table structure for table `TipoUsuario`
--

DROP TABLE IF EXISTS `TipoUsuario`;
/*!40101 SET @saved_cs_client     = @@character_set_client */;
/*!40101 SET character_set_client = utf8 */;
CREATE TABLE `TipoUsuario` (
  `Id` char(36) NOT NULL,
  `Nombre` varchar(50) DEFAULT NULL,
  `Descripcion` varchar(50) DEFAULT NULL,
  PRIMARY KEY (`Id`) USING BTREE
) ENGINE=InnoDB DEFAULT CHARSET=utf8mb3 COLLATE=utf8mb3_general_ci ROW_FORMAT=DYNAMIC COMMENT='Tipo de Usuario central\r\n';
/*!40101 SET character_set_client = @saved_cs_client */;

--
-- Dumping data for table `TipoUsuario`
--

LOCK TABLES `TipoUsuario` WRITE;
/*!40000 ALTER TABLE `TipoUsuario` DISABLE KEYS */;
INSERT INTO `TipoUsuario` VALUES
('b055eb06-6438-11ed-a880-040300000000','AdminGeneral','Administración General'),
('b055ed42-6438-11ed-a880-040300000000','AdminPlataforma','Administración de la plataforma'),
('b055eea8-6438-11ed-a880-040300000000','User','Usuario');
/*!40000 ALTER TABLE `TipoUsuario` ENABLE KEYS */;
UNLOCK TABLES;

--
-- Table structure for table `UsuarioAplicacion`
--

DROP TABLE IF EXISTS `UsuarioAplicacion`;
/*!40101 SET @saved_cs_client     = @@character_set_client */;
/*!40101 SET character_set_client = utf8 */;
CREATE TABLE `UsuarioAplicacion` (
  `Id` char(36) NOT NULL DEFAULT uuid(),
  `IdUsuario` char(36) NOT NULL,
  `IdApp` char(36) NOT NULL,
  `IdEntidad` char(36) DEFAULT NULL,
  PRIMARY KEY (`Id`) USING BTREE,
  KEY `FK1_Usuario` (`IdUsuario`) USING BTREE,
  KEY `FK2_App` (`IdApp`) USING BTREE,
  CONSTRAINT `FK1_Usuario` FOREIGN KEY (`IdUsuario`) REFERENCES `Usuarios` (`Id`) ON DELETE NO ACTION ON UPDATE NO ACTION,
  CONSTRAINT `FK2_App` FOREIGN KEY (`IdApp`) REFERENCES `Apps` (`Id`) ON DELETE NO ACTION ON UPDATE NO ACTION
) ENGINE=InnoDB DEFAULT CHARSET=utf8mb3 COLLATE=utf8mb3_general_ci ROW_FORMAT=DYNAMIC;
/*!40101 SET character_set_client = @saved_cs_client */;

--
-- Dumping data for table `UsuarioAplicacion`
--

LOCK TABLES `UsuarioAplicacion` WRITE;
/*!40000 ALTER TABLE `UsuarioAplicacion` DISABLE KEYS */;
INSERT INTO `UsuarioAplicacion` VALUES
('0097a86e-b7b1-11ed-8002-d89d6776f970','f739ea4e-b7b0-11ed-8002-d89d6776f970','973ecf89-38ff-11ed-aed0-040300000000',NULL),
('02204db9-b7b1-11ed-8002-d89d6776f970','c9839247-b7b0-11ed-8002-d89d6776f970','973ecf89-38ff-11ed-aed0-040300000000','27ee21b0-4d8c-11ee-8002-d89d6776f970'),
('038dbf77-b7b1-11ed-8002-d89d6776f970','94b76caa-b7b0-11ed-8002-d89d6776f970','973ecf89-38ff-11ed-aed0-040300000000','27ee21b0-4d8c-11ee-8002-d89d6776f970'),
('04ff744b-b7b1-11ed-8002-d89d6776f970','5e82153e-b7b0-11ed-8002-d89d6776f970','973ecf89-38ff-11ed-aed0-040300000000',NULL),
('0e88ee24-b942-11ed-8002-d89d6776f970','39314051-b941-11ed-8002-d89d6776f970','973ecf89-38ff-11ed-aed0-040300000000',NULL),
('156d66d4-c9b7-11ed-8002-d89d6776f970','d8483c80-c9b4-11ed-afa1-0242ac120002','8d2de28e-c9b6-11ed-afa1-0242ac120002',NULL),
('1903110f-4cf7-11ee-8002-d89d6776f970','13ca7436-4cf7-11ee-8002-d89d6776f970','161206bc-405b-11ee-8002-d89d6776f970','86be0763-4917-11ee-8002-d89d6776f970'),
('1b54eb19-4cf7-11ee-8002-d89d6776f970','c2e65bf9-4cf6-11ee-8002-d89d6776f970','161206bc-405b-11ee-8002-d89d6776f970','86be0763-4917-11ee-8002-d89d6776f970'),
('1eb1ee04-0718-11ee-8002-d89d6776f970','dc238691-0717-11ee-8002-d89d6776f970','973ecf89-38ff-11ed-aed0-040300000000','0d6c5ee9-366c-11ee-af0d-3cd92b4d9bf4'),
('2ee26abd-58a5-11ee-a933-236cb4402701','30adc962-7109-11ed-a880-040300000000','970c0ac7-51b5-11ee-b06d-3cd92b4d9bf4',NULL),
('3c2e162f-b79f-11ed-8002-d89d6776f970','2fad75f3-b79f-11ed-8002-d89d6776f970','973ecf89-38ff-11ed-aed0-040300000000','27ee21b0-4d8c-11ee-8002-d89d6776f970'),
('457a8087-e085-11ed-8002-d89d6776f970','1fcd0149-e085-11ed-8002-d89d6776f970','973ecf89-38ff-11ed-aed0-040300000000','bd3fbffb-4ccf-11ee-8002-d89d6776f970'),
('487fe0ba-46c1-11ee-8002-d89d6776f970','195803a0-46c1-11ee-8002-d89d6776f970','973ecf89-38ff-11ed-aed0-040300000000',NULL),
('4c69e88e-ded7-11ed-8002-d89d6776f970','3e0cf417-ded7-11ed-8002-d89d6776f970','973ecf89-38ff-11ed-aed0-040300000000',NULL),
('4d17a946-40ff-11ee-8002-d89d6776f970','30adc962-7109-11ed-a880-040300000000','161206bc-405b-11ee-8002-d89d6776f970','57d290ef-3647-11ee-af0d-3cd92b4d9bf4'),
('4d4f866c-b87d-11ed-8002-d89d6776f970','40ad483f-b87d-11ed-8002-d89d6776f970','973ecf89-38ff-11ed-aed0-040300000000',NULL),
('4f1e5a0f-b87d-11ed-8002-d89d6776f970','09e620ae-b87d-11ed-8002-d89d6776f970','973ecf89-38ff-11ed-aed0-040300000000',NULL),
('50f61235-b87d-11ed-8002-d89d6776f970','d3413f61-b87c-11ed-8002-d89d6776f970','973ecf89-38ff-11ed-aed0-040300000000','27ee21b0-4d8c-11ee-8002-d89d6776f970'),
('523c1a91-1763-11ee-8002-d89d6776f970','d402cfd3-0ef4-11ee-8002-d89d6776f970','8d2de28e-c9b6-11ed-afa1-0242ac120002',NULL),
('5c739526-dedc-11ed-8002-d89d6776f970','2ada55e8-dedc-11ed-8002-d89d6776f970','973ecf89-38ff-11ed-aed0-040300000000','27ee21b0-4d8c-11ee-8002-d89d6776f970'),
('69a735ce-4052-11ee-8002-d89d6776f970','5a9494ef-4052-11ee-8002-d89d6776f970','973ecf89-38ff-11ed-aed0-040300000000',NULL),
('73af3d9b-df06-11ed-8002-d89d6776f970','af9f7a80-df05-11ed-8002-d89d6776f970','973ecf89-38ff-11ed-aed0-040300000000',NULL),
('7c9deeed-a734-11ed-8002-d89d6776f970','0c130706-7266-11ed-a880-040300000000','973ecf89-38ff-11ed-aed0-040300000000','0d6c5ee9-366c-11ee-af0d-3cd92b4d9bf4'),
('830b0d35-a734-11ed-8002-d89d6776f970','209d29f5-71dc-11ed-a880-040300000000','973ecf89-38ff-11ed-aed0-040300000000',NULL),
('860ccdb8-a734-11ed-8002-d89d6776f970','440b6024-7267-11ed-a880-040300000000','973ecf89-38ff-11ed-aed0-040300000000','0d6c5ee9-366c-11ee-af0d-3cd92b4d9bf4'),
('8870c886-a734-11ed-8002-d89d6776f970','5430da9a-71da-11ed-a880-040300000000','973ecf89-38ff-11ed-aed0-040300000000','57d290ef-3647-11ee-af0d-3cd92b4d9bf4'),
('8aeddf2c-a734-11ed-8002-d89d6776f970','6c261f7f-71d9-11ed-a880-040300000000','973ecf89-38ff-11ed-aed0-040300000000','57d290ef-3647-11ee-af0d-3cd92b4d9bf4'),
('8d480b7f-a734-11ed-8002-d89d6776f970','74f8e43f-7266-11ed-a880-040300000000','973ecf89-38ff-11ed-aed0-040300000000','0d6c5ee9-366c-11ee-af0d-3cd92b4d9bf4'),
('8fce66df-a734-11ed-8002-d89d6776f970','93a07e88-7267-11ed-a880-040300000000','973ecf89-38ff-11ed-aed0-040300000000','0d6c5ee9-366c-11ee-af0d-3cd92b4d9bf4'),
('9202f764-a734-11ed-8002-d89d6776f970','bdc43309-7266-11ed-a880-040300000000','973ecf89-38ff-11ed-aed0-040300000000','0d6c5ee9-366c-11ee-af0d-3cd92b4d9bf4'),
('94649813-a734-11ed-8002-d89d6776f970','d1a8f9cd-71db-11ed-a880-040300000000','973ecf89-38ff-11ed-aed0-040300000000','57d290ef-3647-11ee-af0d-3cd92b4d9bf4'),
('96a13778-57f1-11ee-a933-236cb4402701','91f94f4d-57f1-11ee-a933-236cb4402701','161206bc-405b-11ee-8002-d89d6776f970','86be0763-4917-11ee-8002-d89d6776f970'),
('97429e7a-7109-11ed-a880-040300000000','30adc962-7109-11ed-a880-040300000000','973ecf89-38ff-11ed-aed0-040300000000','57d290ef-3647-11ee-af0d-3cd92b4d9bf4'),
('97531051-a734-11ed-8002-d89d6776f970','e01a653e-725f-11ed-a880-040300000000','973ecf89-38ff-11ed-aed0-040300000000','7562cd86-4d01-11ee-8002-d89d6776f970'),
('98d477df-57f1-11ee-a933-236cb4402701','673d0f77-57f1-11ee-a933-236cb4402701','161206bc-405b-11ee-8002-d89d6776f970','86be0763-4917-11ee-8002-d89d6776f970'),
('9ce97724-0edc-11ee-8002-d89d6776f970','738d370b-0ed5-11ee-8002-d89d6776f970','973ecf89-38ff-11ed-aed0-040300000000','6f53a27b-4ccf-11ee-8002-d89d6776f970'),
('a1ffa446-d7c5-11ed-8581-040300000000','5e6f44d1-d7c5-11ed-8581-040300000000','973ecf89-38ff-11ed-aed0-040300000000',NULL),
('a2cd3091-0edc-11ee-8002-d89d6776f970','cb8b018d-0ed6-11ee-8002-d89d6776f970','973ecf89-38ff-11ed-aed0-040300000000',NULL),
('a48261c8-ee8a-11ed-a05b-0242ac120003','30adc962-7109-11ed-a880-040300000000','8d2de28e-c9b6-11ed-afa1-0242ac120002',NULL),
('a58863fa-a732-11ed-8002-d89d6776f970','30adc962-7109-11ed-a880-040300000000','f18ad0d4-3087-11ed-aed0-040300000000',NULL),
('a8302c49-0edc-11ee-8002-d89d6776f970','280971e0-0ed7-11ee-8002-d89d6776f970','973ecf89-38ff-11ed-aed0-040300000000',NULL),
('abfbdec0-0edc-11ee-8002-d89d6776f970','91a8c8a8-0ed7-11ee-8002-d89d6776f970','973ecf89-38ff-11ed-aed0-040300000000',NULL),
('c6644108-5bcb-11ee-a933-236cb4402701','bd631054-5bcb-11ee-a933-236cb4402701','f18ad0d4-3087-11ed-aed0-040300000000','7fae1377-42ca-11ee-8f23-00e04c360046'),
('ca69da35-0fc5-11ee-8002-d89d6776f970','1ad71765-0fbd-11ee-8002-d89d6776f970','973ecf89-38ff-11ed-aed0-040300000000',NULL),
('cdf1f96a-0fc5-11ee-8002-d89d6776f970','da8fa090-0fbd-11ee-8002-d89d6776f970','973ecf89-38ff-11ed-aed0-040300000000',NULL),
('d0200237-0fc5-11ee-8002-d89d6776f970','216c9795-0fbe-11ee-8002-d89d6776f970','973ecf89-38ff-11ed-aed0-040300000000',NULL),
('d24d5eb6-0fc5-11ee-8002-d89d6776f970','804945f7-0fbf-11ee-8002-d89d6776f970','973ecf89-38ff-11ed-aed0-040300000000',NULL),
('d8ae2a65-5807-11ee-a933-236cb4402701','d48e8a93-5807-11ee-a933-236cb4402701','161206bc-405b-11ee-8002-d89d6776f970','86be0763-4917-11ee-8002-d89d6776f970'),
('e421c73d-0ef4-11ee-8002-d89d6776f970','d402cfd3-0ef4-11ee-8002-d89d6776f970','973ecf89-38ff-11ed-aed0-040300000000',NULL),
('ec466384-4bfe-11ee-8002-d89d6776f970','bf5aec55-4917-11ee-8002-d89d6776f970','161206bc-405b-11ee-8002-d89d6776f970','86be0763-4917-11ee-8002-d89d6776f970'),
('eebb5cac-4bfe-11ee-8002-d89d6776f970','f0ab0ae1-4917-11ee-8002-d89d6776f970','161206bc-405b-11ee-8002-d89d6776f970','86be0763-4917-11ee-8002-d89d6776f970'),
('f0502079-0f9f-11ee-8002-d89d6776f970','cd3a3266-0f9f-11ee-8002-d89d6776f970','973ecf89-38ff-11ed-aed0-040300000000',NULL),
('f0bf57d9-4bfe-11ee-8002-d89d6776f970','5b670d9c-4918-11ee-8002-d89d6776f970','161206bc-405b-11ee-8002-d89d6776f970','86be0763-4917-11ee-8002-d89d6776f970'),
('f2fe5995-4bfe-11ee-8002-d89d6776f970','a2e3da6a-4918-11ee-8002-d89d6776f970','161206bc-405b-11ee-8002-d89d6776f970','86be0763-4917-11ee-8002-d89d6776f970'),
('f4da50c9-4bfe-11ee-8002-d89d6776f970','d8f77033-4918-11ee-8002-d89d6776f970','161206bc-405b-11ee-8002-d89d6776f970','86be0763-4917-11ee-8002-d89d6776f970'),
('f67f56a8-4bfe-11ee-8002-d89d6776f970','05edb872-4919-11ee-8002-d89d6776f970','161206bc-405b-11ee-8002-d89d6776f970','86be0763-4917-11ee-8002-d89d6776f970'),
('f8761772-4bfe-11ee-8002-d89d6776f970','712790b3-4919-11ee-8002-d89d6776f970','161206bc-405b-11ee-8002-d89d6776f970','86be0763-4917-11ee-8002-d89d6776f970'),
('fb3dd380-4bfe-11ee-8002-d89d6776f970','4719bc34-4919-11ee-8002-d89d6776f970','161206bc-405b-11ee-8002-d89d6776f970','86be0763-4917-11ee-8002-d89d6776f970'),
('ff652039-b84f-11ed-8002-d89d6776f970','cb993d7a-b84f-11ed-8002-d89d6776f970','973ecf89-38ff-11ed-aed0-040300000000','0d6c5ee9-366c-11ee-af0d-3cd92b4d9bf4');
/*!40000 ALTER TABLE `UsuarioAplicacion` ENABLE KEYS */;
UNLOCK TABLES;

--
-- Table structure for table `UsuarioRol`
--

DROP TABLE IF EXISTS `UsuarioRol`;
/*!40101 SET @saved_cs_client     = @@character_set_client */;
/*!40101 SET character_set_client = utf8 */;
CREATE TABLE `UsuarioRol` (
  `Id` char(36) NOT NULL DEFAULT uuid(),
  `IdUsuario` char(36) DEFAULT NULL,
  `IdRol` char(36) NOT NULL,
  `FechaDeCreacion` datetime DEFAULT current_timestamp(),
  `UltimaModificacion` datetime DEFAULT current_timestamp(),
  `CreadoPor` char(36) DEFAULT NULL,
  `ModificadoPor` char(36) DEFAULT NULL,
  `Deleted` tinyint(1) NOT NULL DEFAULT 0,
  `IdApp` char(36) DEFAULT NULL,
  PRIMARY KEY (`Id`) USING BTREE,
  KEY `FK_UsuarioRol_Usuarios` (`ModificadoPor`) USING BTREE,
  KEY `FK_UsuarioRol_Usuarios_2` (`CreadoPor`) USING BTREE,
  KEY `FK_UsuarioRol_Usuarios_4` (`IdRol`) USING BTREE,
  KEY `FK_UsuarioRol_Usuarios_3` (`IdUsuario`) USING BTREE,
  KEY `FK_UsuarioRol_Apps` (`IdApp`) USING BTREE,
  CONSTRAINT `FK_UsuarioRol_Apps` FOREIGN KEY (`IdApp`) REFERENCES `Apps` (`Id`) ON DELETE NO ACTION ON UPDATE NO ACTION,
  CONSTRAINT `FK_UsuarioRol_Usuarios` FOREIGN KEY (`ModificadoPor`) REFERENCES `Usuarios` (`Id`) ON DELETE NO ACTION ON UPDATE NO ACTION,
  CONSTRAINT `FK_UsuarioRol_Usuarios_2` FOREIGN KEY (`CreadoPor`) REFERENCES `Usuarios` (`Id`) ON DELETE NO ACTION ON UPDATE NO ACTION,
  CONSTRAINT `FK_UsuarioRol_Usuarios_3` FOREIGN KEY (`IdUsuario`) REFERENCES `Usuarios` (`Id`) ON DELETE NO ACTION ON UPDATE NO ACTION,
  CONSTRAINT `FK_UsuarioRol_Usuarios_4` FOREIGN KEY (`IdRol`) REFERENCES `Roles` (`Id`) ON DELETE NO ACTION ON UPDATE NO ACTION
) ENGINE=InnoDB DEFAULT CHARSET=utf8mb3 COLLATE=utf8mb3_general_ci ROW_FORMAT=DYNAMIC;
/*!40101 SET character_set_client = @saved_cs_client */;

--
-- Dumping data for table `UsuarioRol`
--

LOCK TABLES `UsuarioRol` WRITE;
/*!40000 ALTER TABLE `UsuarioRol` DISABLE KEYS */;
INSERT INTO `UsuarioRol` VALUES
('089d9741-0ef5-11ee-8002-d89d6776f970','d402cfd3-0ef4-11ee-8002-d89d6776f970','de8ab454-7269-11ed-a880-040300000000','2023-09-01 17:40:19','2023-09-01 17:40:19',NULL,NULL,0,'973ecf89-38ff-11ed-aed0-040300000000'),
('15351080-ef4a-11ed-8002-d89d6776f970','cb993d7a-b84f-11ed-8002-d89d6776f970','22e1877d-95cc-11ed-a912-705a0f328da6','2023-09-01 17:40:19','2023-09-01 17:40:19',NULL,NULL,0,'973ecf89-38ff-11ed-aed0-040300000000'),
('190316a4-4cf7-11ee-8002-d89d6776f970','13ca7436-4cf7-11ee-8002-d89d6776f970','3b7ee097-2119-11ee-ac66-3cd92b4d9bf4','2023-09-06 14:50:07','2023-09-06 14:50:07',NULL,NULL,0,'161206bc-405b-11ee-8002-d89d6776f970'),
('1b54ef28-4cf7-11ee-8002-d89d6776f970','c2e65bf9-4cf6-11ee-8002-d89d6776f970','3b7ee097-2119-11ee-ac66-3cd92b4d9bf4','2023-09-06 14:50:11','2023-09-06 14:50:11',NULL,NULL,0,'161206bc-405b-11ee-8002-d89d6776f970'),
('1cc07601-ef57-11ed-8002-d89d6776f970','f739ea4e-b7b0-11ed-8002-d89d6776f970','22e1877d-95cc-11ed-a912-705a0f328da6','2023-09-01 17:40:19','2023-09-01 17:40:19',NULL,NULL,0,'973ecf89-38ff-11ed-aed0-040300000000'),
('20229013-5bce-11ee-a933-236cb4402701','30adc962-7109-11ed-a880-040300000000','d17a5382-5bcd-11ee-a933-236cb4402701','2023-09-25 11:05:35','2023-09-25 11:05:35',NULL,NULL,0,'161206bc-405b-11ee-8002-d89d6776f970'),
('23453124-4d92-11ee-8002-d89d6776f970','738d370b-0ed5-11ee-8002-d89d6776f970','d78871a5-ccd1-11ed-8002-d89d6776f970','2023-09-07 09:19:56','2023-09-07 09:19:56',NULL,NULL,0,'973ecf89-38ff-11ed-aed0-040300000000'),
('28655f1e-4746-11ee-8002-d89d6776f970','195803a0-46c1-11ee-8002-d89d6776f970','0c67e95b-74f1-11ed-aad1-040300000000','2023-09-01 17:40:19','2023-09-01 17:40:19',NULL,NULL,0,'973ecf89-38ff-11ed-aed0-040300000000'),
('4a03d8ad-4d8c-11ee-8002-d89d6776f970','2fad75f3-b79f-11ed-8002-d89d6776f970','22e1877d-95cc-11ed-a912-705a0f328da6','2023-09-07 08:38:04','2023-09-07 08:38:04',NULL,NULL,0,'973ecf89-38ff-11ed-aed0-040300000000'),
('4a03dce0-4d8c-11ee-8002-d89d6776f970','2fad75f3-b79f-11ed-8002-d89d6776f970','80b7e403-1054-11ee-8002-d89d6776f970','2023-09-07 08:38:04','2023-09-07 08:38:04',NULL,NULL,0,'973ecf89-38ff-11ed-aed0-040300000000'),
('4a63d8c7-ef56-11ed-8002-d89d6776f970','40ad483f-b87d-11ed-8002-d89d6776f970','22e1877d-95cc-11ed-a912-705a0f328da6','2023-09-01 17:40:19','2023-09-01 17:40:19',NULL,NULL,0,'973ecf89-38ff-11ed-aed0-040300000000'),
('4aac7726-d7ca-11ed-8581-040300000000','5e6f44d1-d7c5-11ed-8581-040300000000','25bc4557-d7ca-11ed-8581-040300000000','2023-09-01 17:40:19','2023-09-01 17:40:19',NULL,NULL,0,'973ecf89-38ff-11ed-aed0-040300000000'),
('4d408ef9-4e7f-11ee-a933-236cb4402701','dc238691-0717-11ee-8002-d89d6776f970','80b7e403-1054-11ee-8002-d89d6776f970','2023-09-08 12:38:35','2023-09-08 12:38:35',NULL,NULL,0,'973ecf89-38ff-11ed-aed0-040300000000'),
('4d409321-4e7f-11ee-a933-236cb4402701','dc238691-0717-11ee-8002-d89d6776f970','2621f126-71d3-11ed-a880-040300000000','2023-09-08 12:38:35','2023-09-08 12:38:35',NULL,NULL,0,'973ecf89-38ff-11ed-aed0-040300000000'),
('5204223e-0fa0-11ee-8002-d89d6776f970','cd3a3266-0f9f-11ee-8002-d89d6776f970','11aa824f-95cc-11ed-a912-705a0f328da6','2023-09-01 17:40:19','2023-09-01 17:40:19',NULL,NULL,0,'973ecf89-38ff-11ed-aed0-040300000000'),
('57c34b22-4cff-11ee-8002-d89d6776f970','cb993d7a-b84f-11ed-8002-d89d6776f970','22e1877d-95cc-11ed-a912-705a0f328da6','2023-09-06 15:49:08','2023-09-06 15:49:08',NULL,NULL,0,'973ecf89-38ff-11ed-aed0-040300000000'),
('57c34f85-4cff-11ee-8002-d89d6776f970','cb993d7a-b84f-11ed-8002-d89d6776f970','80b7e403-1054-11ee-8002-d89d6776f970','2023-09-06 15:49:08','2023-09-06 15:49:08',NULL,NULL,0,'973ecf89-38ff-11ed-aed0-040300000000'),
('5dccbd08-4d02-11ee-8002-d89d6776f970','93a07e88-7267-11ed-a880-040300000000','2621f126-71d3-11ed-a880-040300000000','2023-09-06 16:10:47','2023-09-06 16:10:47',NULL,NULL,0,'973ecf89-38ff-11ed-aed0-040300000000'),
('75eb9cfa-51b7-11ee-b06d-3cd92b4d9bf4','30adc962-7109-11ed-a880-040300000000','36fe6600-51b7-11ee-b06d-3cd92b4d9bf4','2023-09-12 15:58:09','2023-09-12 15:58:09','30adc962-7109-11ed-a880-040300000000','30adc962-7109-11ed-a880-040300000000',0,'970c0ac7-51b5-11ee-b06d-3cd92b4d9bf4'),
('8171108b-4054-11ee-8002-d89d6776f970','5a9494ef-4052-11ee-8002-d89d6776f970','0c67e95b-74f1-11ed-aad1-040300000000','2023-09-01 17:40:19','2023-09-01 17:40:19',NULL,NULL,0,'973ecf89-38ff-11ed-aed0-040300000000'),
('82355660-4d01-11ee-8002-d89d6776f970','e01a653e-725f-11ed-a880-040300000000','de8ab454-7269-11ed-a880-040300000000','2023-09-06 16:04:38','2023-09-06 16:04:38',NULL,NULL,0,'973ecf89-38ff-11ed-aed0-040300000000'),
('95b3a839-574b-11ee-a933-236cb4402701','30adc962-7109-11ed-a880-040300000000','2b2a55a0-71c3-11ed-a880-040300000000','2023-09-19 17:21:04','2023-09-19 17:21:04',NULL,NULL,0,'973ecf89-38ff-11ed-aed0-040300000000'),
('96490f78-4d8c-11ee-8002-d89d6776f970','94b76caa-b7b0-11ed-8002-d89d6776f970','80b7e403-1054-11ee-8002-d89d6776f970','2023-09-07 08:40:12','2023-09-07 08:40:12',NULL,NULL,0,'973ecf89-38ff-11ed-aed0-040300000000'),
('964916af-4d8c-11ee-8002-d89d6776f970','94b76caa-b7b0-11ed-8002-d89d6776f970','22e1877d-95cc-11ed-a912-705a0f328da6','2023-09-07 08:40:12','2023-09-07 08:40:12',NULL,NULL,0,'973ecf89-38ff-11ed-aed0-040300000000'),
('96a13ce6-57f1-11ee-a933-236cb4402701','91f94f4d-57f1-11ee-a933-236cb4402701','3b7ee097-2119-11ee-ac66-3cd92b4d9bf4','2023-09-20 13:09:22','2023-09-20 13:09:22',NULL,NULL,0,'161206bc-405b-11ee-8002-d89d6776f970'),
('98a87f1c-4d8c-11ee-8002-d89d6776f970','d3413f61-b87c-11ed-8002-d89d6776f970','22e1877d-95cc-11ed-a912-705a0f328da6','2023-09-07 08:40:16','2023-09-07 08:40:16',NULL,NULL,0,'973ecf89-38ff-11ed-aed0-040300000000'),
('98a88338-4d8c-11ee-8002-d89d6776f970','d3413f61-b87c-11ed-8002-d89d6776f970','80b7e403-1054-11ee-8002-d89d6776f970','2023-09-07 08:40:16','2023-09-07 08:40:16',NULL,NULL,0,'973ecf89-38ff-11ed-aed0-040300000000'),
('98d47bec-57f1-11ee-a933-236cb4402701','673d0f77-57f1-11ee-a933-236cb4402701','3b7ee097-2119-11ee-ac66-3cd92b4d9bf4','2023-09-20 13:09:25','2023-09-20 13:09:25',NULL,NULL,0,'161206bc-405b-11ee-8002-d89d6776f970'),
('9a6d94f6-4d8c-11ee-8002-d89d6776f970','bdc43309-7266-11ed-a880-040300000000','2621f126-71d3-11ed-a880-040300000000','2023-09-07 08:40:19','2023-09-07 08:40:19',NULL,NULL,0,'973ecf89-38ff-11ed-aed0-040300000000'),
('9c170bc2-4d8c-11ee-8002-d89d6776f970','c9839247-b7b0-11ed-8002-d89d6776f970','80b7e403-1054-11ee-8002-d89d6776f970','2023-09-07 08:40:22','2023-09-07 08:40:22',NULL,NULL,0,'973ecf89-38ff-11ed-aed0-040300000000'),
('9c170fe5-4d8c-11ee-8002-d89d6776f970','c9839247-b7b0-11ed-8002-d89d6776f970','22e1877d-95cc-11ed-a912-705a0f328da6','2023-09-07 08:40:22','2023-09-07 08:40:22',NULL,NULL,0,'973ecf89-38ff-11ed-aed0-040300000000'),
('a37d48f2-1517-11ee-8002-d89d6776f970','af9f7a80-df05-11ed-8002-d89d6776f970','80b7e403-1054-11ee-8002-d89d6776f970','2023-09-01 17:40:19','2023-09-01 17:40:19',NULL,NULL,0,'973ecf89-38ff-11ed-aed0-040300000000'),
('af354f67-1517-11ee-8002-d89d6776f970','cb993d7a-b84f-11ed-8002-d89d6776f970','80b7e403-1054-11ee-8002-d89d6776f970','2023-09-01 17:40:19','2023-09-01 17:40:19',NULL,NULL,0,'973ecf89-38ff-11ed-aed0-040300000000'),
('b71fc997-fa68-11ed-8002-d89d6776f970','440b6024-7267-11ed-a880-040300000000','a65773a5-fa66-11ed-8002-d89d6776f970','2023-09-01 17:40:19','2023-09-01 17:40:19',NULL,NULL,0,'973ecf89-38ff-11ed-aed0-040300000000'),
('bff0546a-7579-11ed-aad1-040300000000','440b6024-7267-11ed-a880-040300000000','2621f126-71d3-11ed-a880-040300000000','2023-09-01 17:40:19','2023-09-01 17:40:19',NULL,NULL,0,'973ecf89-38ff-11ed-aed0-040300000000'),
('c1f1b7fa-2a45-11ee-8002-d89d6776f970','804945f7-0fbf-11ee-8002-d89d6776f970','0c67e95b-74f1-11ed-aad1-040300000000','2023-09-01 17:40:19','2023-09-01 17:40:19',NULL,NULL,0,'973ecf89-38ff-11ed-aed0-040300000000'),
('c2fdbd44-1517-11ee-8002-d89d6776f970','40ad483f-b87d-11ed-8002-d89d6776f970','80b7e403-1054-11ee-8002-d89d6776f970','2023-09-01 17:40:19','2023-09-01 17:40:19',NULL,NULL,0,'973ecf89-38ff-11ed-aed0-040300000000'),
('c3ac046c-ef52-11ed-8002-d89d6776f970','09e620ae-b87d-11ed-8002-d89d6776f970','22e1877d-95cc-11ed-a912-705a0f328da6','2023-09-01 17:40:19','2023-09-01 17:40:19',NULL,NULL,0,'973ecf89-38ff-11ed-aed0-040300000000'),
('c9800fb9-4e71-11ee-a933-236cb4402701','2ada55e8-dedc-11ed-8002-d89d6776f970','80b7e403-1054-11ee-8002-d89d6776f970','2023-09-08 11:01:51','2023-09-08 11:01:51',NULL,NULL,0,'973ecf89-38ff-11ed-aed0-040300000000'),
('c9801471-4e71-11ee-a933-236cb4402701','2ada55e8-dedc-11ed-8002-d89d6776f970','22e1877d-95cc-11ed-a912-705a0f328da6','2023-09-08 11:01:51','2023-09-08 11:01:51',NULL,NULL,0,'973ecf89-38ff-11ed-aed0-040300000000'),
('cd2dac63-1517-11ee-8002-d89d6776f970','09e620ae-b87d-11ed-8002-d89d6776f970','80b7e403-1054-11ee-8002-d89d6776f970','2023-09-01 17:40:19','2023-09-01 17:40:19',NULL,NULL,0,'973ecf89-38ff-11ed-aed0-040300000000'),
('d26be600-4ccf-11ee-8002-d89d6776f970','1fcd0149-e085-11ed-8002-d89d6776f970','ee999ece-9b56-11ed-b58e-2c4138b7dab1','2023-09-06 10:08:58','2023-09-06 10:08:58',NULL,NULL,0,'973ecf89-38ff-11ed-aed0-040300000000'),
('d5761c5b-b943-11ed-8002-d89d6776f970','39314051-b941-11ed-8002-d89d6776f970','2621f126-71d3-11ed-a880-040300000000','2023-09-01 17:40:19','2023-09-01 17:40:19',NULL,NULL,0,'973ecf89-38ff-11ed-aed0-040300000000'),
('d8ae2efc-5807-11ee-a933-236cb4402701','d48e8a93-5807-11ee-a933-236cb4402701','3b7ee097-2119-11ee-ac66-3cd92b4d9bf4','2023-09-20 15:48:41','2023-09-20 15:48:41',NULL,NULL,0,'161206bc-405b-11ee-8002-d89d6776f970'),
('da73aadc-ef4a-11ed-8002-d89d6776f970','af9f7a80-df05-11ed-8002-d89d6776f970','22e1877d-95cc-11ed-a912-705a0f328da6','2023-09-01 17:40:19','2023-09-01 17:40:19',NULL,NULL,0,'973ecf89-38ff-11ed-aed0-040300000000'),
('dc410576-1041-11ee-8002-d89d6776f970','da8fa090-0fbd-11ee-8002-d89d6776f970','0c67e95b-74f1-11ed-aad1-040300000000','2023-09-01 17:40:19','2023-09-01 17:40:19',NULL,NULL,0,'973ecf89-38ff-11ed-aed0-040300000000'),
('e28f795f-e096-11ed-8002-d89d6776f970','1fcd0149-e085-11ed-8002-d89d6776f970','ee999ece-9b56-11ed-b58e-2c4138b7dab1','2023-09-01 17:40:19','2023-09-01 17:40:19',NULL,NULL,0,'973ecf89-38ff-11ed-aed0-040300000000'),
('e6dc0dd4-5bcb-11ee-a933-236cb4402701','bd631054-5bcb-11ee-a933-236cb4402701','771f14a9-5bcb-11ee-a933-236cb4402701','2023-09-25 10:49:40','2023-09-25 10:49:40',NULL,NULL,0,'f18ad0d4-3087-11ed-aed0-040300000000'),
('ea175252-1517-11ee-8002-d89d6776f970','f739ea4e-b7b0-11ed-8002-d89d6776f970','80b7e403-1054-11ee-8002-d89d6776f970','2023-09-01 17:40:19','2023-09-01 17:40:19',NULL,NULL,0,'973ecf89-38ff-11ed-aed0-040300000000'),
('ead87624-4cff-11ee-8002-d89d6776f970','0c130706-7266-11ed-a880-040300000000','2621f126-71d3-11ed-a880-040300000000','2023-09-06 15:53:15','2023-09-06 15:53:15',NULL,NULL,0,'973ecf89-38ff-11ed-aed0-040300000000'),
('ec466824-4bfe-11ee-8002-d89d6776f970','bf5aec55-4917-11ee-8002-d89d6776f970','3b7ee097-2119-11ee-ac66-3cd92b4d9bf4','2023-09-05 09:13:37','2023-09-05 09:13:37',NULL,NULL,0,'161206bc-405b-11ee-8002-d89d6776f970'),
('ec8001b5-4cce-11ee-8002-d89d6776f970','440b6024-7267-11ed-a880-040300000000','a65773a5-fa66-11ed-8002-d89d6776f970','2023-09-06 10:02:32','2023-09-06 10:02:32',NULL,NULL,0,'973ecf89-38ff-11ed-aed0-040300000000'),
('ec8005f3-4cce-11ee-8002-d89d6776f970','440b6024-7267-11ed-a880-040300000000','2621f126-71d3-11ed-a880-040300000000','2023-09-06 10:02:32','2023-09-06 10:02:32',NULL,NULL,0,'973ecf89-38ff-11ed-aed0-040300000000'),
('eceecf22-b92d-11ed-8002-d89d6776f970','5e82153e-b7b0-11ed-8002-d89d6776f970','22e1877d-95cc-11ed-a912-705a0f328da6','2023-09-01 17:40:19','2023-09-01 17:40:19',NULL,NULL,0,'973ecf89-38ff-11ed-aed0-040300000000'),
('eebb60cd-4bfe-11ee-8002-d89d6776f970','f0ab0ae1-4917-11ee-8002-d89d6776f970','3b7ee097-2119-11ee-ac66-3cd92b4d9bf4','2023-09-05 09:13:41','2023-09-05 09:13:41',NULL,NULL,0,'161206bc-405b-11ee-8002-d89d6776f970'),
('f0bf5bf3-4bfe-11ee-8002-d89d6776f970','5b670d9c-4918-11ee-8002-d89d6776f970','3b7ee097-2119-11ee-ac66-3cd92b4d9bf4','2023-09-05 09:13:44','2023-09-05 09:13:44',NULL,NULL,0,'161206bc-405b-11ee-8002-d89d6776f970'),
('f2fe5e03-4bfe-11ee-8002-d89d6776f970','a2e3da6a-4918-11ee-8002-d89d6776f970','3b7ee097-2119-11ee-ac66-3cd92b4d9bf4','2023-09-05 09:13:48','2023-09-05 09:13:48',NULL,NULL,0,'161206bc-405b-11ee-8002-d89d6776f970'),
('f4957d0f-4cce-11ee-8002-d89d6776f970','6c261f7f-71d9-11ed-a880-040300000000','2b2a55a0-71c3-11ed-a880-040300000000','2023-09-06 10:02:46','2023-09-06 10:02:46',NULL,NULL,0,'973ecf89-38ff-11ed-aed0-040300000000'),
('f4da55c1-4bfe-11ee-8002-d89d6776f970','d8f77033-4918-11ee-8002-d89d6776f970','3b7ee097-2119-11ee-ac66-3cd92b4d9bf4','2023-09-05 09:13:51','2023-09-05 09:13:51',NULL,NULL,0,'161206bc-405b-11ee-8002-d89d6776f970'),
('f662f142-4cce-11ee-8002-d89d6776f970','d1a8f9cd-71db-11ed-a880-040300000000','2b2a55a0-71c3-11ed-a880-040300000000','2023-09-06 10:02:49','2023-09-06 10:02:49',NULL,NULL,0,'973ecf89-38ff-11ed-aed0-040300000000'),
('f67f5aae-4bfe-11ee-8002-d89d6776f970','05edb872-4919-11ee-8002-d89d6776f970','3b7ee097-2119-11ee-ac66-3cd92b4d9bf4','2023-09-05 09:13:54','2023-09-05 09:13:54',NULL,NULL,0,'161206bc-405b-11ee-8002-d89d6776f970'),
('f80079e8-1517-11ee-8002-d89d6776f970','5e82153e-b7b0-11ed-8002-d89d6776f970','80b7e403-1054-11ee-8002-d89d6776f970','2023-09-01 17:40:19','2023-09-01 17:40:19',NULL,NULL,0,'973ecf89-38ff-11ed-aed0-040300000000'),
('f83cbff9-4cce-11ee-8002-d89d6776f970','5430da9a-71da-11ed-a880-040300000000','2b2a55a0-71c3-11ed-a880-040300000000','2023-09-06 10:02:52','2023-09-06 10:02:52',NULL,NULL,0,'973ecf89-38ff-11ed-aed0-040300000000'),
('f8761b94-4bfe-11ee-8002-d89d6776f970','712790b3-4919-11ee-8002-d89d6776f970','3b7ee097-2119-11ee-ac66-3cd92b4d9bf4','2023-09-05 09:13:57','2023-09-05 09:13:57',NULL,NULL,0,'161206bc-405b-11ee-8002-d89d6776f970'),
('fb3dd77c-4bfe-11ee-8002-d89d6776f970','4719bc34-4919-11ee-8002-d89d6776f970','3b7ee097-2119-11ee-ac66-3cd92b4d9bf4','2023-09-05 09:14:02','2023-09-05 09:14:02',NULL,NULL,0,'161206bc-405b-11ee-8002-d89d6776f970'),
('fc5667aa-50e0-11ee-a933-236cb4402701','74f8e43f-7266-11ed-a880-040300000000','2621f126-71d3-11ed-a880-040300000000','2023-09-11 13:22:53','2023-09-11 13:22:53',NULL,NULL,0,'973ecf89-38ff-11ed-aed0-040300000000');
/*!40000 ALTER TABLE `UsuarioRol` ENABLE KEYS */;
UNLOCK TABLES;

--
-- Table structure for table `Usuarios`
--

DROP TABLE IF EXISTS `Usuarios`;
/*!40101 SET @saved_cs_client     = @@character_set_client */;
/*!40101 SET character_set_client = utf8 */;
CREATE TABLE `Usuarios` (
  `Id` char(36) NOT NULL DEFAULT uuid(),
  `Nombre` varchar(70) NOT NULL,
  `ApellidoPaterno` varchar(20) NOT NULL,
  `ApellidoMaterno` varchar(20) NOT NULL,
  `NombreUsuario` varchar(30) NOT NULL,
  `CorreoElectronico` varchar(100) NOT NULL,
  `Contrasena` varchar(255) NOT NULL,
  `Curp` varchar(18) NOT NULL,
  `Rfc` varchar(13) NOT NULL,
  `Telefono` varchar(10) NOT NULL,
  `Ext` varchar(4) NOT NULL,
  `Celular` varchar(10) NOT NULL,
  `IdTipoUsuario` char(36) NOT NULL,
  `UltimoInicioDeSesion` datetime NOT NULL DEFAULT current_timestamp(),
  `EstaActivo` tinyint(1) NOT NULL DEFAULT 0,
  `CreadoPor` char(36) NOT NULL DEFAULT '0',
  `FechaDeCreacion` datetime NOT NULL DEFAULT current_timestamp(),
  `UltimaModificacion` datetime NOT NULL DEFAULT current_timestamp(),
  `ModificadoPor` char(36) NOT NULL DEFAULT '',
  `Deleted` tinyint(1) NOT NULL DEFAULT 0,
  `PuedeFirmar` tinyint(1) NOT NULL DEFAULT 0,
  `Puesto` varchar(255) DEFAULT NULL,
  PRIMARY KEY (`Id`) USING BTREE,
  KEY `IdTipoUsuario` (`IdTipoUsuario`) USING BTREE,
  KEY `FK_Usuario_Creado` (`CreadoPor`) USING BTREE,
  KEY `FK_Usuario_Modificado` (`ModificadoPor`) USING BTREE,
  CONSTRAINT `FK_Usuario_Creado` FOREIGN KEY (`CreadoPor`) REFERENCES `Usuarios` (`Id`) ON DELETE NO ACTION ON UPDATE NO ACTION,
  CONSTRAINT `FK_Usuario_Modificado` FOREIGN KEY (`ModificadoPor`) REFERENCES `Usuarios` (`Id`) ON DELETE NO ACTION ON UPDATE NO ACTION,
  CONSTRAINT `FK_Usuarios_TipoUsuario` FOREIGN KEY (`IdTipoUsuario`) REFERENCES `TipoUsuario` (`Id`) ON DELETE NO ACTION ON UPDATE NO ACTION
) ENGINE=InnoDB DEFAULT CHARSET=utf8mb3 COLLATE=utf8mb3_general_ci ROW_FORMAT=DYNAMIC;
/*!40101 SET character_set_client = @saved_cs_client */;

--
-- Dumping data for table `Usuarios`
--

LOCK TABLES `Usuarios` WRITE;
/*!40000 ALTER TABLE `Usuarios` DISABLE KEYS */;
INSERT INTO `Usuarios` VALUES
('05edb872-4919-11ee-8002-d89d6776f970','Ivet','Avendaño','García','ivet.avendano','ivet.avendano@nuevoleon.gob.mx','$2a$10$6oY2WCMcX2oL8RfG6LLOm.jz0F8Z3wcshNBFhKjvSC3rfPJgB/gAq','AEGI860911MPLVRV06','AEGI860911S43','8120202463','2463','8120202463','b055eea8-6438-11ed-a880-040300000000','2023-09-25 15:17:34',1,'30adc962-7109-11ed-a880-040300000000','2023-09-05 09:13:54','2023-09-05 09:13:54','30adc962-7109-11ed-a880-040300000000',0,0,'JEFE DE DEPARTAMENTO'),
('09e620ae-b87d-11ed-8002-d89d6776f970','PEDRO HIGINIO','SALAZAR','OBREGÓN','pedroh.salazar','pedroh.salazar@nuevoleon.gob.mx','$2a$10$9iWvs9oOFS2n6UD/S0OvXuepItogbFORLRb1HtfSrUPw.RYNn5Hzy','SAOP730910HNLLBD01','SAOP7309109X3','8120202483','2483','8120202483','b055eea8-6438-11ed-a880-040300000000','2023-05-16 09:24:06',1,'30adc962-7109-11ed-a880-040300000000','0000-00-00 00:00:00','0000-00-00 00:00:00','30adc962-7109-11ed-a880-040300000000',0,0,'GENERICO'),
('0c130706-7266-11ed-a880-040300000000','Angel Genaro','Carreon','Diaz','angel.carreon','angel.carreon@nuevoleon.gob.mx','$2a$10$SNzKDwyIf3xLNGv.ReshOuDX4pcRSlt0PTs5L98eFgxkWSBbsgtFO','CADA880713HNLRZN00','CADA8807133DA','8120202470','2470','8111982868','b055eea8-6438-11ed-a880-040300000000','2022-12-15 11:51:04',1,'30adc962-7109-11ed-a880-040300000000','2022-12-02 10:23:33','2023-09-06 15:53:15','30adc962-7109-11ed-a880-040300000000',0,0,'COORDINADOR'),
('13ca7436-4cf7-11ee-8002-d89d6776f970','Linda Ahime ','Avalos','a','linda.avalos','linda.avalos@nuevoleon.gob.mx','$2a$10$z8vvkKRBqntGCxK066vJW.zFFqzbJYG9aleEACANm.e0mMoN0FwwG','AAXL780526MSPVXN00','AALI780526D51','8120201301','1301','8120201301','b055eea8-6438-11ed-a880-040300000000','2023-09-25 16:15:26',1,'30adc962-7109-11ed-a880-040300000000','2023-09-06 14:50:07','2023-09-06 14:50:07','30adc962-7109-11ed-a880-040300000000',0,0,'ANALISTA'),
('195803a0-46c1-11ee-8002-d89d6776f970','KAREN AMABELY','TIJERINA','FLORES','karen.tijerina','karen.tijerina@nuevoleon.gob.mx','$2a$10$hdtmmk6.dl.oTnyxklnDPOAYnei1lpdXNWIAhYG8TdJXm.A1.kune','TIFK911119MNLJLR05','TIFK911119GQ5','81202077','7721','81202077','b055eea8-6438-11ed-a880-040300000000','2023-08-31 12:25:53',1,'30adc962-7109-11ed-a880-040300000000','0000-00-00 00:00:00','0000-00-00 00:00:00','30adc962-7109-11ed-a880-040300000000',0,0,NULL),
('1ad71765-0fbd-11ee-8002-d89d6776f970','Yessica Guadalupe','Rodríguez','Cantú','yessica.rodriguez','yessica.rodriguez@nuevoleon.gob.mx','$2a$10$80jR5tzIVrEkXpQYc.dSouuQnyJ/FE1V5.B8SuvBQIUgOs7KXaOAm','ROCY871008MNLDNS00','ROCY871008QB3','8120206226','0','0','b055eea8-6438-11ed-a880-040300000000','0000-00-00 00:00:00',1,'30adc962-7109-11ed-a880-040300000000','0000-00-00 00:00:00','0000-00-00 00:00:00','30adc962-7109-11ed-a880-040300000000',0,0,NULL),
('1fcd0149-e085-11ed-8002-d89d6776f970','Rocío Esmeralda','Martínez','Lucio','rocio.martinez','rocio.martinezl@nuevoleon.gob.mx','$2a$10$FmxH/cX090CyrGJ/p5gGlOzvP.1TjsVgTKNeox6oOH1RBqWhjsctu','MALR890330MNLRCC09','MALR890330CK7','8120201420','1420','8120201420','b055eea8-6438-11ed-a880-040300000000','2023-07-25 16:41:14',1,'30adc962-7109-11ed-a880-040300000000','0000-00-00 00:00:00','2023-09-06 10:08:58','30adc962-7109-11ed-a880-040300000000',0,0,'Coordinador'),
('209d29f5-71dc-11ed-a880-040300000000','Mario Alberto','Inguanzo','Vieyra','mario.inguanzo','mario.inguanzo@nuevoleon.gob.mx','$2a$10$SNzKDwyIf3xLNGv.ReshOuDX4pcRSlt0PTs5L98eFgxkWSBbsgtFO','XAXX010101000CVCVC','XAXX010101000','8120201143','','8120201143','b055eea8-6438-11ed-a880-040300000000','2023-01-17 10:19:40',1,'30adc962-7109-11ed-a880-040300000000','2022-12-01 17:56:17','2022-12-01 17:56:48','30adc962-7109-11ed-a880-040300000000',0,0,'DIRECTOR'),
('216c9795-0fbe-11ee-8002-d89d6776f970','Gabriela','Flores','Guerrero','gabriela.flores','gabriela.flores@nuevoleon.gob.mx','$2a$10$TZuch6NHTC7kxeQz9J/nse6c7kkR7AMV.g3NdNmDFKlQgCDEuVRTu','FOGG680324MNLLRB09','FOGG680324MT3','8120201343','0','0','b055eea8-6438-11ed-a880-040300000000','0000-00-00 00:00:00',1,'30adc962-7109-11ed-a880-040300000000','0000-00-00 00:00:00','0000-00-00 00:00:00','30adc962-7109-11ed-a880-040300000000',0,0,NULL),
('280971e0-0ed7-11ee-8002-d89d6776f970','Juan José','Garza','Hernández','juanjose.garza','juanjose.garza@nuevoleon.gob.mx','$2a$10$Dtf1VKqLIgd8BA6XPYHLxuzjpkHie7mq4.X1jM.RVhOe2l1HXrAhm','GAHJ850624HNLRRN02','GAHJ8506243R2','8120201300','1324','8112497438','b055eea8-6438-11ed-a880-040300000000','0000-00-00 00:00:00',1,'30adc962-7109-11ed-a880-040300000000','0000-00-00 00:00:00','0000-00-00 00:00:00','30adc962-7109-11ed-a880-040300000000',0,0,NULL),
('2ada55e8-dedc-11ed-8002-d89d6776f970','Usuario','Genérico','DORG','DAMOPORG','DAMOPORG@pruebas.com','$2a$10$xuvxfqDHBcwafJSaZBCMqOTLIFX37BBDB25YZAWUIGFWVVFenjqdS','DAMOPORG12MVZYNN09','DAMOPORG12345','1234567895','910','1234567896','b055eea8-6438-11ed-a880-040300000000','2023-09-11 12:33:53',1,'30adc962-7109-11ed-a880-040300000000','0000-00-00 00:00:00','2023-09-08 11:01:51','30adc962-7109-11ed-a880-040300000000',0,0,'Administrador'),
('2fad75f3-b79f-11ed-8002-d89d6776f970','Juan Fernando','Chávez','Marroquín','juan.chavez','juan.chavez@nuevoleon.gob.mx','$2a$10$bDUxNZz3ltW0eFizXMsR7umaLVa6daq1.mkDY9tYBrmf/0nc9JW1m','CAMJ871029HNLHRN02','CAMJ871029FP4','8120201460','1460','8126902423','b055eea8-6438-11ed-a880-040300000000','2023-09-19 11:24:34',1,'30adc962-7109-11ed-a880-040300000000','0000-00-00 00:00:00','2023-09-07 08:38:04','30adc962-7109-11ed-a880-040300000000',0,0,'Analista'),
('30adc962-7109-11ed-a880-040300000000','Adolfo Angel','Garcia','Martinez','Disrec','aagarcia@cecapmex.com','$2a$10$xuvxfqDHBcwafJSaZBCMqOTLIFX37BBDB25YZAWUIGFWVVFenjqdS','SISTEMASISTEMASIST','SISTEMASISTEM','8126902423','456','8126902423','b055eb06-6438-11ed-a880-040300000000','2023-09-25 17:52:26',1,'30adc962-7109-11ed-a880-040300000000','2022-11-30 16:46:20','2023-09-25 11:05:35','30adc962-7109-11ed-a880-040300000000',0,0,'Soporte usuarios'),
('39314051-b941-11ed-8002-d89d6776f970','JUAN CARLOS','GONZALEZ','ROMERO','juan.gonzalezr','juan.gonzalezr@nuevoleon.gob.mx','$2a$10$sRQXazAbJDD2CfpJDkHa.OOdprRdQztwiTu4npJbaKKjRWnq4mxQS','GORJ741101HDFNMN11','GORJ7411014U7','8120201377','1','6671672940','b055eea8-6438-11ed-a880-040300000000','2023-03-02 13:48:57',1,'30adc962-7109-11ed-a880-040300000000','0000-00-00 00:00:00','0000-00-00 00:00:00','30adc962-7109-11ed-a880-040300000000',0,0,'Analista'),
('3e0cf417-ded7-11ed-8002-d89d6776f970','Cesar','Mares','Gomez','cesar.mares','cesar.mares@nuevoleon.gob.mx','$2a$10$w8WQeomYivp0JJj/XAf4NOD9sw/clx0TomR1T/fcqsXl9S14Utzoi','GAMA920807EB6HDDDD','XXXXXXXXXXXXX','1234567895','125','1234567895','b055eea8-6438-11ed-a880-040300000000','2023-08-03 14:28:52',1,'30adc962-7109-11ed-a880-040300000000','0000-00-00 00:00:00','0000-00-00 00:00:00','30adc962-7109-11ed-a880-040300000000',0,0,'Analista'),
('40ad483f-b87d-11ed-8002-d89d6776f970','MARIA MAYELA','GUAJARDO','LOPEZ','mayela.guajardo','mayela.guajardo@nuevoleon.gob.mx','$2a$10$DRZHfZGtUW6LWuagJl.Mg.hniKu.niZ4aZGrrUZ/p3Qdkl/XGe0FS','GULM720817MNLJPY07','GULM7208176R0','8120201475','1475','8111836742','b055eea8-6438-11ed-a880-040300000000','0000-00-00 00:00:00',1,'30adc962-7109-11ed-a880-040300000000','0000-00-00 00:00:00','0000-00-00 00:00:00','30adc962-7109-11ed-a880-040300000000',0,0,'GENERICO'),
('440b6024-7267-11ed-a880-040300000000','Verónica','Cárdenas','Medina','veronica.cardenas','veronica.cardenas@nuevoleon.gob.mx','$2a$10$lbj.Pu2MxJgbFHcjDkMDRui33EUCA.XoMAgz422VIIUBqfhKHUp6a','CAMV821001MNLRDR04','CAMV821001IBA','8120201432','1432','8180274081','b055eea8-6438-11ed-a880-040300000000','2023-09-21 15:11:26',1,'30adc962-7109-11ed-a880-040300000000','2022-12-02 10:32:16','2023-09-06 10:02:32','30adc962-7109-11ed-a880-040300000000',0,0,'ANALISTA'),
('4719bc34-4919-11ee-8002-d89d6776f970','Myriam','Gándara','Vázquez','myriam.gandara','myriam.gandara@nuevoleon.gob.mx','$2a$10$4y8SK1svEVaJdXEmq4Ri4ONiIcE6SobcD4KW.oDHiPOOebMM9AVoS','GAVM770601MNLNZY09','GAVM770601CL7','8120202455','2455','8120202455','b055eea8-6438-11ed-a880-040300000000','2023-09-08 11:50:01',1,'30adc962-7109-11ed-a880-040300000000','2023-09-05 09:14:02','2023-09-05 09:14:02','30adc962-7109-11ed-a880-040300000000',0,0,'JEFE DE DEPARTAMENTO'),
('5430da9a-71da-11ed-a880-040300000000','Oswaldo','Calzada','Alba','oswaldo.calzada','oswaldo.calzada@nuevoleon.gob.mx','$2a$10$RUDNCPHyZUzt8JaTIfLjH.2.H/MpsKi2nJ3Q9rdNr4trpS4KBxPpG','XAXX010101000XCXCX','XAXX010101000','8120201033','637','8120201033','b055eea8-6438-11ed-a880-040300000000','2023-09-25 10:48:26',1,'30adc962-7109-11ed-a880-040300000000','2022-12-01 17:43:24','2023-09-06 10:02:52','30adc962-7109-11ed-a880-040300000000',0,0,'ANALISTA'),
('5a9494ef-4052-11ee-8002-d89d6776f970','Rey Moisés','Vásquez','Hernández','rey.vasquez','rey.vasquez@nuevoleon.gob.mx','$2a$10$alR9pa6TcPHO0QH1Y.eLKO9EJfp10B8DqXG3vHu9a.qcQc2hirJmK','VAHR740106HVZSRY09','VAHR740106KV2','8120201424','0','8120201424','b055eea8-6438-11ed-a880-040300000000','2023-08-21 11:56:57',1,'30adc962-7109-11ed-a880-040300000000','0000-00-00 00:00:00','0000-00-00 00:00:00','30adc962-7109-11ed-a880-040300000000',0,0,NULL),
('5b670d9c-4918-11ee-8002-d89d6776f970','Moisés Francisco','Buitrón ','Cedillo','moises.buitron','moises.buitron@nuevoleon.gob.mx','$2a$10$gtxoqoORva8z8neEg9StT.STU8y3WI1p4Mn/i/nvWwkgfRyUKR3nq','BUCM740503HTSTDS02','BUCM740503LM0','8120201365','1365','8120201365','b055eea8-6438-11ed-a880-040300000000','2023-09-05 09:13:44',1,'30adc962-7109-11ed-a880-040300000000','2023-09-05 09:13:44','2023-09-05 09:13:44','30adc962-7109-11ed-a880-040300000000',0,0,'JEFE DE DEPARTAMENTO'),
('5e6f44d1-d7c5-11ed-8581-040300000000','Usuario ','Genérico','DCCP','DCCP','dccp@test.com','$2a$10$SNzKDwyIf3xLNGv.ReshOuDX4pcRSlt0PTs5L98eFgxkWSBbsgtFO','DCCP980207MMCCRRB4','RFCGENERICO10','9187563254','0','3254561874','b055eea8-6438-11ed-a880-040300000000','2023-05-31 15:53:41',1,'30adc962-7109-11ed-a880-040300000000','2023-04-10 12:32:14','2023-04-10 12:32:14','30adc962-7109-11ed-a880-040300000000',0,0,'Admi'),
('5e82153e-b7b0-11ed-8002-d89d6776f970','Samantha Rubi','Nava','Luevano','samantha.nava','samantha.nava@nuevoleon.gob.mx','$2a$10$khLJj57PJeddWFBnY/MsSuJv1QSjclY680lWNPFxPnBxnSNRGOkiO','NALS921204MNLVVM06','NALS921204I74','8120201300','1347','8120201300','b055eea8-6438-11ed-a880-040300000000','2023-03-02 07:33:24',1,'30adc962-7109-11ed-a880-040300000000','0000-00-00 00:00:00','0000-00-00 00:00:00','30adc962-7109-11ed-a880-040300000000',0,0,'ANALISTA'),
('673d0f77-57f1-11ee-a933-236cb4402701','ADOLFO','RAMIREZ','CAMPOS','adolfo.ramirez','adolfo.ramirez@nuevoleon.gob.mx','$2a$10$bl4x8GelMtSbVHRiDMRVDeQp3BMKr.PTmCSZkEpHutsax3qLdLmJC','RACA800527HNLMMD04','RACA800527NK3','8120201301','1301','8120201301','b055eea8-6438-11ed-a880-040300000000','2023-09-25 12:50:04',1,'30adc962-7109-11ed-a880-040300000000','2023-09-20 13:09:25','2023-09-20 13:09:25','30adc962-7109-11ed-a880-040300000000',0,0,'Analista'),
('6c261f7f-71d9-11ed-a880-040300000000','Cesar Gabriel','Rivera','Cantu','cesar.rivera','cesar.rivera@nuevoleon.gob.mx','$2a$10$ixtVJT9ShNX3i78ZzjsJzOkt9OI.KB398uadQ.dGEHBVDCY.OnjsW','XAXX010101000XCXC','XAXX010101000','8120201212','631','8120201212','b055eea8-6438-11ed-a880-040300000000','2023-09-25 13:58:02',1,'30adc962-7109-11ed-a880-040300000000','2022-12-01 17:36:55','2023-09-06 10:02:46','30adc962-7109-11ed-a880-040300000000',0,0,'COORDINADOR'),
('712790b3-4919-11ee-8002-d89d6776f970','Gabriela','Merla','Ávila','gabriela.merla','gabriela.merla@nuevoleon.gob.mx','$2a$10$uRYSX5UvsYiaIGtuNZOvBetq6YxjweC4.xgPLBPhvhsYKOv8umwge','MEAG770512MNLRVB00','MEAG770512PN2','8120201331','1331','8120201331','b055eea8-6438-11ed-a880-040300000000','2023-09-21 10:22:51',1,'30adc962-7109-11ed-a880-040300000000','2023-09-05 09:13:57','2023-09-05 09:13:57','30adc962-7109-11ed-a880-040300000000',0,0,'ANALISTA'),
('738d370b-0ed5-11ee-8002-d89d6776f970','Héctor Inocencio','Pérez','Trujillo','hector.perez','hector.perez@nuevoleon.gob.mx','$2a$10$bcjAB2LPEOEKvpCw4XuWte6nylldTkgdRiA2z9FeR5oPzLaUYK.9C','PETH650915HNLRRC05','PETH6509154M8','8120201300','1333','8114953190','b055eea8-6438-11ed-a880-040300000000','2023-08-07 17:22:06',1,'30adc962-7109-11ed-a880-040300000000','0000-00-00 00:00:00','2023-09-07 09:19:56','30adc962-7109-11ed-a880-040300000000',0,0,'JEFE DE DEPARTAMENTO'),
('74f8e43f-7266-11ed-a880-040300000000','Norma Lydia','Mendoza','Rodriguez','norma.mendoza','norma.mendoza@nuevoleon.gob.mx','$2a$10$xuvxfqDHBcwafJSaZBCMqOTLIFX37BBDB25YZAWUIGFWVVFenjqdS','MERN730513MNLNDR00','MERN730513V26','8120201329','1329','8115331501','b055eea8-6438-11ed-a880-040300000000','2023-09-15 08:37:13',1,'30adc962-7109-11ed-a880-040300000000','2022-12-02 10:26:29','2023-09-11 13:22:53','30adc962-7109-11ed-a880-040300000000',0,0,'ANALISTA'),
('804945f7-0fbf-11ee-8002-d89d6776f970','María de Lourdes','Dávila','Gámez','lourdes.davila','lourdes.davila@nuevoleon.gob.mx','$2a$10$xuvxfqDHBcwafJSaZBCMqOTLIFX37BBDB25YZAWUIGFWVVFenjqdS','DAGL770703MNLVMR07','DAGL770703786','8120207738','0','0','b055eea8-6438-11ed-a880-040300000000','2023-07-24 10:15:58',1,'30adc962-7109-11ed-a880-040300000000','0000-00-00 00:00:00','0000-00-00 00:00:00','30adc962-7109-11ed-a880-040300000000',0,0,NULL),
('91a8c8a8-0ed7-11ee-8002-d89d6776f970','Miguel Ángel','Contreras','Sánchez','miguel.contreras','miguel.contreras@nuevoleon.gob.mx','$2a$10$6b249bLE0tPcaBcABrvtqeVtk1msnV4DIEhfGqJgeIdVZoAund.5S','COSM820913HNLNNG03','COSM820913QE2','8120201300','6200','8111704814','b055eea8-6438-11ed-a880-040300000000','0000-00-00 00:00:00',1,'30adc962-7109-11ed-a880-040300000000','0000-00-00 00:00:00','0000-00-00 00:00:00','30adc962-7109-11ed-a880-040300000000',0,0,NULL),
('91f94f4d-57f1-11ee-a933-236cb4402701','CARMEN JULIA ','MARTINEZ','ZERTUCHE','julia.martinez','julia.martinez@nuevoleon.gob.mx','$2a$10$KUSJyI8TDx8kwzbnU45kMeIRoWPxVsroBD.7iN/h0QXdi3xdp31BG','MAZC650207MNLRRR05','MAZC650207GH6','8120201301','1301','8120201301','b055eea8-6438-11ed-a880-040300000000','2023-09-25 15:48:49',1,'30adc962-7109-11ed-a880-040300000000','2023-09-20 13:09:22','2023-09-20 13:09:22','30adc962-7109-11ed-a880-040300000000',0,0,'JEFE DE DEPARTAMENTO'),
('93a07e88-7267-11ed-a880-040300000000','Cynthia Selene','Vera','Zapata','cynthia.vera','cynthia.vera@nuevoleon.gob.mx','$2a$10$xuvxfqDHBcwafJSaZBCMqOTLIFX37BBDB25YZAWUIGFWVVFenjqdS','VEZC841002MTSRPY07','VEZC841002231','8120202476','2476','8120115044','b055eea8-6438-11ed-a880-040300000000','2023-09-25 17:24:47',1,'30adc962-7109-11ed-a880-040300000000','2022-12-02 10:34:30','2023-09-06 16:10:47','30adc962-7109-11ed-a880-040300000000',0,0,'ANALISTA'),
('94b76caa-b7b0-11ed-8002-d89d6776f970','Francisco Alberto','Bernal','Hernandez','francisco.bernal','francisco.bernal@nuevoleon.gob.mx','$2a$10$lYog2XZwXKCQR//6uqVDxOGD5ZsPB46tjoxkIR35cCLUIsP2h7nJi','BEHF941004HNLRRR02','BEHF941004MN6','8120201300','1378','8120201300','b055eea8-6438-11ed-a880-040300000000','2023-08-04 15:18:14',1,'30adc962-7109-11ed-a880-040300000000','0000-00-00 00:00:00','2023-09-07 08:40:12','30adc962-7109-11ed-a880-040300000000',0,0,'Analista'),
('97f2cdcb-4919-11ee-8002-d89d6776f970','Alinuhi','Sainz','Corona','alinuhi.sainz','alinuhi.sainz@nuevoleon.gob.mx','$2a$10$4xOBVvfcDBV0B0MNp1DKy.i6jz0cqyp5LzQP65qwKqEhp3gtANuy2','SACA760321MSLNRL03','SACA760321N3A','1234567891','111','1234567891','b055eea8-6438-11ed-a880-040300000000','2023-09-04 15:38:25',0,'30adc962-7109-11ed-a880-040300000000','2023-09-04 15:38:25','2023-09-06 14:52:01','30adc962-7109-11ed-a880-040300000000',0,0,'ANALISTA'),
('99999999-9999-9999-9999-999999999999','usuario.generico','generico','generico','usuario.generico','usuario.generico@nuevoleon.gob.mx','$2a$10$xuvxfqDHBcwafJSaZBCMqOTLIFX37BBDB25YZAWUIGFWVVFenjqdS','SISTEMASISTEMASIST','SISTEMASISTEM','123','456','789','b055eb06-6438-11ed-a880-040300000000','2023-09-01 12:31:00',1,'30adc962-7109-11ed-a880-040300000000','2023-09-01 12:31:13','2023-09-01 12:31:16','30adc962-7109-11ed-a880-040300000000',0,0,'GENERICO'),
('a2e3da6a-4918-11ee-8002-d89d6776f970','Fermín','Luz','Bustos','fermin.luz','fermin.luz@nuevoleon.gob.mx','$2a$10$h3m18Ynga0RtbL14aISkPuxRDOLrDOktxiZUKo/9/wrkcjP0KjFeK','LUBF930521HDFZSR08','LUBF9305218E5','1234567896','111','1234567896','b055eea8-6438-11ed-a880-040300000000','2023-09-05 09:13:48',1,'30adc962-7109-11ed-a880-040300000000','2023-09-05 09:13:48','2023-09-05 09:13:48','30adc962-7109-11ed-a880-040300000000',0,0,'JEFE DE DEPARTAMENTO'),
('af9f7a80-df05-11ed-8002-d89d6776f970','Susana Patricia','Ruiz','González','susana.ruiz','susana.ruiz@nuevoleon.gob.mx','$2a$10$7jGdac1LrMdv6u4WmGzZkuhpRSMFruPYd98YJZ5N/iEbus8EyAvQm','RUGS711123MNLZNS05','RUGS711123KFA','8120201474','1474','0','b055eea8-6438-11ed-a880-040300000000','0000-00-00 00:00:00',1,'30adc962-7109-11ed-a880-040300000000','0000-00-00 00:00:00','0000-00-00 00:00:00','30adc962-7109-11ed-a880-040300000000',0,0,NULL),
('bd631054-5bcb-11ee-a933-236cb4402701','Pedro Ricardo','Pardo','Gaytan','prpardo','prpardo@cecapmex.com','$2a$10$RXiX57srtBZLvrYCgT2M3eoEaGMKfcUKPvhVMFW5.JuuutJAXx3A.','XXXXXXXXXXXXXXXXXX','YYYYYYYYYYYYY','0000000000','0000','0000000000','b055ed42-6438-11ed-a880-040300000000','2023-09-25 10:48:46',1,'30adc962-7109-11ed-a880-040300000000','2023-09-25 10:48:46','2023-09-25 10:49:40','30adc962-7109-11ed-a880-040300000000',0,0,'Desarrollador'),
('bdc43309-7266-11ed-a880-040300000000','Carlos Alberto','Esquivel','Esqueda','carlos.esquivel','carlos.esquivel@nuevoleon.gob.mx','$2a$10$xuvxfqDHBcwafJSaZBCMqOTLIFX37BBDB25YZAWUIGFWVVFenjqdS','EUEC850408HNLSSR06','EUEC850408EFA','8120201494','1494','8120738801','b055eea8-6438-11ed-a880-040300000000','2023-06-06 12:16:38',1,'30adc962-7109-11ed-a880-040300000000','2022-12-02 10:28:31','2023-09-07 08:40:19','30adc962-7109-11ed-a880-040300000000',0,0,'ANALISTA'),
('bf5aec55-4917-11ee-8002-d89d6776f970','María Idalia ','Arroyo','Rodríguez','idalia.arroyo','idalia.arroyo@nuevoleon.gob.mx','$2a$10$hVhthWw40zIYi7bmglylDelmQK4RCK/KIDCwPRNHmVRvGJd19lj8u','AORI780720MNLRDD04','AORI780720UY5','8120201479','1479','8120201479','b055eea8-6438-11ed-a880-040300000000','2023-09-05 09:13:37',1,'30adc962-7109-11ed-a880-040300000000','2023-09-05 09:13:37','2023-09-05 09:13:37','30adc962-7109-11ed-a880-040300000000',0,0,'DIRECTOR'),
('c2e65bf9-4cf6-11ee-8002-d89d6776f970','Bernardo','Serna','Vega','bernardo.serna','bernardo.serna@nuevoleon.gob.mx','$2a$10$Z5zZEBv7Z2znGeXO3xqlkOpnKqwMXxMJLIBb/ra9xHfISRNO4D59u','SEVB890313HNLRGR03','SEVB890313VB5','8120201363','1363','8120201363','b055eea8-6438-11ed-a880-040300000000','2023-09-08 11:38:51',1,'30adc962-7109-11ed-a880-040300000000','2023-09-06 14:50:11','2023-09-06 14:50:11','30adc962-7109-11ed-a880-040300000000',0,0,'JEFE DE DEPARTAMENTO'),
('c9839247-b7b0-11ed-8002-d89d6776f970','Alexa Gabriela','Hernandez','Ibarra','alexa.hernandez','alexa.hernandez@nuevoleon.gob.mx','$2a$10$UI1bdqQAQQaMja.ZdGpbYOQofZwd/KNK.MxBigmU/k7bLjAw.48wG','HEIA991014MNLRBL07','HEIA991014UFA','8120201300','6284','8120201300','b055eea8-6438-11ed-a880-040300000000','2023-03-02 07:31:41',1,'30adc962-7109-11ed-a880-040300000000','0000-00-00 00:00:00','2023-09-07 08:40:22','30adc962-7109-11ed-a880-040300000000',0,0,'Analista'),
('cb8b018d-0ed6-11ee-8002-d89d6776f970','Alfredo Francisco','Acevedo','Puente','alfredo.acevedo','alfredo.acevedo@nuevoleon.gob.mx','$2a$10$uwUmTldRZMF21oLvmqSfS.1.4YyEbLe2/cBKLrgtJo8retqXVSMAO','AEPA741004HNLCNL00','AEPA7410041B9','8120201300','1319','8117380599','b055eea8-6438-11ed-a880-040300000000','0000-00-00 00:00:00',1,'30adc962-7109-11ed-a880-040300000000','0000-00-00 00:00:00','0000-00-00 00:00:00','30adc962-7109-11ed-a880-040300000000',0,0,NULL),
('cb993d7a-b84f-11ed-8002-d89d6776f970','Karla Yesenia','Delgado','Garcia ','karla.delgado','karla.delgado@nuevoleon.gob.mx','$2a$10$n.z5kOF36Sc5Yq9wK.doluy6TiR5.DG/pCfArGB2kA.oomjD1m3Ce','DEGK900306MNLLRR05','DEGK900306PR9','8120201377','0','8120201377','b055eea8-6438-11ed-a880-040300000000','2023-05-09 11:23:28',1,'30adc962-7109-11ed-a880-040300000000','0000-00-00 00:00:00','2023-09-06 15:49:08','30adc962-7109-11ed-a880-040300000000',0,0,'GENERICO'),
('cd3a3266-0f9f-11ee-8002-d89d6776f970','Organismo','x','x','organismo','Organismo@nuevoleon.gob.mx','$2a$10$xuvxfqDHBcwafJSaZBCMqOTLIFX37BBDB25YZAWUIGFWVVFenjqdS','XAXX010101000XCXCX','GAMA920807EB6','8120201300','0','8114953190','b055eea8-6438-11ed-a880-040300000000','2023-06-22 15:40:52',1,'30adc962-7109-11ed-a880-040300000000','0000-00-00 00:00:00','0000-00-00 00:00:00','30adc962-7109-11ed-a880-040300000000',0,0,NULL),
('d1a8f9cd-71db-11ed-a880-040300000000','Juan Luis','Jimenez','Herrera','juanluis.jimenez','juanluis.jimenez@nuevoleon.gob.mx','$2a$10$SNzKDwyIf3xLNGv.ReshOuDX4pcRSlt0PTs5L98eFgxkWSBbsgtFO','XAXX010101000XCXCX','XAXX010101000','8120202462','504','8120202462','b055eea8-6438-11ed-a880-040300000000','2023-09-25 11:14:31',1,'30adc962-7109-11ed-a880-040300000000','2022-12-01 17:54:04','2023-09-06 10:02:49','30adc962-7109-11ed-a880-040300000000',0,0,'JEFE DE DEPARTAMENTO'),
('d3413f61-b87c-11ed-8002-d89d6776f970','ELISA','MADERA','HOLTEN','elisa.madera','elisa.madera@nuevoleon.gob.mx','$2a$10$rGDRHtZTDQ95nSSgDoYN8e2iCqxieMosgTs6GKjLbwViob0nJ.rYC','MAHE701125MNLDLL01','MAHE701125Q47','8120201340','1340','8120201340','b055eea8-6438-11ed-a880-040300000000','2023-03-03 10:54:24',1,'30adc962-7109-11ed-a880-040300000000','0000-00-00 00:00:00','2023-09-07 08:40:16','30adc962-7109-11ed-a880-040300000000',0,0,'Analista'),
('d402cfd3-0ef4-11ee-8002-d89d6776f970','Marcos','Rodriguez','Duran','marcos.rodriguez','marcos.rodriguez.apodaca@nuevoleon.gob.mx','$2a$10$xuvxfqDHBcwafJSaZBCMqOTLIFX37BBDB25YZAWUIGFWVVFenjqdS','XAXX010101000XCXCX','MUNI920807EB6','8126980895','0','8126980895','b055eea8-6438-11ed-a880-040300000000','2023-08-25 10:47:48',1,'30adc962-7109-11ed-a880-040300000000','0000-00-00 00:00:00','0000-00-00 00:00:00','30adc962-7109-11ed-a880-040300000000',0,0,'Tesorero Municipal'),
('d48e8a93-5807-11ee-a933-236cb4402701','LAURA SOFÍA','IZAGUIRRE','SEPULVEDA','laura.izaguirre','laura.izaguirre@nuevoleon.gob.mx','$2a$10$lxxyxRuFoG2L0.Un4OPBueGrBCnXT1XmKgG1YkfXBTigclMmkWa1O','IASL960821MNLZPR05','IASL960821L82','8120201301','1301','8120201301','b055eea8-6438-11ed-a880-040300000000','2023-09-20 15:48:41',1,'30adc962-7109-11ed-a880-040300000000','2023-09-20 15:48:41','2023-09-20 15:48:41','30adc962-7109-11ed-a880-040300000000',0,0,'Analista'),
('d8483c80-c9b4-11ed-afa1-0242ac120002','José Aguedo','Serna','Meza','jaguedo','joseaguedosernameza@gmail.com','$2y$10$UzjgRgXC4qANCryExLYpuuoTRe4MxFghcP2/G.RqV4RHXHWw54LEO','SEMA97','GOTJ971127BF8','8211413604','821','8211412232','b055ed42-6438-11ed-a880-040300000000','2023-09-01 13:41:10',1,'0c130706-7266-11ed-a880-040300000000','2023-03-23 13:55:08','2023-03-23 13:55:58','2fad75f3-b79f-11ed-8002-d89d6776f970',0,0,'Desarrollador'),
('d8f77033-4918-11ee-8002-d89d6776f970','Selene','Mendez','Encarnación','selene.mendez','selene.mendez@nuevoleon.gob.mx','$2a$10$SfSUD8gp8yffflASbFl7NuWa7ZqnxjAfWLo24HjF6ibneTJzmnmTq','MEES870715MGRNNL06','MEES870715SX6','1234567891','111','1234567891','b055eea8-6438-11ed-a880-040300000000','2023-09-05 09:13:51',1,'30adc962-7109-11ed-a880-040300000000','2023-09-05 09:13:51','2023-09-05 09:13:51','30adc962-7109-11ed-a880-040300000000',0,0,'JEFE DE DEPARTAMENTO'),
('da8fa090-0fbd-11ee-8002-d89d6776f970','Fabian','Pino','Pérez','fabian.pino','fabian.pino@nuevoleon.gob.mx','$2a$10$STCTRXFpTHAf9Xp6u0rFk.t58j8ov/XLfjblVbAjDK.PP8Tl/mxmK','PIPF750524MNLNRB08','PIPF7505241X1','8120201344','0','0','b055eea8-6438-11ed-a880-040300000000','2023-06-21 07:42:33',1,'30adc962-7109-11ed-a880-040300000000','0000-00-00 00:00:00','0000-00-00 00:00:00','30adc962-7109-11ed-a880-040300000000',0,0,NULL),
('dc238691-0717-11ee-8002-d89d6776f970','Olaguibel Antonio','Montemayor','Garza','olaguibel.montemayor','olaguibel.montemayor@nuevoleon.gob.mx','$2a$10$Jc3ijfIbL3/6Xuy3KcqiB.bNSbLxoj0q/zj6jLsxioraRm.fNniY6','MOGO740613HNLNRL02','MOGO740613CQ4','8120202485','2485','8112512736','b055eea8-6438-11ed-a880-040300000000','2023-09-11 10:56:32',1,'30adc962-7109-11ed-a880-040300000000','0000-00-00 00:00:00','2023-09-08 12:38:35','30adc962-7109-11ed-a880-040300000000',0,0,'JEFE DE DEPARTAMENTO'),
('e01a653e-725f-11ed-a880-040300000000','Jaime Arturo','Zurricanday','Cortaza','jaime.zurricanday','jaime.zurricandayTeste999@gmail.com','$2a$10$SNzKDwyIf3xLNGv.ReshOuDX4pcRSlt0PTs5L98eFgxkWSBbsgtFO','MGE850101H1XVXVXVX','MGE850101H1','8182206100','1145','8343011114','b055eea8-6438-11ed-a880-040300000000','2023-09-07 09:53:37',1,'30adc962-7109-11ed-a880-040300000000','2022-12-02 09:39:22','2023-09-06 16:04:38','30adc962-7109-11ed-a880-040300000000',0,0,'Tesorero'),
('f0ab0ae1-4917-11ee-8002-d89d6776f970','Miguel Ángel','Loza','Mireles','miguel.loza','miguel.loza@nuevoleon.gob.mx','$2a$10$cYOSp6CWf9UpPfcXTG62GeqJxBcdzI.taqc0NPOTSOl.UHERNo2Ba','LOMM840817HDFZRG03','LOMM840817672','8120202453','2453','8120202453','b055eea8-6438-11ed-a880-040300000000','2023-09-05 09:13:41',1,'30adc962-7109-11ed-a880-040300000000','2023-09-05 09:13:41','2023-09-05 09:13:41','30adc962-7109-11ed-a880-040300000000',0,0,'COORDINADOR'),
('f739ea4e-b7b0-11ed-8002-d89d6776f970','Monica Elizabeth','Gonzalez','Sandoval','monica.gonzalezs','monica.gonzalezs@nuevoleon.gob.mx','$2a$10$sO7VWdYpgHvc3.fAwRtKu.cyrNxHX33MCCryD/JDL7gMHz6ykm9Dq','GOSM701129MNLNNN02','GOSM701129QQ2','8120201300','2497','8120201300','b055eea8-6438-11ed-a880-040300000000','0000-00-00 00:00:00',1,'30adc962-7109-11ed-a880-040300000000','0000-00-00 00:00:00','0000-00-00 00:00:00','30adc962-7109-11ed-a880-040300000000',0,0,'GENERICO');
/*!40000 ALTER TABLE `Usuarios` ENABLE KEYS */;
UNLOCK TABLES;

--
-- Dumping events for database 'TiCentral'
--

--
-- Dumping routines for database 'TiCentral'
--
/*!50003 SET @saved_sql_mode       = @@sql_mode */ ;
/*!50003 SET sql_mode              = 'STRICT_TRANS_TABLES,ERROR_FOR_DIVISION_BY_ZERO,NO_AUTO_CREATE_USER,NO_ENGINE_SUBSTITUTION' */ ;
/*!50003 DROP FUNCTION IF EXISTS `limpiar` */;
/*!50003 SET @saved_cs_client      = @@character_set_client */ ;
/*!50003 SET @saved_cs_results     = @@character_set_results */ ;
/*!50003 SET @saved_col_connection = @@collation_connection */ ;
/*!50003 SET character_set_client  = utf8mb4 */ ;
/*!50003 SET character_set_results = utf8mb4 */ ;
/*!50003 SET collation_connection  = utf8mb4_general_ci */ ;
DELIMITER ;;
CREATE DEFINER=`root`@`%` FUNCTION `limpiar`(`str` varchar(255)
) RETURNS varchar(255) CHARSET utf8mb3 COLLATE utf8mb3_general_ci
BEGIN
	
    set str=REPLACE(str,'"','');
    set str=REPLACE(str,'\'','');
    set str=REPLACE(str,' ','');
    set str=REPLACE(str,',','');
    set str=REPLACE(str,';','');
    set str=REPLACE(str,':','');
    set str=REPLACE(str,'(','');
    set str=REPLACE(str,')','');
    set str=REPLACE(str,'/','');
    set str=REPLACE(str,'á','a');
    set str=REPLACE(str,'é','e');
    set str=REPLACE(str,'í','i');
    set str=REPLACE(str,'ó','o');
    set str=REPLACE(str,'ú','u');
    set str=REPLACE(str,'ñ','n');
    set str=REPLACE(str,'$','');
    set str=REPLACE(str,'%','');
    set str=REPLACE(str,'&','');
    set str=REPLACE(str,'=','');
    set str=REPLACE(str,'¿','');    
    set str=REPLACE(str,'?','');
    set str=REPLACE(str,'!','');    
    set str=REPLACE(str,'¡','');       
    set str=REPLACE(str,'´','');    
    set str=REPLACE(str,'|','');    
    set str=REPLACE(str,'^','');
    set str=REPLACE(str,'+','');
    set str=REPLACE(str,'*','');
    set str=REPLACE(str,'[','');
    set str=REPLACE(str,']','');
    set str=REPLACE(str,'{','');
    set str=REPLACE(str,'}','');
    set str=REPLACE(str,'\n','');
    RETURN str;
END ;;
DELIMITER ;
/*!50003 SET sql_mode              = @saved_sql_mode */ ;
/*!50003 SET character_set_client  = @saved_cs_client */ ;
/*!50003 SET character_set_results = @saved_cs_results */ ;
/*!50003 SET collation_connection  = @saved_col_connection */ ;
/*!50003 SET @saved_sql_mode       = @@sql_mode */ ;
/*!50003 SET sql_mode              = 'STRICT_TRANS_TABLES,ERROR_FOR_DIVISION_BY_ZERO,NO_AUTO_CREATE_USER,NO_ENGINE_SUBSTITUTION' */ ;
/*!50003 DROP FUNCTION IF EXISTS `limpiar_ids` */;
/*!50003 SET @saved_cs_client      = @@character_set_client */ ;
/*!50003 SET @saved_cs_results     = @@character_set_results */ ;
/*!50003 SET @saved_col_connection = @@collation_connection */ ;
/*!50003 SET character_set_client  = utf8mb4 */ ;
/*!50003 SET character_set_results = utf8mb4 */ ;
/*!50003 SET collation_connection  = utf8mb4_general_ci */ ;
DELIMITER ;;
CREATE DEFINER=`root`@`%` FUNCTION `limpiar_ids`(`str` varchar(255)
) RETURNS varchar(255) CHARSET utf8mb3 COLLATE utf8mb3_general_ci
BEGIN

	 set str=trim(str);
    set str=REPLACE(str,'"','');
    set str=REPLACE(str,'\'','');
    set str=REPLACE(str,',','');
    set str=REPLACE(str,';','');
    set str=REPLACE(str,':','');
    set str=REPLACE(str,'(','');
    set str=REPLACE(str,')','');
    set str=REPLACE(str,'/','');
    set str=REPLACE(str,'á','a');
    set str=REPLACE(str,'é','e');
    set str=REPLACE(str,'í','i');
    set str=REPLACE(str,'ó','o');
    set str=REPLACE(str,'ú','u');
    set str=REPLACE(str,'ñ','n');
    set str=REPLACE(str,'$','');
    set str=REPLACE(str,'%','');
    set str=REPLACE(str,'&','');
    set str=REPLACE(str,'=','');
    set str=REPLACE(str,'¿','');    
    set str=REPLACE(str,'?','');
    set str=REPLACE(str,'!','');    
    set str=REPLACE(str,'¡','');    
    set str=REPLACE(str,'"','');    
    set str=REPLACE(str,'´','');    
    set str=REPLACE(str,'|','');    
    set str=REPLACE(str,'^','');
    set str=REPLACE(str,'+','');
    set str=REPLACE(str,'*','');
    set str=REPLACE(str,'[','');
    set str=REPLACE(str,']','');
    set str=REPLACE(str,'{','');
    set str=REPLACE(str,'}','');
    set str=REPLACE(str,'\n','');
    RETURN str;
END ;;
DELIMITER ;
/*!50003 SET sql_mode              = @saved_sql_mode */ ;
/*!50003 SET character_set_client  = @saved_cs_client */ ;
/*!50003 SET character_set_results = @saved_cs_results */ ;
/*!50003 SET collation_connection  = @saved_col_connection */ ;
/*!50003 SET @saved_sql_mode       = @@sql_mode */ ;
/*!50003 SET sql_mode              = 'STRICT_TRANS_TABLES,ERROR_FOR_DIVISION_BY_ZERO,NO_AUTO_CREATE_USER,NO_ENGINE_SUBSTITUTION' */ ;
/*!50003 DROP FUNCTION IF EXISTS `ValidaCorreo` */;
/*!50003 SET @saved_cs_client      = @@character_set_client */ ;
/*!50003 SET @saved_cs_results     = @@character_set_results */ ;
/*!50003 SET @saved_col_connection = @@collation_connection */ ;
/*!50003 SET character_set_client  = utf8mb4 */ ;
/*!50003 SET character_set_results = utf8mb4 */ ;
/*!50003 SET collation_connection  = utf8mb4_general_ci */ ;
DELIMITER ;;
CREATE DEFINER=`root`@`%` FUNCTION `ValidaCorreo`(`P_Correo` VARCHAR(250)
) RETURNS int(11)
BEGIN
-- SET @Resp = (select P_Correo NOT REGEXP '^[a-zA-Z0-9][a-zA-Z0-9._-]*[a-zA-Z0-9._-]@[a-zA-Z0-9][a-zA-Z0-9._-]*[a-zA-Z0-9]\\.[a-zA-Z]{2,4}$');
	
	if (select P_Correo NOT REGEXP '^[a-zA-Z0-9][a-zA-Z0-9._-]*[a-zA-Z0-9._-]@[a-zA-Z0-9][a-zA-Z0-9._-]*[a-zA-Z0-9]\\.[a-zA-Z]{2,4}$') = 0 then
		RETURN 0;
	else	
		RETURN 1;
	END if;
END ;;
DELIMITER ;
/*!50003 SET sql_mode              = @saved_sql_mode */ ;
/*!50003 SET character_set_client  = @saved_cs_client */ ;
/*!50003 SET character_set_results = @saved_cs_results */ ;
/*!50003 SET collation_connection  = @saved_col_connection */ ;
/*!50003 SET @saved_sql_mode       = @@sql_mode */ ;
/*!50003 SET sql_mode              = 'STRICT_TRANS_TABLES,ERROR_FOR_DIVISION_BY_ZERO,NO_AUTO_CREATE_USER,NO_ENGINE_SUBSTITUTION' */ ;
/*!50003 DROP PROCEDURE IF EXISTS `sp_ActivarApp` */;
/*!50003 SET @saved_cs_client      = @@character_set_client */ ;
/*!50003 SET @saved_cs_results     = @@character_set_results */ ;
/*!50003 SET @saved_col_connection = @@collation_connection */ ;
/*!50003 SET character_set_client  = utf8mb4 */ ;
/*!50003 SET character_set_results = utf8mb4 */ ;
/*!50003 SET collation_connection  = utf8mb4_general_ci */ ;
DELIMITER ;;
CREATE DEFINER=`root`@`%` PROCEDURE `sp_ActivarApp`(
	IN `P_Id` CHAR(36),
	IN `P_IdUsuario` CHAR(37),
	IN `P_IdTipoUsuario` VARCHAR(37)
)
BEGIN
	DECLARE P_NombreTipoUsuario CHAR(36);
	DECLARE Respuesta INT;

	IF ((SELECT Tipo.Nombre FROM TiCentral.TipoUsuario AS Tipo,TiCentral.Usuarios AS Usuario WHERE Usuario.id = P_IdUsuario and Usuario.IdTipoUsuario=Tipo.Id) = 'User') THEN
		SET Respuesta = 401;
		SELECT Respuesta,'No tiene permisos para crear usuarios' AS Mensaje;
	ELSE
		IF (SELECT COUNT(*) FROM TiCentral.Apps WHERE Id = P_Id) = 1 THEN
		UPDATE TiCentral.Apps  SET EstaActivo = 1 WHERE Id = P_Id;

		SET Respuesta=201;
		SELECT Respuesta,'Verifica ID' AS Mensaje, P_Id AS appId,'activo' AS Result;
		ELSE
			SET Respuesta=409;
			SELECT Respuesta,'Verifica ID' AS Mensaje;
		END IF;
	END IF;
END ;;
DELIMITER ;
/*!50003 SET sql_mode              = @saved_sql_mode */ ;
/*!50003 SET character_set_client  = @saved_cs_client */ ;
/*!50003 SET character_set_results = @saved_cs_results */ ;
/*!50003 SET collation_connection  = @saved_col_connection */ ;
/*!50003 SET @saved_sql_mode       = @@sql_mode */ ;
/*!50003 SET sql_mode              = 'STRICT_TRANS_TABLES,ERROR_FOR_DIVISION_BY_ZERO,NO_AUTO_CREATE_USER,NO_ENGINE_SUBSTITUTION' */ ;
/*!50003 DROP PROCEDURE IF EXISTS `sp_ActivarUsuario` */;
/*!50003 SET @saved_cs_client      = @@character_set_client */ ;
/*!50003 SET @saved_cs_results     = @@character_set_results */ ;
/*!50003 SET @saved_col_connection = @@collation_connection */ ;
/*!50003 SET character_set_client  = utf8mb4 */ ;
/*!50003 SET character_set_results = utf8mb4 */ ;
/*!50003 SET collation_connection  = utf8mb4_general_ci */ ;
DELIMITER ;;
CREATE DEFINER=`root`@`%` PROCEDURE `sp_ActivarUsuario`(
	IN `P_Id` CHAR(36),
	IN `P_IdUsuario` CHAR(37)
)
BEGIN
	DECLARE P_NombreTipoUsuario CHAR(36);
	DECLARE Respuesta INT;
    
	IF ((SELECT Tipo.Nombre FROM TiCentral.TipoUsuario AS Tipo,TiCentral.Usuarios AS Usuario WHERE Usuario.id = P_IdUsuario and Usuario.IdTipoUsuario=Tipo.Id) = 'User') THEN
	SET Respuesta = 401;
	SELECT Respuesta,'No tiene permisos para activar usuarios' AS Mensaje;
	ELSE
		IF (SELECT COUNT(*) FROM TiCentral.Usuarios us WHERE us.Id = P_Id) = 1 THEN
			UPDATE TiCentral.Usuarios us
			SET  us.EstaActivo = 1
			WHERE us.Id =  P_Id;
            SET Respuesta = 201;
			SELECT Respuesta,'Activo' AS Mensaje,P_Id AS UserId;
		ELSE
			SET Respuesta = 409;
            SELECT Respuesta,'Verifica ID' AS Mensaje;
	END IF;
END IF;
END ;;
DELIMITER ;
/*!50003 SET sql_mode              = @saved_sql_mode */ ;
/*!50003 SET character_set_client  = @saved_cs_client */ ;
/*!50003 SET character_set_results = @saved_cs_results */ ;
/*!50003 SET collation_connection  = @saved_col_connection */ ;
/*!50003 SET @saved_sql_mode       = @@sql_mode */ ;
/*!50003 SET sql_mode              = 'STRICT_TRANS_TABLES,ERROR_FOR_DIVISION_BY_ZERO,NO_AUTO_CREATE_USER,NO_ENGINE_SUBSTITUTION' */ ;
/*!50003 DROP PROCEDURE IF EXISTS `sp_ActualizaInicioSesion` */;
/*!50003 SET @saved_cs_client      = @@character_set_client */ ;
/*!50003 SET @saved_cs_results     = @@character_set_results */ ;
/*!50003 SET @saved_col_connection = @@collation_connection */ ;
/*!50003 SET character_set_client  = utf8mb4 */ ;
/*!50003 SET character_set_results = utf8mb4 */ ;
/*!50003 SET collation_connection  = utf8mb4_general_ci */ ;
DELIMITER ;;
CREATE DEFINER=`root`@`%` PROCEDURE `sp_ActualizaInicioSesion`(
	IN `P_Id` CHAR(36)
)
BEGIN
	UPDATE TiCentral.Usuarios us
	SET us.UltimoInicioDeSesion = CURRENT_TIMESTAMP()
	WHERE us.Id =  P_Id;
END ;;
DELIMITER ;
/*!50003 SET sql_mode              = @saved_sql_mode */ ;
/*!50003 SET character_set_client  = @saved_cs_client */ ;
/*!50003 SET character_set_results = @saved_cs_results */ ;
/*!50003 SET collation_connection  = @saved_col_connection */ ;
/*!50003 SET @saved_sql_mode       = @@sql_mode */ ;
/*!50003 SET sql_mode              = 'STRICT_TRANS_TABLES,ERROR_FOR_DIVISION_BY_ZERO,NO_AUTO_CREATE_USER,NO_ENGINE_SUBSTITUTION' */ ;
/*!50003 DROP PROCEDURE IF EXISTS `sp_BajaApp` */;
/*!50003 SET @saved_cs_client      = @@character_set_client */ ;
/*!50003 SET @saved_cs_results     = @@character_set_results */ ;
/*!50003 SET @saved_col_connection = @@collation_connection */ ;
/*!50003 SET character_set_client  = utf8mb4 */ ;
/*!50003 SET character_set_results = utf8mb4 */ ;
/*!50003 SET collation_connection  = utf8mb4_general_ci */ ;
DELIMITER ;;
CREATE DEFINER=`root`@`%` PROCEDURE `sp_BajaApp`(
	IN `P_Id` CHAR(36),
	IN `P_IdUsuario` CHAR(37)
)
BEGIN
	DECLARE P_NombreTipoUsuario CHAR(36);
	DECLARE Respuesta INT;
    
	IF ((SELECT Tipo.Nombre FROM TiCentral.TipoUsuario AS Tipo,TiCentral.Usuarios AS Usuario WHERE Usuario.id = P_IdUsuario and Usuario.IdTipoUsuario=Tipo.Id) = 'User') THEN
		SET Respuesta = 401;
		SELECT Respuesta,'No tiene permisos para dar de baja aplicaciones' AS Mensaje;
	ELSE
		UPDATE TiCentral.Apps  SET deleted =1 WHERE Id =P_Id;
			IF (SELECT Deleted FROM TiCentral.Apps WHERE ID = P_Id) = 1 THEN
                	SET Respuesta = 201;
					SELECT Respuesta,'Baja exitosa' AS Mensaje;
			ELSE
					SET Respuesta = 409;
					SELECT Respuesta,'Verificar Id App' AS Mensaje;
			END IF;
    END IF;    
END ;;
DELIMITER ;
/*!50003 SET sql_mode              = @saved_sql_mode */ ;
/*!50003 SET character_set_client  = @saved_cs_client */ ;
/*!50003 SET character_set_results = @saved_cs_results */ ;
/*!50003 SET collation_connection  = @saved_col_connection */ ;
/*!50003 SET @saved_sql_mode       = @@sql_mode */ ;
/*!50003 SET sql_mode              = 'STRICT_TRANS_TABLES,ERROR_FOR_DIVISION_BY_ZERO,NO_AUTO_CREATE_USER,NO_ENGINE_SUBSTITUTION' */ ;
/*!50003 DROP PROCEDURE IF EXISTS `sp_BajaUsuario` */;
/*!50003 SET @saved_cs_client      = @@character_set_client */ ;
/*!50003 SET @saved_cs_results     = @@character_set_results */ ;
/*!50003 SET @saved_col_connection = @@collation_connection */ ;
/*!50003 SET character_set_client  = utf8mb4 */ ;
/*!50003 SET character_set_results = utf8mb4 */ ;
/*!50003 SET collation_connection  = utf8mb4_general_ci */ ;
DELIMITER ;;
CREATE DEFINER=`root`@`%` PROCEDURE `sp_BajaUsuario`(
	IN `P_Id` CHAR(36),
	IN `P_IdUsuario` CHAR(37)
)
BEGIN

	DECLARE P_NombreTipoUsuario CHAR(36);
	DECLARE Respuesta INT;	
   IF ((SELECT Tipo.Nombre FROM TiCentral.TipoUsuario AS Tipo,TiCentral.Usuarios AS Usuario WHERE Usuario.id = P_IdUsuario and Usuario.IdTipoUsuario=Tipo.Id) = 'User') THEN
		SET Respuesta = 401;
		SELECT Respuesta,'No tiene permisos para dar de baja usuarios' AS Mensaje;
	ELSE
    	UPDATE TiCentral.Usuarios us
			SET  us.Deleted = 1, us.EstaActivo = 0
		WHERE us.Id =  P_Id;

		IF (SELECT Deleted FROM TiCentral.Usuarios WHERE ID = P_Id) = 1 THEN
			SET Respuesta = 201;
			SELECT Respuesta,'La baja del usuario fue éxitosa' AS Mensaje;
		ELSE
			SET Respuesta = 409;
			SELECT Respuesta,'Verificar Id Usuario' AS Mensaje;
		END IF;
	END IF;
END ;;
DELIMITER ;
/*!50003 SET sql_mode              = @saved_sql_mode */ ;
/*!50003 SET character_set_client  = @saved_cs_client */ ;
/*!50003 SET character_set_results = @saved_cs_results */ ;
/*!50003 SET collation_connection  = @saved_col_connection */ ;
/*!50003 SET @saved_sql_mode       = @@sql_mode */ ;
/*!50003 SET sql_mode              = 'STRICT_TRANS_TABLES,ERROR_FOR_DIVISION_BY_ZERO,NO_AUTO_CREATE_USER,NO_ENGINE_SUBSTITUTION' */ ;
/*!50003 DROP PROCEDURE IF EXISTS `sp_CambiaEstatusSolicitud` */;
/*!50003 SET @saved_cs_client      = @@character_set_client */ ;
/*!50003 SET @saved_cs_results     = @@character_set_results */ ;
/*!50003 SET @saved_col_connection = @@collation_connection */ ;
/*!50003 SET character_set_client  = utf8mb4 */ ;
/*!50003 SET character_set_results = utf8mb4 */ ;
/*!50003 SET collation_connection  = utf8mb4_general_ci */ ;
DELIMITER ;;
CREATE DEFINER=`root`@`%` PROCEDURE `sp_CambiaEstatusSolicitud`(
	IN `P_IdUsuario` CHAR(36),
	IN `P_IdSolicitud` CHAR(36),
	IN `P_Estatus` TINYINT,
	IN `P_Contrasena` VARCHAR(255),
	IN `P_TipoSol` VARCHAR(100),
	IN `P_EsAdmin` TINYINT,
	IN `P_PuedeFirmar` TINYINT
)
proc : BEGIN
	DECLARE
	EXIT HANDLER FOR SQLEXCEPTION BEGIN
			ROLLBACK;-- rollback any error in the transaction
		
	END;-- Obtener el nombre del tipo de usuario
	
	SET @TpoUser = (
		SELECT
			UPPER ( t.Nombre ) 
		FROM
			TiCentral.TipoUsuario t
			INNER JOIN TiCentral.Usuarios u ON t.Id = u.IdTipoUsuario 
		WHERE
			u.Id = P_IdUsuario 
		);-- Obtener si el usuario tiene acceso a la app que se registro en la solicitud
	
	SET @App = ( SELECT IdApp FROM TiCentral.Solicitudes WHERE id = P_IdSolicitud );
	
	SET @Tiene = ( SELECT COUNT( id ) FROM TiCentral.UsuarioAplicacion WHERE idusuario = P_IdUsuario AND idapp = @App );-- obtenemos el tipo de solicitud que se esta enviando
	
	SET @TipoSol = (
		SELECT
			id 
		FROM
			TipoSolicitud s 
		WHERE
		UPPER( s.tipoSoli ) = UPPER( P_TipoSol ));-- esto es cuando se va a activar un usuario
	IF
		( @TpoUser = 'ADMINGENERAL' ) 
		OR ( @TpoUser = 'ADMINPLATAFORMA' AND @Tiene >= 1 ) THEN-- ACCIONES DE ALTA
		IF
			( UCASE ( P_TipoSol ) = 'ALTA' ) THEN
			
			IF
				( P_Estatus = 1 ) THEN
				IF
					( P_EsAdmin = 1 ) THEN
						
						SET @P_IdTipoUsuario = (
						SELECT
							Id 
						FROM
							TiCentral.TipoUsuario 
						WHERE
						UCASE( Nombre )= UCASE( 'AdminPlataforma' ));
					ELSE 
						SET @P_IdTipoUsuario = ( SELECT Id FROM TiCentral.TipoUsuario WHERE UCASE( Nombre )= 'USER' );
					
				END IF;
				SELECT
					Id,
					Nombre,
					ApellidoPaterno,
					ApellidoMaterno,
					NombreUsuario,
					CorreoElectronico,
					Puesto,
					Curp,
					Rfc,
					Telefono,
					Ext,
					Celular,
					s.IdApp,
					s.Roles,
					s.IdEntidad,
					s.IdTipoUsuario,
					s.PuedeFirmar INTO @Id,
					@Nombre,
					@ApellidoPaterno,
					@ApellidoMaterno,
					@NombreUsuario,
					@CorreoElectronico,
					@Puesto,
					@Curp,
					@Rfc,
					@Telefono,
					@Ext,
					@Celular,
					@IdApp,
					@Roles,
					@IdEntidad,
					@IdTipoUsuario,
					@PuedeFirmar 
				FROM
					TiCentral.Solicitudes s 
				WHERE
					Id = P_IdSolicitud;
				START TRANSACTION;
				INSERT INTO TiCentral.Usuarios (
					Id,
					Nombre,
					ApellidoPaterno,
					ApellidoMaterno,
					NombreUsuario,
					CorreoElectronico,
					Puesto,
					Curp,
					Rfc,
					Telefono,
					Ext,
					Celular,
					IdTipoUsuario,
					CreadoPor,
					ModificadoPor,
					Contrasena,
					EstaActivo,
					PuedeFirmar 
				)
				VALUES
					(
						@Id,
						@Nombre,
						@ApellidoPaterno,
						@ApellidoMaterno,
						@NombreUsuario,
						@CorreoElectronico,
						@Puesto,
						@Curp,
						@Rfc,
						@Telefono,
						@Ext,
						@Celular,
						@IdTipoUsuario,
						P_IdUsuario,
						P_IdUsuario,
						P_Contrasena,
						1,
						@PuedeFirmar 
					);
				IF
					ROW_COUNT() = 0 THEN
					SELECT
						'500' AS Respuesta,
						'Error al guardar el usuario' AS Mensaje;
					ROLLBACK;
					
				END IF;
				INSERT INTO TiCentral.UsuarioAplicacion ( IdUsuario, IdApp, IdEntidad )
				VALUES
					( P_IdSolicitud, @IdApp, @IdEntidad );
				IF
					ROW_COUNT() = 0 THEN
						ROLLBACK;
					SELECT
						'500' AS Respuesta,
						'Error al guardar el usuario' AS Mensaje;
					LEAVE proc;
					
				END IF;-- iterar los roles y perfiles
#region insert roles
				
				SET @ContadorRoles = 0;
				
				SET @LonguitudRoles = JSON_LENGTH(
				JSON_EXTRACT( @Roles, '$.Roles' ));
				WHILE
						@ContadorRoles < @LonguitudRoles DO
						
						SET @IdRol = JSON_EXTRACT(
							@Roles,
						CONCAT( '$.Roles[', @ContadorRoles, ']' ));
					
					SET @ContadorRoles = @ContadorRoles + 1;
					INSERT INTO TiCentral.UsuarioRol ( IdUsuario, IdRol, IdApp )
					VALUES
						( P_IdSolicitud, JSON_UNQUOTE( @IdRol ), @IdApp );
					IF
						ROW_COUNT() = 0 THEN
							ROLLBACK;
						SELECT
							'500' AS Respuesta,
							'Error al guardar los roles' AS Mensaje;
						LEAVE proc;
						
					END IF;
					
				END WHILE;#endregion
				UPDATE TiCentral.Solicitudes s 
				SET s.Estatus = 1,
				s.UltimaModificacion = CURRENT_TIMESTAMP (),
				s.ModificadoPor = P_IdUsuario 
				WHERE
					Id = P_IdSolicitud;
				IF
					ROW_COUNT() = 0 THEN
						ROLLBACK;
					SELECT
						'500' AS Respuesta,
						'Error al actualizar el estado de la solicitud' AS Mensaje;
					LEAVE proc;
					
				END IF;
				COMMIT;
				SELECT
					'201' AS Respuesta,
					'Solicitud aprobada con éxito' AS Mensaje;
				
			END IF;
			IF
				( P_Estatus = 2 ) THEN
					UPDATE TiCentral.Solicitudes 
					SET Estatus = 2,
					UltimaModificacion = CURRENT_TIMESTAMP (),
					ModificadoPor = P_IdUsuario 
				WHERE
					Id = P_IdSolicitud;
				SELECT
					'201' AS Respuesta,
					'Solicitud rechazada con éxito' AS Mensaje;
				
			END IF;
			IF
				( P_Estatus = 3 ) THEN
					UPDATE TiCentral.Solicitudes 
					SET Estatus = 3,
					UltimaModificacion = CURRENT_TIMESTAMP (),
					ModificadoPor = P_IdUsuario 
				WHERE
					Id = P_IdSolicitud;
				SELECT
					'201' AS Respuesta,
					'Se solicito una modificación con éxito' AS Mensaje;
				
			END IF;
			
		END IF;#endregion Alta
		IF
			( UCASE ( P_TipoSol ) = 'BAJA' ) THEN#region baja
			IF
				( P_Estatus = 1 ) THEN
					START TRANSACTION;
				
				SET @IdApp = ( SELECT IdApp FROM TiCentral.Solicitudes WHERE Id = P_IdSolicitud );
				SELECT s.CorreoElectronico,s.NombreUsuario INTO @Correo, @UserName FROM TiCentral.Solicitudes s WHERE Id = P_IdSolicitud; 
				SET @IdUser = (
					SELECT
						Id 
					FROM
						TiCentral.Usuarios u
					WHERE
					u.CorreoElectronico = @Correo AND u.NombreUsuario=@UserName);
				DELETE 
				FROM
					TiCentral.UsuarioAplicacion 
				WHERE
					IdUsuario = @IdUser 
					AND IdApp = @IdApp;
				DELETE 
				FROM
					TiCentral.UsuarioRol 
				WHERE
					IdUsuario = @IdUser 
					AND IdApp = @IdApp;
				UPDATE TiCentral.Solicitudes s 
				SET s.Estatus = 1,
				s.UltimaModificacion = CURRENT_TIMESTAMP (),
				s.ModificadoPor = P_IdUsuario 
				WHERE
					Id = P_IdSolicitud;
				IF
					ROW_COUNT() = 0 THEN
						ROLLBACK;
					SELECT
						'500' AS Respuesta,
						'Error al actualizar Roles 3' AS Mensaje;
					LEAVE proc;
					
				END IF;
				IF
					( SELECT COUNT(*) FROM TiCentral.UsuarioAplicacion WHERE IdUsuario = @IdUser )= 0 THEN
						UPDATE TiCentral.Usuarios u 
						SET u.EstaActivo = 0,
						u.UltimaModificacion = CURRENT_TIMESTAMP (),
						u.ModificadoPor = P_IdUsuario 
					WHERE
						u.Id = @IdUser;
					IF
						ROW_COUNT() = 0 THEN
							ROLLBACK;
						SELECT
							'500' AS Respuesta,
							'Error al actualizar Roles 3' AS Mensaje;
						LEAVE proc;
						
					END IF;
					SELECT
						'201' AS Respuesta,
						'Solicitud aprobada con éxito' AS Mensaje;
					
				END IF;
				COMMIT;
				
			END IF;
			IF
				( P_Estatus = 2 ) THEN
					UPDATE TiCentral.Solicitudes 
					SET Estatus = 2,
					UltimaModificacion = CURRENT_TIMESTAMP (),
					ModificadoPor = P_IdUsuario 
				WHERE
					Id = P_IdSolicitud;
				SELECT
					'201' AS Respuesta,
					'Solicitud rechazada con éxito' AS Mensaje;
				
			END IF;
			
		END IF;#endregion Baja
-- ACCIONES DE MODIFICACION
		IF
			( UCASE ( P_TipoSol ) = 'MODIFICACION' ) THEN#region modificar
			IF
				( P_Estatus = 1 ) THEN
					
				SELECT s.CorreoElectronico,s.NombreUsuario INTO @Correo, @UserName FROM TiCentral.Solicitudes s WHERE Id = P_IdSolicitud; 
				SET @IdUser = (
					SELECT
						Id 
					FROM
						TiCentral.Usuarios u
					WHERE
					u.CorreoElectronico = @Correo AND u.NombreUsuario=@UserName);
				SELECT
					Id,
					Nombre,
					ApellidoPaterno,
					ApellidoMaterno,
					NombreUsuario,
					CorreoElectronico,
					Puesto,
					Curp,
					Rfc,
					Telefono,
					Ext,
					Celular,
					s.IdApp,
					s.Roles,
					s.IdEntidad,
					s.IdTipoUsuario,
					s.PuedeFirmar INTO @Id,
					@Nombre,
					@ApellidoPaterno,
					@ApellidoMaterno,
					@NombreUsuario,
					@CorreoElectronico,
					@Puesto,
					@Curp,
					@Rfc,
					@Telefono,
					@Ext,
					@Celular,
					@IdApp,
					@Roles,
					@IdEntidad,
					@IdTipoUsuario,
					@PuedeFirmar 
				FROM
					TiCentral.Solicitudes s 
				WHERE
					Id = P_IdSolicitud;
				START TRANSACTION;-- Actualizar  los datos del usuario
				UPDATE TiCentral.Usuarios u 
				SET u.Nombre = @Nombre,
				u.ApellidoPaterno = @ApellidoPaterno,
				u.ApellidoMaterno = @ApellidoMaterno,
				u.Puesto = @Puesto,
				u.Curp = @Curp,
				u.Rfc = @Rfc,
				u.Telefono = @Telefono,
				u.Ext = @Ext,
				u.Celular = @Celular,
				u.IdTipoUsuario = @IdTipoUsuario,
				u.PuedeFirmar = @PuedeFirmar,
				u.UltimaModificacion = CURRENT_TIMESTAMP (),
				u.ModificadoPor = P_IdUsuario 
				WHERE
					u.Id = @IdUser;
				IF
					ROW_COUNT() = 0 THEN
						ROLLBACK;
					SELECT
						'500' AS Respuesta,
						'Error al guardar los datos del usuario 1' AS Mensaje,
						@IdUser,@Correo, @UserName;
					LEAVE proc;
					
				END IF;-- Actualizar usuarioAplicacion
				UPDATE TiCentral.UsuarioAplicacion ua 
				SET
				ua.IdEntidad = @IdEntidad 
				WHERE
					ua.IdUsuario = @IdUser 
					AND ua.IdApp = @IdApp;-- Eliminar roles y perfiles
				DELETE 
				FROM
					TiCentral.UsuarioRol 
				WHERE
					IdUsuario = @IdUser 
					AND IdApp = @IdApp;
			
#region insert roles
				
				SET @ContadorRoles = 0;
				
				SET @LonguitudRoles = JSON_LENGTH(
				JSON_EXTRACT( @Roles, '$.Roles' ));
				WHILE
						@ContadorRoles < @LonguitudRoles DO
						
						SET @IdRol = JSON_EXTRACT(
							@Roles,
						CONCAT( '$.Roles[', @ContadorRoles, ']' ));
					
					SET @ContadorRoles = @ContadorRoles + 1;
					INSERT INTO TiCentral.UsuarioRol ( IdUsuario, IdRol, IdApp )
					VALUES
						( @IdUser, JSON_UNQUOTE( @IdRol ), @IdApp );
					IF
						ROW_COUNT() = 0 THEN
							ROLLBACK;
						SELECT
							'500' AS Respuesta,
							'Error al guardar los roles' AS Mensaje;
						LEAVE proc;
						
					END IF;
					
				END WHILE;#endregion
				UPDATE TiCentral.Solicitudes s 
				SET s.Estatus = 1,
				s.UltimaModificacion = CURRENT_TIMESTAMP (),
				s.ModificadoPor = P_IdUsuario 
				WHERE
					Id = P_IdSolicitud;
				IF
					ROW_COUNT() = 0 THEN
						ROLLBACK;
					SELECT
						'500' AS Respuesta,
						'Error Modificar la solicitud' AS Mensaje;
					LEAVE proc;
					
				END IF;
				SELECT
					'201' AS Respuesta,
					'Se modifico el tipo de solicitud a modificacion' AS Mensaje;
				COMMIT;
				
			END IF;
			IF
				( P_Estatus = 2 ) THEN-- Pendiente
					UPDATE TiCentral.Solicitudes s 
					SET s.Estatus = 2,
					s.UltimaModificacion = CURRENT_TIMESTAMP (),
					s.ModificadoPor = P_IdUsuario 
				WHERE
					Id = P_IdSolicitud;
				SELECT
					'201' AS Respuesta,
					'Se rechazo la modificación' AS Mensaje;
				
			END IF;
			IF
				( P_Estatus = 3 ) THEN-- Pendiente
					UPDATE TiCentral.Solicitudes s 
					SET s.Estatus = 3,
					s.UltimaModificacion = CURRENT_TIMESTAMP (),
					s.ModificadoPor = P_IdUsuario 
				WHERE
					Id = P_IdSolicitud;
				SELECT
					'201' AS Respuesta,
					'Se solicito  una modificación' AS Mensaje;
				
			END IF;
			
		END IF;#endregion modificar
-- ACCIONES DE VINCULACION
		IF
			( UCASE ( P_TipoSol ) = 'VINCULACION' ) THEN#region Vinculacion
			IF
				( P_Estatus = 1 ) THEN
					
					SELECT s.CorreoElectronico,s.NombreUsuario INTO @Correo, @UserName FROM TiCentral.Solicitudes s WHERE Id = P_IdSolicitud; 
				SET @IdUser = (
					SELECT
						Id 
					FROM
						TiCentral.Usuarios u
					WHERE
					u.CorreoElectronico = @Correo AND u.NombreUsuario=@UserName);
				SELECT
					s.IdApp,
					s.Roles,
					s.IdEntidad INTO @IdApp,
					@Roles,
					@IdEntidad 
				FROM
					TiCentral.Solicitudes s 
				WHERE
					Id = P_IdSolicitud;
				INSERT INTO TiCentral.UsuarioAplicacion ( IdUsuario, IdApp, IdEntidad )
				VALUES
					( @IdUser, @IdApp, @IdEntidad );
				IF
					ROW_COUNT() = 0 THEN
						ROLLBACK;
					SELECT
						'500' AS Respuesta,
						'Error al guardar el usuario' AS Mensaje;
					LEAVE proc;
					
				END IF;-- iterar los roles y perfiles
#region insert roles
				
				SET @ContadorRoles = 0;
				
				SET @LonguitudRoles = JSON_LENGTH(
				JSON_EXTRACT( @Roles, '$.Roles' ));
				WHILE
						@ContadorRoles < @LonguitudRoles DO
						
						SET @IdRol = JSON_EXTRACT(
							@Roles,
						CONCAT( '$.Roles[', @ContadorRoles, ']' ));
					
					SET @ContadorRoles = @ContadorRoles + 1;
					INSERT INTO TiCentral.UsuarioRol ( IdUsuario, IdRol, IdApp )
					VALUES
						( @IdUser, JSON_UNQUOTE( @IdRol ), @IdApp );
					IF
						ROW_COUNT() = 0 THEN
							ROLLBACK;
						SELECT
							'500' AS Respuesta,
							'Error al guardar los roles' AS Mensaje;
						LEAVE proc;
						
					END IF;
					
				END WHILE;
-- #endregion
-- -----------------------------------------------------
				UPDATE TiCentral.Solicitudes s 
				SET s.Estatus = 1,
				s.UltimaModificacion = CURRENT_TIMESTAMP (),
				s.ModificadoPor = P_IdUsuario 
				WHERE
					Id = P_IdSolicitud;
				SELECT
					'201' AS Respuesta,
					'Vinculación aprobada con éxito' AS Mensaje;
				
			END IF;
			IF
				( P_Estatus = 2 ) THEN
					UPDATE TiCentral.Solicitudes s 
					SET s.Estatus = 2,
					s.UltimaModificacion = CURRENT_TIMESTAMP (),
					s.ModificadoPor = P_IdUsuario 
				WHERE
					Id = P_IdSolicitud;
				SELECT
					'201' AS Respuesta,
					'Vinculación denagada' AS Mensaje;
				
			END IF;
			
		END IF;
		ELSE SELECT
			'403' AS Respuesta,
			'Usuario no tiene permiso para aprobar solicitud' AS Mensaje;#endregion vincular
		
	END IF;

END ;;
DELIMITER ;
/*!50003 SET sql_mode              = @saved_sql_mode */ ;
/*!50003 SET character_set_client  = @saved_cs_client */ ;
/*!50003 SET character_set_results = @saved_cs_results */ ;
/*!50003 SET collation_connection  = @saved_col_connection */ ;
/*!50003 SET @saved_sql_mode       = @@sql_mode */ ;
/*!50003 SET sql_mode              = 'STRICT_TRANS_TABLES,ERROR_FOR_DIVISION_BY_ZERO,NO_AUTO_CREATE_USER,NO_ENGINE_SUBSTITUTION' */ ;
/*!50003 DROP PROCEDURE IF EXISTS `sp_CambiarContrasena` */;
/*!50003 SET @saved_cs_client      = @@character_set_client */ ;
/*!50003 SET @saved_cs_results     = @@character_set_results */ ;
/*!50003 SET @saved_col_connection = @@collation_connection */ ;
/*!50003 SET character_set_client  = utf8mb4 */ ;
/*!50003 SET character_set_results = utf8mb4 */ ;
/*!50003 SET collation_connection  = utf8mb4_general_ci */ ;
DELIMITER ;;
CREATE DEFINER=`root`@`%` PROCEDURE `sp_CambiarContrasena`(
	IN `P_id` CHAR(36),
	IN `P_Contrasena` VARCHAR(255)
)
BEGIN
    IF (SELECT COUNT(*) FROM TiCentral.Usuarios WHERE Id = P_id) = 1 THEN
        UPDATE TiCentral.Usuarios us
        SET us.Contrasena = P_Contrasena
        WHERE us.Id = P_id;
        SELECT Id,Nombre, NombreUsuario, CorreoElectronico FROM TiCentral.Usuarios WHERE Id = P_id;
    ELSE
        SELECT '409' AS Respuesta, 'Verifica informacion.' AS Mensaje;
    END IF;
END ;;
DELIMITER ;
/*!50003 SET sql_mode              = @saved_sql_mode */ ;
/*!50003 SET character_set_client  = @saved_cs_client */ ;
/*!50003 SET character_set_results = @saved_cs_results */ ;
/*!50003 SET collation_connection  = @saved_col_connection */ ;
/*!50003 SET @saved_sql_mode       = @@sql_mode */ ;
/*!50003 SET sql_mode              = 'STRICT_TRANS_TABLES,ERROR_FOR_DIVISION_BY_ZERO,NO_AUTO_CREATE_USER,NO_ENGINE_SUBSTITUTION' */ ;
/*!50003 DROP PROCEDURE IF EXISTS `sp_CrearApp` */;
/*!50003 SET @saved_cs_client      = @@character_set_client */ ;
/*!50003 SET @saved_cs_results     = @@character_set_results */ ;
/*!50003 SET @saved_col_connection = @@collation_connection */ ;
/*!50003 SET character_set_client  = utf8mb4 */ ;
/*!50003 SET character_set_results = utf8mb4 */ ;
/*!50003 SET collation_connection  = utf8mb4_general_ci */ ;
DELIMITER ;;
CREATE DEFINER=`root`@`%` PROCEDURE `sp_CrearApp`(
	IN `P_Nombre` VARCHAR(500),
	IN `P_Descripcion` VARCHAR(500),
	IN `P_Path` VARCHAR(30),
	IN `P_IdUsuario` CHAR(36)
)
BEGIN

	DECLARE Respuesta INT;
    

		INSERT INTO Apps (
		Nombre,
		Descripcion,
		Path,
		EstaActivo,
		CreadoPor,
		FechaDeCreacion,
		UltimaModificacion,
		ModificadoPor
		)VALUES(
		P_Nombre,
		P_Descripcion,
		P_Path,
		1,
		P_IdUsuario,
		CURRENT_TIMESTAMP(),
		CURRENT_TIMESTAMP(),
		P_IdUsuario
		);

		SET Respuesta = 201;
		SELECT (select Id FROM Apps WHERE Nombre = P_Nombre AND Path = P_Path), Respuesta,'Se creo la aplicación con éxito' AS Mensaje;
        




END ;;
DELIMITER ;
/*!50003 SET sql_mode              = @saved_sql_mode */ ;
/*!50003 SET character_set_client  = @saved_cs_client */ ;
/*!50003 SET character_set_results = @saved_cs_results */ ;
/*!50003 SET collation_connection  = @saved_col_connection */ ;
/*!50003 SET @saved_sql_mode       = @@sql_mode */ ;
/*!50003 SET sql_mode              = 'STRICT_TRANS_TABLES,ERROR_FOR_DIVISION_BY_ZERO,NO_AUTO_CREATE_USER,NO_ENGINE_SUBSTITUTION' */ ;
/*!50003 DROP PROCEDURE IF EXISTS `sp_CrearEntidad` */;
/*!50003 SET @saved_cs_client      = @@character_set_client */ ;
/*!50003 SET @saved_cs_results     = @@character_set_results */ ;
/*!50003 SET @saved_col_connection = @@collation_connection */ ;
/*!50003 SET character_set_client  = utf8mb4 */ ;
/*!50003 SET character_set_results = utf8mb4 */ ;
/*!50003 SET collation_connection  = utf8mb4_general_ci */ ;
DELIMITER ;;
CREATE DEFINER=`root`@`%` PROCEDURE `sp_CrearEntidad`(
	IN `P_Nombre` VARCHAR(200),
	IN `P_Direccion` LONGTEXT,
	IN `P_Telefono` VARCHAR(10),
	IN `P_IdTipoEntidad` CHAR(36),
	IN `P_IdTitular` CHAR(36),
	IN `P_PerteneceA` CHAR(36),
	IN `P_ControlInterno` VARCHAR(50),
	IN `P_ClaveSiregob` VARCHAR(20),
	IN `P_IdUsuario` CHAR(36)
)
BEGIN
    
	IF ((SELECT COUNT(*) FROM Entidades WHERE Nombre = P_Nombre AND Deleted = 0) = 0 ) THEN
	
	INSERT INTO Entidades (
		Nombre,
		Direccion,
		Telefono,
		IdTipoEntidad,
		IdTitular,
		PerteneceA,
		ControlInterno,
		ClaveSiregob,
		FechaCreacion,
		CreadoPor,
		UltimaActualizacion,
		ModificadoPor
		)VALUES(
		P_Nombre,
		P_Direccion,
		P_Telefono,
		P_IdTipoEntidad,
		P_IdTitular,
		P_PerteneceA,
		P_ControlInterno,
		P_ClaveSiregob,
		CURRENT_TIMESTAMP(),
		P_IdUsuario,
		CURRENT_TIMESTAMP(),
		P_IdUsuario
		);
		
		SELECT 
			Id, 
			Nombre,
			Direccion,
			Telefono,
			IdTipoEntidad,
			IdTitular,
			PerteneceA,
			ControlInterno,
			ClaveSiregob, 
			201 AS Respuesta, 
			'Se creo la aplicación con éxito' AS Mensaje 
		FROM Entidades 
		WHERE Nombre = P_Nombre;
		
	ELSE
	
	SELECT 'Entidad ya existente' AS ERROR;
		
END IF;



END ;;
DELIMITER ;
/*!50003 SET sql_mode              = @saved_sql_mode */ ;
/*!50003 SET character_set_client  = @saved_cs_client */ ;
/*!50003 SET character_set_results = @saved_cs_results */ ;
/*!50003 SET collation_connection  = @saved_col_connection */ ;
/*!50003 SET @saved_sql_mode       = @@sql_mode */ ;
/*!50003 SET sql_mode              = 'STRICT_TRANS_TABLES,ERROR_FOR_DIVISION_BY_ZERO,NO_AUTO_CREATE_USER,NO_ENGINE_SUBSTITUTION' */ ;
/*!50003 DROP PROCEDURE IF EXISTS `sp_CrearPermisosMenuRol` */;
/*!50003 SET @saved_cs_client      = @@character_set_client */ ;
/*!50003 SET @saved_cs_results     = @@character_set_results */ ;
/*!50003 SET @saved_col_connection = @@collation_connection */ ;
/*!50003 SET character_set_client  = utf8mb4 */ ;
/*!50003 SET character_set_results = utf8mb4 */ ;
/*!50003 SET collation_connection  = utf8mb4_general_ci */ ;
DELIMITER ;;
CREATE DEFINER=`root`@`%` PROCEDURE `sp_CrearPermisosMenuRol`(
	IN `ch_IdMenu` CHAR(36),
	IN `ch_IdPermiso` CHAR(36),
	IN `ch_IdRol` CHAR(36),
	IN `ch_IdUsuario` CHAR(36)
)
BEGIN
	IF ((SELECT COUNT(*) FROM MenuPermisos r WHERE idRol = ch_IdRol AND idMenu = ch_IdMenu AND idPermiso = ch_IdPermiso ) = 0 ) THEN

		INSERT INTO MenuPermisos (CreadoPor, ModificadoPor,idMenu, idPermiso, idRol) 
		VALUES (ch_IdUsuario,ch_IdUsuario,ch_IdMenu,ch_IdPermiso,ch_IdRol);
		
	ELSE

	 SELECT 'Permiso ya existente' AS Message;
	 
	END IF;
END ;;
DELIMITER ;
/*!50003 SET sql_mode              = @saved_sql_mode */ ;
/*!50003 SET character_set_client  = @saved_cs_client */ ;
/*!50003 SET character_set_results = @saved_cs_results */ ;
/*!50003 SET collation_connection  = @saved_col_connection */ ;
/*!50003 SET @saved_sql_mode       = @@sql_mode */ ;
/*!50003 SET sql_mode              = 'STRICT_TRANS_TABLES,ERROR_FOR_DIVISION_BY_ZERO,NO_AUTO_CREATE_USER,NO_ENGINE_SUBSTITUTION' */ ;
/*!50003 DROP PROCEDURE IF EXISTS `sp_CrearRol` */;
/*!50003 SET @saved_cs_client      = @@character_set_client */ ;
/*!50003 SET @saved_cs_results     = @@character_set_results */ ;
/*!50003 SET @saved_col_connection = @@collation_connection */ ;
/*!50003 SET character_set_client  = utf8mb4 */ ;
/*!50003 SET character_set_results = utf8mb4 */ ;
/*!50003 SET collation_connection  = utf8mb4_general_ci */ ;
DELIMITER ;;
CREATE DEFINER=`root`@`%` PROCEDURE `sp_CrearRol`(
	IN `P_Nombre` VARCHAR(100),
	IN `P_Descripcion` VARCHAR(200),
	IN `P_ControlInterno` VARCHAR(50),
	IN `P_IdApp` CHAR(36),
	IN `P_IdUsuario` CHAR(36)
)
BEGIN

IF ((SELECT COUNT(*) FROM Roles r WHERE Nombre = P_Nombre AND IdApp = P_IdApp AND Deleted = 0 ) = 0 ) THEN

	INSERT INTO Roles(Nombre, Descripcion, ControlInterno, IdApp, CreadoPor, FechaCreacion, ModificadoPor, UltimaActualizacion)
	VALUES (P_Nombre, P_Descripcion, P_ControlInterno, P_IdApp , P_IdUsuario, NOW(), P_IdUsuario, NOW());
	
	SELECT 'Registro Ingresado' AS Message;
ELSE

 SELECT 'Rol ya existente' AS Message;
 
END IF;



END ;;
DELIMITER ;
/*!50003 SET sql_mode              = @saved_sql_mode */ ;
/*!50003 SET character_set_client  = @saved_cs_client */ ;
/*!50003 SET character_set_results = @saved_cs_results */ ;
/*!50003 SET collation_connection  = @saved_col_connection */ ;
/*!50003 SET @saved_sql_mode       = @@sql_mode */ ;
/*!50003 SET sql_mode              = 'STRICT_TRANS_TABLES,ERROR_FOR_DIVISION_BY_ZERO,NO_AUTO_CREATE_USER,NO_ENGINE_SUBSTITUTION' */ ;
/*!50003 DROP PROCEDURE IF EXISTS `sp_CrearRolMenu` */;
/*!50003 SET @saved_cs_client      = @@character_set_client */ ;
/*!50003 SET @saved_cs_results     = @@character_set_results */ ;
/*!50003 SET @saved_col_connection = @@collation_connection */ ;
/*!50003 SET character_set_client  = utf8mb4 */ ;
/*!50003 SET character_set_results = utf8mb4 */ ;
/*!50003 SET collation_connection  = utf8mb4_general_ci */ ;
DELIMITER ;;
CREATE DEFINER=`root`@`%` PROCEDURE `sp_CrearRolMenu`(
	IN `ch_IdRol` CHAR(36),
	IN `ch_IdMenu` CHAR(36),
	IN `ch_IdUsuario` CHAR(36)
)
BEGIN
	IF ((SELECT COUNT(*) FROM RolMenus r WHERE IdRol = ch_IdRol AND IdMenu = ch_IdMenu ) = 0 ) THEN

		INSERT INTO  RolMenus(IdRol,IdMenu,CreadoPor,ModificadoPor)
		VALUES(ch_IdRol,ch_IdMenu,ch_IdUsuario,ch_IdUsuario);
		
	ELSE

	 SELECT 'Rol ya existente' AS Message;
	 
	END IF;
END ;;
DELIMITER ;
/*!50003 SET sql_mode              = @saved_sql_mode */ ;
/*!50003 SET character_set_client  = @saved_cs_client */ ;
/*!50003 SET character_set_results = @saved_cs_results */ ;
/*!50003 SET collation_connection  = @saved_col_connection */ ;
/*!50003 SET @saved_sql_mode       = @@sql_mode */ ;
/*!50003 SET sql_mode              = 'STRICT_TRANS_TABLES,ERROR_FOR_DIVISION_BY_ZERO,NO_AUTO_CREATE_USER,NO_ENGINE_SUBSTITUTION' */ ;
/*!50003 DROP PROCEDURE IF EXISTS `sp_CrearSolicitud` */;
/*!50003 SET @saved_cs_client      = @@character_set_client */ ;
/*!50003 SET @saved_cs_results     = @@character_set_results */ ;
/*!50003 SET @saved_col_connection = @@collation_connection */ ;
/*!50003 SET character_set_client  = utf8mb4 */ ;
/*!50003 SET character_set_results = utf8mb4 */ ;
/*!50003 SET collation_connection  = utf8mb4_general_ci */ ;
DELIMITER ;;
CREATE DEFINER=`root`@`%` PROCEDURE `sp_CrearSolicitud`(
	IN `P_Nombre` VARCHAR(20),
	IN `P_ApellidoPaterno` VARCHAR(20),
	IN `P_ApellidoMaterno` VARCHAR(20),
	IN `P_NombreUsuario` VARCHAR(30),
	IN `P_CorreoElectronico` VARCHAR(100),
	IN `P_Puesto` VARCHAR(255),
	IN `P_Curp` VARCHAR(18),
	IN `P_Rfc` VARCHAR(13),
	IN `P_Celular` VARCHAR(10),
	IN `P_Telefono` VARCHAR(10),
	IN `P_Ext` VARCHAR(4),
	IN `P_TipoSolicitud` VARCHAR(36),
	IN `P_IdApp` CHAR(36),
	IN `P_CreadoPor` CHAR(36),
	IN `P_Roles` VARCHAR(5000),
	IN `P_IdTipoUsuario` CHAR(36),
	IN `P_PuedeFirmar` TINYINT(1),
	IN `P_IdEntidad` CHAR(36)
)
proc:BEGIN
-- LEAVE proc;
/*
Estatus de las Solicitudes
0- Pendiente
1- Activar
2- Denegado
3- Revision

Tipos de Solicitud
Alta
Baja
Modificacion
Vinculacion
*/

SET @TpoTexto = UPPER(P_TipoSolicitud);

#region obtener los UUID de los tipos de solicitud
CASE UPPER(P_TipoSolicitud)
	WHEN 'ALTA' THEN 
		SET @TpoAlta = (SELECT ID FROM TiCentral.TipoSolicitud t WHERE UPPER(t.tipoSoli)='ALTA');
		SET @TpoVinculacion = (SELECT ID FROM TiCentral.TipoSolicitud t WHERE UPPER(t.tipoSoli)='VINCULACION');
		SET P_TipoSolicitud = @TpoAlta ;
	WHEN 'BAJA' THEN 
		SET @TpoBaja = (SELECT ID FROM TiCentral.TipoSolicitud t WHERE UPPER(t.tipoSoli)='BAJA');
		SET P_TipoSolicitud = @TpoBaja ;
	WHEN 'MODIFICACION' THEN 
		SET @TpoModificacion = (SELECT ID FROM TiCentral.TipoSolicitud t WHERE UPPER(t.tipoSoli)='MODIFICACION');
		SET P_TipoSolicitud = @TpoModificacion ;
	WHEN 'VINCULACION' THEN 
		SET @TpoVinculacion = (SELECT ID FROM TiCentral.TipoSolicitud t WHERE UPPER(t.tipoSoli)='VINCULACION');
		SET P_TipoSolicitud = @TpoVinculacion ;
END CASE;
#endregion

#region valida permiso de creador
	-- Obtener el nombre del tipo de usuario creador   
	SET @TpoUser = (
		SELECT UPPER (t.Nombre) FROM TiCentral.TipoUsuario t 
										INNER JOIN TiCentral.Usuarios u ON t.Id = u.IdTipoUsuario
										WHERE u.Id = P_CreadoPor);
	-- Obtener si el usuario creador tiene acceso a la app que se registro en la solicitud
	SET @TieneApp = (
		SELECT COUNT(id) FROM TiCentral.UsuarioAplicacion 
								WHERE idUsuario = P_CreadoPor AND IdApp = P_IdApp);	
	-- Si el usuario creador no tiene permiso para crear usuarios
	If (@TpoUser = 'AdminGeneral') OR (@TpoUser = 'AdminPlataforma' AND @TieneApp >= 1) then
			SET @Continuar = 0;
	ELSE
		SIGNAL SQLSTATE '45000' SET MESSAGE_TEXT = 'Usuario no tiene permiso para crear solicitudes';
		SELECT '403' AS Respuesta,'Usuario no tiene permiso para crear solicitudes' AS Mensaje;
		LEAVE proc;
	END IF;
#endregion 

#region obtiene el id del usuario solicitado, si es que existe
	SET @Existe = 0;
	SET @Respuesta ='';
	
	SET @ExisteNom =  (SELECT COUNT(Id) FROM TiCentral.Usuarios U WHERE (U.NombreUsuario = P_NombreUsuario));
	IF (@ExisteNom != 0) THEN -- nombre de usuario ya existe
		SET @Existe = @Existe +1;
		SET @Respuesta = P_NombreUsuario;
	END IF;

	SET @ExisteMail = (SELECT COUNT(Id) FROM TiCentral.Usuarios U WHERE (U.CorreoElectronico = P_CorreoElectronico));
	IF (@ExisteMail != 0) THEN -- correo ya existe
		SET @Existe = @Existe +1;
		SET @Respuesta = @Respuesta + '-' + P_CorreoElectronico;
	END IF;	

	-- existe nombre y correo	
	IF (@Existe = 2) THEN
		SET @IdUsuario = (
			SELECT Id FROM TiCentral.Usuarios U 
			WHERE (U.NombreUsuario = P_NombreUsuario AND U.CorreoElectronico = P_CorreoElectronico));
			
		-- revisar si ese usuario ya esta vinculado a la app de q esta haciendo la solicitud
		SET @EstaVinculado = 0;
		SET @EstaVinculado = (
				SELECT COUNT(Id) FROM TiCentral.UsuarioAplicacion UA 
				WHERE (UA.IdUsuario = @IdUsuario AND UA.IdApp = P_IdApp));		
				
		-- esta vinculado		
		IF (@EstaVinculado != 0) THEN		
			-- si es tipo alta o vinculacion
			IF (@TpoTexto = 'ALTA' OR @TpoTexto = 'VINCULACION') THEN
				SET @MESSAJE = CONCAT(@Respuesta,' ya esta vinculado a la aplicación');
				SIGNAL SQLSTATE '45000' SET MESSAGE_TEXT = @MESSAJE;
				SELECT '406' AS Respuesta, CONCAT(@Respuesta,' ya esta vinculado a la aplicación') AS Mensaje;
				LEAVE proc;				
			END IF;			
		ELSE
			-- si no esta vinculado
			CASE UPPER(@TpoTexto)
				WHEN 'ALTA' THEN 
					SET P_TipoSolicitud = @TpoVinculacion;			
				
				WHEN 'BAJA' THEN 
					SET @MESSAJE=CONCAT(@Respuesta,' no esta vinculado a la aplicación');
				
					SELECT '406' AS Respuesta, CONCAT(@Respuesta,' no esta vinculado a la aplicación') AS Mensaje;
					LEAVE proc;				
				WHEN 'MODIFICACION' THEN 
					SET @MESSAJE=CONCAT(@Respuesta,' no esta vinculado a la aplicación');
			
					SELECT '406' AS Respuesta, CONCAT(@Respuesta,' no esta vinculado a la aplicación') AS Mensaje;
					LEAVE proc;				
				WHEN 'VINCULACION' THEN 
					SET @TpoVinculacion = (SELECT ID FROM TiCentral.TipoSolicitud t WHERE UPPER(t.tipoSoli)='VINCULACION');
					SET P_TipoSolicitud = @TpoVinculacion ;
			END CASE;
		END IF;
	ELSE	
		-- al menos uno de los 2 existe
		IF (@Existe = 1) THEN	
			SET @MESSAJE=CONCAT(@Respuesta,' ya existe');
	
			SELECT '406' AS Respuesta, CONCAT(@Respuesta,' ya existe') AS Mensaje;
			LEAVE proc;
		END IF;
		-- ninguno de los 2 existe
		IF (@Existe = 0) THEN			
			CASE UPPER(@TpoTexto)
				WHEN 'ALTA' THEN 
					SET @Continuar = 0;
				WHEN 'BAJA' THEN 
				--	SIGNAL SQLSTATE '45000' SET MESSAGE_TEXT = 'Usuario no existe';	
					SELECT '406' AS Respuesta, 'Usuario no existe' AS Mensaje;
					LEAVE proc;				
				WHEN 'MODIFICACION' THEN 
				
					SELECT '406' AS Respuesta, 'Usuario no existe' AS Mensaje;
					LEAVE proc;				
				WHEN 'VINCULACION' THEN 
			
					SELECT '406' AS Respuesta, 'Usuario no existe' AS Mensaje;
					LEAVE proc;
			END CASE;
		END IF;				
	END IF;
#endregion


#region valida  solicitud existente
	-- validar solicitud del mismo tipo, para el mismo usuario/correo, misma app, pendiente y/o revision que no se cree la solicitud.
	SET @Existe = 0;
	SET @Existe = (
			SELECT COUNT(Id) FROM TiCentral.Solicitudes S
			WHERE S.TipoSolicitud = P_TipoSolicitud
			AND S.CorreoElectronico = P_CorreoElectronico
			AND S.NombreUsuario = P_NombreUsuario
			AND S.IdApp = P_IdApp
			AND S.Estatus IN (0,3)				
			);
	IF (@Existe != 0) THEN

		SELECT '403' AS Respuesta,'Ya existe solicitud para este usuario' AS Mensaje;
		LEAVE proc;	
	END IF;	
#endregion 



	-- genera UUID
	SET @UUID = UUID();	
	INSERT INTO TiCentral.Solicitudes (
	Id,
	Estatus,
	TiCentral.Solicitudes.TipoSolicitud,
	CreadoPor,
	ModificadoPor,
	IdApp,
	Nombre,
	ApellidoPaterno,
	ApellidoMaterno,
	NombreUsuario,
	CorreoElectronico,
	Puesto,
	Curp,
	Rfc,
	Telefono,
	Ext,
	Celular,
	Roles, 
	IdTipoUsuario,
	PuedeFirmar,
	IdEntidad
	)VALUES(
	@UUID,
	0,
	P_TipoSolicitud,
	P_CreadoPor,
	P_CreadoPor,
	P_IdApp,
	P_Nombre,
	P_ApellidoPaterno,
	P_ApellidoMaterno,
	P_NombreUsuario,
	P_CorreoElectronico,
	P_Puesto,
	P_Curp,
	P_Rfc,
	P_Telefono,
	P_Ext,
	P_Celular,
	P_Roles,
	P_IdTipoUsuario,
	P_PuedeFirmar,
	P_IdEntidad
	);		
	SELECT '201' as Respuesta,'Se creó la solicitud con éxito' AS Mensaje, @UUID AS IdSolicitud;

END ;;
DELIMITER ;
/*!50003 SET sql_mode              = @saved_sql_mode */ ;
/*!50003 SET character_set_client  = @saved_cs_client */ ;
/*!50003 SET character_set_results = @saved_cs_results */ ;
/*!50003 SET collation_connection  = @saved_col_connection */ ;
/*!50003 SET @saved_sql_mode       = @@sql_mode */ ;
/*!50003 SET sql_mode              = 'STRICT_TRANS_TABLES,ERROR_FOR_DIVISION_BY_ZERO,NO_AUTO_CREATE_USER,NO_ENGINE_SUBSTITUTION' */ ;
/*!50003 DROP PROCEDURE IF EXISTS `sp_CrearTipoEntidad` */;
/*!50003 SET @saved_cs_client      = @@character_set_client */ ;
/*!50003 SET @saved_cs_results     = @@character_set_results */ ;
/*!50003 SET @saved_col_connection = @@collation_connection */ ;
/*!50003 SET character_set_client  = utf8mb4 */ ;
/*!50003 SET character_set_results = utf8mb4 */ ;
/*!50003 SET collation_connection  = utf8mb4_general_ci */ ;
DELIMITER ;;
CREATE DEFINER=`root`@`%` PROCEDURE `sp_CrearTipoEntidad`(
	IN `P_Nombre` VARCHAR(200),
	IN `P_Descripcion` LONGTEXT,
	IN `P_IdUsuario` CHAR(36)
)
BEGIN

IF ((SELECT COUNT(*) FROM TipoEntidades WHERE Nombre = P_Nombre AND Deleted = 0) = 0 ) THEN

	INSERT INTO TipoEntidades(Nombre, Descripcion, CreadoPor, FechaCreacion, ModificadoPor, UltimaActualizacion)
	VALUES (P_Nombre, P_Descripcion, P_IdUsuario, NOW(), P_IdUsuario, NOW());
	
	SELECT Id, Nombre, Descripcion FROM TipoEntidades WHERE Nombre = P_Nombre;
	
ELSE

 SELECT 'Tipo entidad ya existente' AS ERROR;
 
END IF;

END ;;
DELIMITER ;
/*!50003 SET sql_mode              = @saved_sql_mode */ ;
/*!50003 SET character_set_client  = @saved_cs_client */ ;
/*!50003 SET character_set_results = @saved_cs_results */ ;
/*!50003 SET collation_connection  = @saved_col_connection */ ;
/*!50003 SET @saved_sql_mode       = @@sql_mode */ ;
/*!50003 SET sql_mode              = 'STRICT_TRANS_TABLES,ERROR_FOR_DIVISION_BY_ZERO,NO_AUTO_CREATE_USER,NO_ENGINE_SUBSTITUTION' */ ;
/*!50003 DROP PROCEDURE IF EXISTS `sp_CrearUsuario` */;
/*!50003 SET @saved_cs_client      = @@character_set_client */ ;
/*!50003 SET @saved_cs_results     = @@character_set_results */ ;
/*!50003 SET @saved_col_connection = @@collation_connection */ ;
/*!50003 SET character_set_client  = utf8mb4 */ ;
/*!50003 SET character_set_results = utf8mb4 */ ;
/*!50003 SET collation_connection  = utf8mb4_general_ci */ ;
DELIMITER ;;
CREATE DEFINER=`root`@`%` PROCEDURE `sp_CrearUsuario`(
	IN `P_Nombre` VARCHAR(20),
	IN `P_ApellidoPaterno` VARCHAR(20),
	IN `P_ApellidoMaterno` VARCHAR(20),
	IN `P_NombreUsuario` VARCHAR(30),
	IN `P_CorreoElectronico` VARCHAR(100),
	IN `P_Puesto` VARCHAR(255),
	IN `P_Contrasena` VARCHAR(255),
	IN `P_IdUsuario` CHAR(37),
	IN `P_Curp` VARCHAR(18),
	IN `P_Rfc` VARCHAR(13),
	IN `P_Telefono` VARCHAR(10),
	IN `P_Ext` VARCHAR(4),
	IN `P_Celular` VARCHAR(10),
	IN `P_IdTipoUsuario` VARCHAR(37),
	IN `P_PuedeFirmar` TINYINT(1)
)
BEGIN 
		DECLARE P_NombreTipoUsuario CHAR(36); 
		DECLARE P_CorreoExiste INT; 
		DECLARE P_UsuarioExiste INT; 
		DECLARE Respuesta INT; 
		
	IF (TiCentral.ValidaCorreo(P_CorreoElectronico) = 0 ) THEN			
		SET P_Nombre = P_Nombre; 
		SET P_ApellidoPaterno = TiCentral.limpiar(P_ApellidoPaterno); 
		SET P_ApellidoMaterno = TiCentral.limpiar(P_ApellidoMaterno); 
		SET P_NombreUsuario = TiCentral.limpiar(REPLACE(P_NombreUsuario,' ','')); 
		SET P_CorreoElectronico = TiCentral.limpiar(REPLACE(P_CorreoElectronico,' ','')); 
		SET P_Contrasena = P_Contrasena; 
		SET P_IdUsuario = TiCentral.limpiar_ids(P_IdUsuario); 
		SET P_Curp = TiCentral.limpiar(P_Curp); 
		SET P_Rfc = TiCentral.limpiar(P_Rfc); 
		SET P_Telefono = TiCentral.limpiar(P_Telefono); 
		SET P_Ext 		= TiCentral.limpiar(P_Ext); 
		SET P_Celular = TiCentral.limpiar(P_Celular); 
		SET P_IdTipoUsuario = TiCentral.limpiar_ids(P_IdTipoUsuario); 
		
		SET P_CorreoExiste = (SELECT COUNT(*) FROM TiCentral.Usuarios WHERE (CorreoElectronico = P_CorreoElectronico)); 
		SET P_UsuarioExiste = (SELECT COUNT(*) FROM TiCentral.Usuarios WHERE (NombreUsuario = P_NombreUsuario)); 
		
		SET @TpoUser = (SELECT UPPER (t.Nombre) FROM TiCentral.TipoUsuario t
							INNER JOIN TiCentral.Usuarios u ON t.Id = u.IdTipoUsuario
							WHERE u.Id = P_IdUsuario);
	
		IF ((@TpoUser = 'ADMINPLATAFORMA') or (@TpoUser = 'ADMINGENERAL' and trim(P_IdTipoUsuario) = '')) then
			SET P_IdTipoUsuario = (SELECT Id FROM TiCentral.TipoUsuario t WHERE (trim(t.Nombre) = 'USER'));
		END IF;
		SET Respuesta=0;
			
		IF (@P_NombreTipoUsuario= (SELECT Tipo.Nombre FROM TiCentral.TipoUsuario AS Tipo,TiCentral.Usuarios AS Usuario WHERE Usuario.id = P_IdUsuario AND Usuario.IdTipoUsuario=Tipo.id = 'User')) THEN 
			SET Respuesta = 401;
			SELECT Respuesta,'No tiene permisos para crear usuarios' AS Mensaje; 
		ELSEIF P_UsuarioExiste >= 1 THEN 
			SET Respuesta = 409;
			SELECT Respuesta,'El nombre de usuario ya existe' AS Mensaje; 
		ELSEIF P_CorreoExiste >= 1 THEN 
			SET Respuesta = 409;
			SELECT Respuesta,'El correo electronico ya está registrado' AS Mensaje; 
		ELSE
			INSERT INTO TiCentral.Usuarios(
				Nombre,
				ApellidoPaterno,
				ApellidoMaterno,
				NombreUsuario,
				CorreoElectronico,
				Puesto,
				Contrasena,
				Curp,
				Rfc,
				Telefono,
				Ext,
				Celular,
				UltimoInicioDeSesion,
				CreadoPor,
				FechaDeCreacion,
				UltimaModificacion,
				ModificadoPor,
				IdTipoUsuario,
				PuedeFirmar,
				EstaActivo
				) VALUES(
				P_Nombre,
				P_ApellidoPaterno,
				P_ApellidoMaterno,
				P_NombreUsuario,
				P_CorreoElectronico,
				P_Puesto,
				P_Contrasena,
				P_Curp,
				P_Rfc,
				P_Telefono,
				P_Ext,
				P_Celular, CURRENT_TIMESTAMP(),
				P_IdUsuario, CURRENT_TIMESTAMP(), CURRENT_TIMESTAMP(),
				P_IdUsuario,
				P_IdTipoUsuario,
				P_PuedeFirmar,
				1); 
				SET Respuesta=201;
				SELECT Respuesta,'Usuario creado con éxito' AS Mensaje,TiCentral.Usuarios.*
				FROM TiCentral.Usuarios
				WHERE NombreUsuario = P_NombreUsuario AND CorreoElectronico = P_CorreoElectronico; 
				
				
				
				IF(P_IdTipoUsuario=(SELECT tu.Id FROM TiCentral.TipoUsuario tu WHERE tu.Nombre='AdminGeneral'))THEN
					SET @IdUsuarioCreado = (SELECT Id FROM TiCentral.Usuarios WHERE NombreUsuario=P_NombreUsuario AND CorreoElectronico=P_CorreoElectronico);
					SET @IdTiCentral = (SELECT Id FROM TiCentral.Apps ap WHERE ap.Nombre='ADMIN');
					CALL sp_VinculaUsuarioApp(@IdUsuarioCreado , @IdTiCentral, P_IdUsuario);
				END IF;
		END IF;
		
		
		
	ELSE
		SET Respuesta = 409;
		SELECT Respuesta,'El formato del correo es incorrecto' AS Mensaje; 	
	END IF; 
END ;;
DELIMITER ;
/*!50003 SET sql_mode              = @saved_sql_mode */ ;
/*!50003 SET character_set_client  = @saved_cs_client */ ;
/*!50003 SET character_set_results = @saved_cs_results */ ;
/*!50003 SET collation_connection  = @saved_col_connection */ ;
/*!50003 SET @saved_sql_mode       = @@sql_mode */ ;
/*!50003 SET sql_mode              = 'STRICT_TRANS_TABLES,ERROR_FOR_DIVISION_BY_ZERO,NO_AUTO_CREATE_USER,NO_ENGINE_SUBSTITUTION' */ ;
/*!50003 DROP PROCEDURE IF EXISTS `sp_dependencia` */;
/*!50003 SET @saved_cs_client      = @@character_set_client */ ;
/*!50003 SET @saved_cs_results     = @@character_set_results */ ;
/*!50003 SET @saved_col_connection = @@collation_connection */ ;
/*!50003 SET character_set_client  = utf8mb4 */ ;
/*!50003 SET character_set_results = utf8mb4 */ ;
/*!50003 SET collation_connection  = utf8mb4_general_ci */ ;
DELIMITER ;;
CREATE DEFINER=`root`@`%` PROCEDURE `sp_dependencia`(
	IN `P_DEPENDENCIA` CHAR(36)
)
BEGIN
  

    -- Crear una tabla temporal para almacenar los resultados
    CREATE TEMPORARY TABLE TempTabla (
        id VARCHAR(36),
        Nombre VARCHAR(255),
        Descripcion VARCHAR(255),
        PerteneceA VARCHAR(36)
    );

     SET @id=P_DEPENDENCIA;
     SET @ingresar=TRUE;
    WHILE @ingresar DO
      
      
        SELECT 
          COUNT(1) INTO  @dependecias
        FROM TiCentral.Dependencias dep
        INNER JOIN TiCentral.TipoDependencias td ON dep.IdTipoDependencia = td.Id
        WHERE dep.id=@id;
        
        if @dependecias >0 then
        
        INSERT INTO TempTabla
        SELECT 
            dep.id,
            dep.Nombre,
            td.Descripcion,
            dep.PerteneceA
        FROM TiCentral.Dependencias dep
        INNER JOIN TiCentral.TipoDependencias td ON dep.IdTipoDependencia = td.Id
        WHERE dep.id=@id;
        
        SELECT PerteneceA INTO @per FROM TempTabla WHERE id = @id;
        SET  @id = @per;
        
		  ELSE 
       
		
       
		  SET @ingresar=FALSE;
        END if;
      
          
    END WHILE;
    
    
      INSERT INTO TempTabla
        SELECT 
            dep.id,
            dep.Nombre,
            td.Descripcion,
            dep.PerteneceA
        FROM TiCentral.Dependencias dep
        INNER JOIN TiCentral.TipoDependencias td ON dep.IdTipoDependencia = td.Id
        WHERE dep.id=@id;
        
    
    
    
    SELECT * FROM TempTabla;
    DROP TEMPORARY TABLE IF EXISTS TempTabla;
END ;;
DELIMITER ;
/*!50003 SET sql_mode              = @saved_sql_mode */ ;
/*!50003 SET character_set_client  = @saved_cs_client */ ;
/*!50003 SET character_set_results = @saved_cs_results */ ;
/*!50003 SET collation_connection  = @saved_col_connection */ ;
/*!50003 SET @saved_sql_mode       = @@sql_mode */ ;
/*!50003 SET sql_mode              = 'STRICT_TRANS_TABLES,ERROR_FOR_DIVISION_BY_ZERO,NO_AUTO_CREATE_USER,NO_ENGINE_SUBSTITUTION' */ ;
/*!50003 DROP PROCEDURE IF EXISTS `sp_DesvinculaUsuarioApp` */;
/*!50003 SET @saved_cs_client      = @@character_set_client */ ;
/*!50003 SET @saved_cs_results     = @@character_set_results */ ;
/*!50003 SET @saved_col_connection = @@collation_connection */ ;
/*!50003 SET character_set_client  = utf8mb4 */ ;
/*!50003 SET character_set_results = utf8mb4 */ ;
/*!50003 SET collation_connection  = utf8mb4_general_ci */ ;
DELIMITER ;;
CREATE DEFINER=`root`@`%` PROCEDURE `sp_DesvinculaUsuarioApp`(
	IN `P_IdUsuario` CHAR(36),
	IN `P_IdApp` CHAR(36),
	IN `P_IdUsuarioModificador` CHAR(36)
)
BEGIN

	DECLARE P_NombreTipoUsuario CHAR(36);
	DECLARE Respuesta INT;
    
    IF ((SELECT Tipo.Nombre FROM TipoUsuario AS Tipo,Usuarios AS Usuario WHERE Usuario.Id = P_IdUsuarioModificador and Usuario.IdTipoUsuario=Tipo.Id) = 'User') THEN
		SET Respuesta = 401;
		SELECT Respuesta,'No tiene permisos para desvincular aplicaciones' AS Mensaje;
	ELSE
		IF (SELECT COUNT(*) FROM UsuarioAplicacion WHERE IdApp = P_IdApp AND IdUsuario = P_IdUsuario) = 1 THEN
			DELETE FROM UsuarioAplicacion WHERE IdUsuario = P_IdUsuario AND IdApp = P_IdApp;
           	SET Respuesta = 201;
			SELECT Respuesta,'El usuario fue desvinculado con éxito de la aplicación' AS Mensaje;
		ELSE
            SET Respuesta = 409;
			SELECT Respuesta,'No existe ninguna vinculación del usuario con la aplicación' AS Mensaje;
		END IF;
	END IF;
END ;;
DELIMITER ;
/*!50003 SET sql_mode              = @saved_sql_mode */ ;
/*!50003 SET character_set_client  = @saved_cs_client */ ;
/*!50003 SET character_set_results = @saved_cs_results */ ;
/*!50003 SET collation_connection  = @saved_col_connection */ ;
/*!50003 SET @saved_sql_mode       = @@sql_mode */ ;
/*!50003 SET sql_mode              = 'STRICT_TRANS_TABLES,ERROR_FOR_DIVISION_BY_ZERO,NO_AUTO_CREATE_USER,NO_ENGINE_SUBSTITUTION' */ ;
/*!50003 DROP PROCEDURE IF EXISTS `sp_DetalleApp` */;
/*!50003 SET @saved_cs_client      = @@character_set_client */ ;
/*!50003 SET @saved_cs_results     = @@character_set_results */ ;
/*!50003 SET @saved_col_connection = @@collation_connection */ ;
/*!50003 SET character_set_client  = utf8mb4 */ ;
/*!50003 SET character_set_results = utf8mb4 */ ;
/*!50003 SET collation_connection  = utf8mb4_general_ci */ ;
DELIMITER ;;
CREATE DEFINER=`root`@`%` PROCEDURE `sp_DetalleApp`(
	IN `P_Id` CHAR(36)
)
BEGIN

--	DECLARE P_NombreTipoUsuario CHAR(36);
   DECLARE Respuesta INT;
--	IF ((SELECT Tipo.Nombre FROM TipoUsuario AS Tipo, Usuarios AS Usuario WHERE Usuario.id = P_IdUsuario and Usuario.IdTipoUsuario=Tipo.Id) = 'User') THEN
--		SET Respuesta = 401;
--		SELECT Respuesta,'No tiene permisos para ver los detalles de la aplicación' AS Mensaje;
--	ELSE
		SET Respuesta = 201;
		SELECT Respuesta, Apps.* FROM Apps WHERE id=P_Id;
--	END IF;

END ;;
DELIMITER ;
/*!50003 SET sql_mode              = @saved_sql_mode */ ;
/*!50003 SET character_set_client  = @saved_cs_client */ ;
/*!50003 SET character_set_results = @saved_cs_results */ ;
/*!50003 SET collation_connection  = @saved_col_connection */ ;
/*!50003 SET @saved_sql_mode       = @@sql_mode */ ;
/*!50003 SET sql_mode              = 'STRICT_TRANS_TABLES,ERROR_FOR_DIVISION_BY_ZERO,NO_AUTO_CREATE_USER,NO_ENGINE_SUBSTITUTION' */ ;
/*!50003 DROP PROCEDURE IF EXISTS `sp_DetalleAppUsuario` */;
/*!50003 SET @saved_cs_client      = @@character_set_client */ ;
/*!50003 SET @saved_cs_results     = @@character_set_results */ ;
/*!50003 SET @saved_col_connection = @@collation_connection */ ;
/*!50003 SET character_set_client  = utf8mb4 */ ;
/*!50003 SET character_set_results = utf8mb4 */ ;
/*!50003 SET collation_connection  = utf8mb4_general_ci */ ;
DELIMITER ;;
CREATE DEFINER=`root`@`%` PROCEDURE `sp_DetalleAppUsuario`(
	IN `P_IdUsuario` CHAR(36)
)
BEGIN
	IF((SELECT EstaActivo From Usuarios WHERE Usuarios.Id = P_IdUsuario) = 1) THEN
		IF((SELECT COUNT(*) FROM UsuarioAplicacion WHERE IdUsuario = P_IdUsuario) > 0 ) THEN
			SELECT
			AP.Id IdApp,
			AP.Nombre ,
			AP.Path,
			AP.Descripcion
			FROM Usuarios US
			INNER JOIN UsuarioAplicacion UA ON US.Id = UA.IdUsuario
			INNER JOIN Apps AP ON AP.Id = UA.IdApp WHERE US.Id = P_IdUsuario AND US.EstaActivo = 1 AND AP.Deleted=0 ORDER BY AP.Nombre;
		ELSE 		
			SELECT '401' AS Respuesta,'Tu usuario no tiene aplicaciones vinculadas.' AS Mensaje;
		END IF;
	ELSEIF  
	((SELECT EstaActivo From Usuarios WHERE Usuarios.Id = P_IdUsuario) = 0) THEN
		SELECT '401' AS Respuesta,'El usuario no esta activo.' AS Mensaje;
	END IF;
END ;;
DELIMITER ;
/*!50003 SET sql_mode              = @saved_sql_mode */ ;
/*!50003 SET character_set_client  = @saved_cs_client */ ;
/*!50003 SET character_set_results = @saved_cs_results */ ;
/*!50003 SET collation_connection  = @saved_col_connection */ ;
/*!50003 SET @saved_sql_mode       = @@sql_mode */ ;
/*!50003 SET sql_mode              = 'STRICT_TRANS_TABLES,ERROR_FOR_DIVISION_BY_ZERO,NO_AUTO_CREATE_USER,NO_ENGINE_SUBSTITUTION' */ ;
/*!50003 DROP PROCEDURE IF EXISTS `sp_DetalleEntidad` */;
/*!50003 SET @saved_cs_client      = @@character_set_client */ ;
/*!50003 SET @saved_cs_results     = @@character_set_results */ ;
/*!50003 SET @saved_col_connection = @@collation_connection */ ;
/*!50003 SET character_set_client  = utf8mb4 */ ;
/*!50003 SET character_set_results = utf8mb4 */ ;
/*!50003 SET collation_connection  = utf8mb4_general_ci */ ;
DELIMITER ;;
CREATE DEFINER=`root`@`%` PROCEDURE `sp_DetalleEntidad`(
    IN `ch_IdEntidad` CHAR(36)
)
BEGIN
    -- Variables para retener datos de la entidad
    DECLARE v_NombreEntidad VARCHAR(255);
    DECLARE v_NombreTipoEntidad VARCHAR(255);
    DECLARE v_IdTipoEntidad CHAR(36);
    DECLARE v_NombrePadre VARCHAR(255);
    DECLARE v_IdPadre CHAR(36);
    
    -- Obteniendo los detalles de la entidad
    SELECT 
        e.Nombre, 
        te.Nombre, 
        e.IdTipoEntidad, 
        e.PerteneceA
    INTO 
        v_NombreEntidad, 
        v_NombreTipoEntidad, 
        v_IdTipoEntidad, 
        v_IdPadre
    FROM Entidades e
    LEFT JOIN TipoEntidades te ON e.IdTipoEntidad = te.Id
    WHERE e.Id = ch_IdEntidad;
    
    -- Si la entidad tiene un padre, obtener su nombre
    IF v_IdPadre IS NOT NULL THEN
        SELECT 
            Nombre INTO v_NombrePadre
        FROM Entidades 
        WHERE Id = v_IdPadre;
    END IF;

    -- Retornar los detalles
    SELECT 
        ch_IdEntidad AS IdEntidad,
        v_NombreEntidad AS NombreEntidad,
        v_IdTipoEntidad AS IdTipoEntidad,
        v_NombreTipoEntidad AS NombreTipoEntidad,
        v_IdPadre AS IdEntidadPerteneceA,
        v_NombrePadre AS EntidadPerteneceA;
    
END ;;
DELIMITER ;
/*!50003 SET sql_mode              = @saved_sql_mode */ ;
/*!50003 SET character_set_client  = @saved_cs_client */ ;
/*!50003 SET character_set_results = @saved_cs_results */ ;
/*!50003 SET collation_connection  = @saved_col_connection */ ;
/*!50003 SET @saved_sql_mode       = @@sql_mode */ ;
/*!50003 SET sql_mode              = 'STRICT_TRANS_TABLES,ERROR_FOR_DIVISION_BY_ZERO,NO_AUTO_CREATE_USER,NO_ENGINE_SUBSTITUTION' */ ;
/*!50003 DROP PROCEDURE IF EXISTS `sp_DetalleRol` */;
/*!50003 SET @saved_cs_client      = @@character_set_client */ ;
/*!50003 SET @saved_cs_results     = @@character_set_results */ ;
/*!50003 SET @saved_col_connection = @@collation_connection */ ;
/*!50003 SET character_set_client  = utf8mb4 */ ;
/*!50003 SET character_set_results = utf8mb4 */ ;
/*!50003 SET collation_connection  = utf8mb4_general_ci */ ;
DELIMITER ;;
CREATE DEFINER=`root`@`%` PROCEDURE `sp_DetalleRol`(
	IN `ch_IdRol` CHAR(36),
	IN `ch_IdUsuario` CHAR(36)
)
BEGIN


		SELECT COUNT(*)  INTO @NumRegistros	FROM  TiCentral.Roles  R WHERE  R.Id=ch_IdRol;
		IF(@NumRegistros=1)THEN
			SELECT
			R.Id,
			R.Descripcion,
			R.ControlInterno,
			CONCAT(U.Nombre,' ',U.ApellidoPaterno,' ',U.ApellidoMaterno) AS Responsable,
			R.UltimaActualizacion,
			R.FechaCreacion,
			R.ModificadoPor,
			CONCAT(UM.Nombre,' ',UM.ApellidoPaterno,' ',UM.ApellidoMaterno) AS Modificador,
			R.CreadoPor,
			CONCAT(UC.Nombre,' ',UC.ApellidoPaterno,' ',UC.ApellidoMaterno) AS Creador,
			R.Deleted
			FROM  TiCentral.Roles  R
			INNER JOIN TiCentral.Usuarios U ON U.Id=ch_IdUsuario
			LEFT JOIN TiCentral.Usuarios UM ON UM.Id=R.ModificadoPor
			LEFT JOIN TiCentral.Usuarios UC ON UC.Id=R.CreadoPor
			WHERE  R.Id=ch_IdRol;
			
		ELSE
			SIGNAL SQLSTATE '45000' SET MESSAGE_TEXT = 'Id invalido.';
		END IF;
	


END ;;
DELIMITER ;
/*!50003 SET sql_mode              = @saved_sql_mode */ ;
/*!50003 SET character_set_client  = @saved_cs_client */ ;
/*!50003 SET character_set_results = @saved_cs_results */ ;
/*!50003 SET collation_connection  = @saved_col_connection */ ;
/*!50003 SET @saved_sql_mode       = @@sql_mode */ ;
/*!50003 SET sql_mode              = 'STRICT_TRANS_TABLES,ERROR_FOR_DIVISION_BY_ZERO,NO_AUTO_CREATE_USER,NO_ENGINE_SUBSTITUTION' */ ;
/*!50003 DROP PROCEDURE IF EXISTS `sp_DetalleSolicitud` */;
/*!50003 SET @saved_cs_client      = @@character_set_client */ ;
/*!50003 SET @saved_cs_results     = @@character_set_results */ ;
/*!50003 SET @saved_col_connection = @@collation_connection */ ;
/*!50003 SET character_set_client  = utf8mb4 */ ;
/*!50003 SET character_set_results = utf8mb4 */ ;
/*!50003 SET collation_connection  = utf8mb4_general_ci */ ;
DELIMITER ;;
CREATE DEFINER=`root`@`%` PROCEDURE `sp_DetalleSolicitud`(
	IN `P_IdUsuarioSolicitante` CHAR(36),
	IN `P_IdSol` CHAR(36)
)
BEGIN

	
	
	-- Obtener si el usuario tiene acceso a la app que se registro en la solicitud
	 SET @App = (SELECT IdApp FROM TiCentral.Solicitudes WHERE Id = P_IdSol);
	 SET @NombreApp = (SELECT Nombre FROM TiCentral.Apps WHERE Id = @App);
	 SET @Tiene = (SELECT COUNT(id) FROM TiCentral.UsuarioAplicacion WHERE IdUsuario = P_IdUsuarioSolicitante AND idapp = @App);	
	
	IF((SELECT COUNT(id) FROM TiCentral.Solicitudes WHERE Id = P_IdSol)=1) THEN
			SELECT '201' AS Respuesta,'Ok' AS Mensaje,
			s.Id,
			s.Nombre,
			s.ApellidoPaterno,
			s.ApellidoMaterno,
			s.NombreUsuario,
			s.CorreoElectronico,
			s.Puesto,
			s.Curp,
			s.Rfc,
			s.Telefono,
			s.Ext,
			s.Celular,
			s.FechaDeCreacion,
			s.CreadoPor,
			s.Estatus,
			@NombreApp  AS NombreApp, 
			s.IdEntidad,
			(SELECT Nombre FROM Entidades WHERE Id=s.IdEntidad ) AS Entidad,
			CONCAT(uC.Nombre,uC.ApellidoPaterno,uC.ApellidoMaterno) AS NombreSolicitante,
			s.IdTipoUsuario,
			(SELECT tpo.Descripcion FROM TiCentral.TipoUsuario tpo WHERE tpo.Id=s.IdTipoUsuario) AS TpoUsuario,
			s.PuedeFirmar,
	   	(SELECT JSON_ARRAYAGG(JSON_OBJECT('Id', Roles.Id, 'Descripcion', Roles.Nombre)) AS Roles
			FROM Roles
			WHERE JSON_CONTAINS(s.Roles, JSON_QUOTE(Roles.Id), '$.Roles')) AS Roles
			FROM TiCentral.Solicitudes s,TiCentral.Usuarios uC
			WHERE s.Id = P_IdSol
			AND s.CreadoPor = uC.Id;
	
	ELSE
			SELECT '403' AS Respuesta,'IdSolicitud invalido' AS Mensaje;
	END IF;
END ;;
DELIMITER ;
/*!50003 SET sql_mode              = @saved_sql_mode */ ;
/*!50003 SET character_set_client  = @saved_cs_client */ ;
/*!50003 SET character_set_results = @saved_cs_results */ ;
/*!50003 SET collation_connection  = @saved_col_connection */ ;
/*!50003 SET @saved_sql_mode       = @@sql_mode */ ;
/*!50003 SET sql_mode              = 'STRICT_TRANS_TABLES,ERROR_FOR_DIVISION_BY_ZERO,NO_AUTO_CREATE_USER,NO_ENGINE_SUBSTITUTION' */ ;
/*!50003 DROP PROCEDURE IF EXISTS `sp_DetalleSolicitudDocumento` */;
/*!50003 SET @saved_cs_client      = @@character_set_client */ ;
/*!50003 SET @saved_cs_results     = @@character_set_results */ ;
/*!50003 SET @saved_col_connection = @@collation_connection */ ;
/*!50003 SET character_set_client  = utf8mb4 */ ;
/*!50003 SET character_set_results = utf8mb4 */ ;
/*!50003 SET collation_connection  = utf8mb4_general_ci */ ;
DELIMITER ;;
CREATE DEFINER=`root`@`%` PROCEDURE `sp_DetalleSolicitudDocumento`(
	IN `P_IdSolicitud` CHAR(36)
)
BEGIN
	
	SET @UserName = (Select s.NombreUsuario from TiCentral.Solicitudes s where s.Id=P_IdSolicitud);
	SET @Existe = (Select Count(id) from TiCentral.Usuarios u where u.NombreUsuario =@UserName);
	
	IF(@Existe=1) THEN
	
			SELECT 
			s.FechaDeCreacion AS Fecha,
			ts.tipoSoli AS TipoDeMovimiento,
			s.Nombre AS Nombre,
			s.ApellidoPaterno AS ApellidoPaterno,
			s.ApellidoMaterno AS ApellidoMaterno,
			s.NombreUsuario AS NombreUsuario,
			s.CorreoElectronico AS Correo,
			s.Puesto,
			s.Curp AS CURP,
			s.Rfc AS RFC,
			s.Telefono AS Telefono,
			s.Ext AS Extension,
			s.Celular AS Celular,
			tu.Descripcion AS TpoUsuario,
			a.Nombre AS AccesoApp
		FROM TiCentral.Solicitudes s
		INNER JOIN TiCentral.TipoSolicitud ts ON s.TipoSolicitud = ts.id
		INNER JOIN TiCentral.Apps a ON s.IdApp = a.id
		INNER JOIN TiCentral.Usuarios u On s.NombreUsuario =u.NombreUsuario
		INNER JOIN TiCentral.TipoUsuario tu On u.IdTipoUsuario=tu.Id
		WHERE s.Id= P_IdSolicitud;
		
	ELSE
	
		SELECT 
			s.FechaDeCreacion AS Fecha,
			ts.tipoSoli AS TipoDeMovimiento,
			s.Nombre AS Nombre,
			s.ApellidoPaterno AS ApellidoPaterno,
			s.ApellidoMaterno AS ApellidoMaterno,
			s.NombreUsuario AS NombreUsuario,
			s.CorreoElectronico AS Correo,
			s.Puesto,
			s.Curp AS CURP,
			s.Rfc AS RFC,
			s.Telefono AS Telefono,
			s.Ext AS Extension,
			s.Celular AS Celular,
			/*tu.Descripcion*/'Usuario' AS TpoUsuario,
			a.Nombre AS AccesoApp
		FROM TiCentral.Solicitudes s
		INNER JOIN TiCentral.TipoSolicitud ts ON s.TipoSolicitud = ts.id
		INNER JOIN TiCentral.Apps a ON s.IdApp = a.id
		/*INNER JOIN TiCentral.Usuarios u On s.NombreUsuario =u.NombreUsuario*/
		/*INNER JOIN TiCentral.TipoUsuario tu On u.IdTipoUsuario=tu.Id*/
		WHERE s.Id= P_IdSolicitud;
	END IF;
	

END ;;
DELIMITER ;
/*!50003 SET sql_mode              = @saved_sql_mode */ ;
/*!50003 SET character_set_client  = @saved_cs_client */ ;
/*!50003 SET character_set_results = @saved_cs_results */ ;
/*!50003 SET collation_connection  = @saved_col_connection */ ;
/*!50003 SET @saved_sql_mode       = @@sql_mode */ ;
/*!50003 SET sql_mode              = 'STRICT_TRANS_TABLES,ERROR_FOR_DIVISION_BY_ZERO,NO_AUTO_CREATE_USER,NO_ENGINE_SUBSTITUTION' */ ;
/*!50003 DROP PROCEDURE IF EXISTS `sp_DetalleTipoEntidad` */;
/*!50003 SET @saved_cs_client      = @@character_set_client */ ;
/*!50003 SET @saved_cs_results     = @@character_set_results */ ;
/*!50003 SET @saved_col_connection = @@collation_connection */ ;
/*!50003 SET character_set_client  = utf8mb4 */ ;
/*!50003 SET character_set_results = utf8mb4 */ ;
/*!50003 SET collation_connection  = utf8mb4_general_ci */ ;
DELIMITER ;;
CREATE DEFINER=`root`@`%` PROCEDURE `sp_DetalleTipoEntidad`(
	IN `P_Id` CHAR(36)
)
BEGIN

IF 
	(( SELECT COUNT(*) FROM TiCentral.TipoDependencias WHERE Id = P_Id) = 1) THEN 
	SELECT Id, Nombre, Descripcion, FechaCreacion, CreadoPor,UltimaActualizacion, ModificadoPor, Deleted
	FROM TiCentral.TipoEntidades
	WHERE Id = P_Id;
	
ELSE

 SELECT 'Verificar Id' AS ERROR; 
 
END IF; 

END ;;
DELIMITER ;
/*!50003 SET sql_mode              = @saved_sql_mode */ ;
/*!50003 SET character_set_client  = @saved_cs_client */ ;
/*!50003 SET character_set_results = @saved_cs_results */ ;
/*!50003 SET collation_connection  = @saved_col_connection */ ;
/*!50003 SET @saved_sql_mode       = @@sql_mode */ ;
/*!50003 SET sql_mode              = 'STRICT_TRANS_TABLES,ERROR_FOR_DIVISION_BY_ZERO,NO_AUTO_CREATE_USER,NO_ENGINE_SUBSTITUTION' */ ;
/*!50003 DROP PROCEDURE IF EXISTS `sp_DetalleUsuario` */;
/*!50003 SET @saved_cs_client      = @@character_set_client */ ;
/*!50003 SET @saved_cs_results     = @@character_set_results */ ;
/*!50003 SET @saved_col_connection = @@collation_connection */ ;
/*!50003 SET character_set_client  = utf8mb4 */ ;
/*!50003 SET character_set_results = utf8mb4 */ ;
/*!50003 SET collation_connection  = utf8mb4_general_ci */ ;
DELIMITER ;;
CREATE DEFINER=`root`@`%` PROCEDURE `sp_DetalleUsuario`(
	IN `P_Id` CHAR(36)
)
BEGIN
	SELECT 
	us.Id, 
	us.Nombre, 
	us.ApellidoPaterno, 
	us.ApellidoMaterno, 
	us.NombreUsuario, 
	us.CorreoElectronico,
	us.Puesto, 
	us.Curp, 
	us.Rfc,
	us.Telefono, 
	us.Ext, 
	us.Celular,
	us.PuedeFirmar, 
	us.UltimoInicioDeSesion, 
	us.EstaActivo, 
	us.CreadoPor, 
	us.ModificadoPor, 
	us.Deleted, 
	us.IdTipoUsuario 
	FROM TiCentral.Usuarios us  
	WHERE us.Id = P_Id OR us.CorreoElectronico=P_ID;
END ;;
DELIMITER ;
/*!50003 SET sql_mode              = @saved_sql_mode */ ;
/*!50003 SET character_set_client  = @saved_cs_client */ ;
/*!50003 SET character_set_results = @saved_cs_results */ ;
/*!50003 SET collation_connection  = @saved_col_connection */ ;
/*!50003 SET @saved_sql_mode       = @@sql_mode */ ;
/*!50003 SET sql_mode              = 'STRICT_TRANS_TABLES,ERROR_FOR_DIVISION_BY_ZERO,NO_AUTO_CREATE_USER,NO_ENGINE_SUBSTITUTION' */ ;
/*!50003 DROP PROCEDURE IF EXISTS `sp_DetalleUsuarioAplicacion` */;
/*!50003 SET @saved_cs_client      = @@character_set_client */ ;
/*!50003 SET @saved_cs_results     = @@character_set_results */ ;
/*!50003 SET @saved_col_connection = @@collation_connection */ ;
/*!50003 SET character_set_client  = utf8mb4 */ ;
/*!50003 SET character_set_results = utf8mb4 */ ;
/*!50003 SET collation_connection  = utf8mb4_general_ci */ ;
DELIMITER ;;
CREATE DEFINER=`root`@`%` PROCEDURE `sp_DetalleUsuarioAplicacion`(
	IN `ch_IdUsuario` CHAR(36),
	IN `ch_IdApp` CHAR(36)
)
proc:BEGIN
	
	SELECT COUNT(*) INTO @ExisteUsuario FROM Usuarios u WHERE u.Id= ch_IdUsuario;
	SELECT COUNT(*) INTO @ExisteAplicacion FROM Apps a WHERE a.Id= ch_IdApp;
	SELECT COUNT(*) INTO @ExisteUsuarioAplicacion FROM UsuarioAplicacion ua WHERE ua.IdUsuario=ch_IdUsuario AND ua.IdApp=ch_IdApp;
	
	IF(@ExisteUsuario!=1)THEN
		SELECT 'Error: Usuario no encontrado' AS Error;
		leave proc;
	END IF;
	
	
	IF(@ExisteAplicacion!=1)THEN
		SIGNAL SQLSTATE '45000' SET MESSAGE_TEXT =  'Error: Aplicacion no encontrado';
		leave proc;
	END IF;
	
	IF(@ExisteUsuarioAplicacion!=1)THEN
		SIGNAL SQLSTATE '45000' SET MESSAGE_TEXT =  'Error: El usuario no esta vinculado a la aplicación';
		leave proc;
	END IF;
	
	SELECT 
	U.Id,
	U.Nombre,
	U.ApellidoPaterno,
	U.ApellidoMaterno,
	U.NombreUsuario,
	U.CorreoElectronico,
	U.Puesto,
	U.CURP,
	U.RFC,
	U.Telefono,
	U.Ext,
	U.Celular,
	U.IdTipoUsuario,
	tpo.Nombre AS TipoUsuario,
	U.EstaActivo,
	U.PuedeFirmar,
	U.UltimoInicioDeSesion,
	U.Deleted,
	ua.IdApp,
	app.Nombre AS Aplicacion,
	ua.IdEntidad,
	ent.Nombre AS Entidad,
	ent.ControlInterno AS ControlInternoEntidad,
	ent.PerteneceA AS IdEntidadPerteneceA,
	pa.Nombre AS EntidadPerteneceA,
	ent.IdTipoEntidad,
	tpoEnt.Nombre AS TipoEntidad
	FROM Usuarios U 
	INNER JOIN TipoUsuario tpo ON tpo.Id = U.IdTipoUsuario
	INNER JOIN UsuarioAplicacion ua ON ua.IdUsuario = U.Id AND ua.IdApp = ch_IdApp
	LEFT JOIN Apps app ON app.Id = ua.IdApp
	LEFT JOIN Entidades ent ON ent.Id = ua.IdEntidad
	LEFT JOIN Entidades pa ON ent.PerteneceA = pa.Id
	LEFT JOIN TipoEntidades tpoEnt ON tpoEnt.Id = ent.IdTipoEntidad

	WHERE U.Id = ch_IdUsuario;
	
END ;;
DELIMITER ;
/*!50003 SET sql_mode              = @saved_sql_mode */ ;
/*!50003 SET character_set_client  = @saved_cs_client */ ;
/*!50003 SET character_set_results = @saved_cs_results */ ;
/*!50003 SET collation_connection  = @saved_col_connection */ ;
/*!50003 SET @saved_sql_mode       = @@sql_mode */ ;
/*!50003 SET sql_mode              = 'STRICT_TRANS_TABLES,ERROR_FOR_DIVISION_BY_ZERO,NO_AUTO_CREATE_USER,NO_ENGINE_SUBSTITUTION' */ ;
/*!50003 DROP PROCEDURE IF EXISTS `sp_DetalleUsuarioPermisos` */;
/*!50003 SET @saved_cs_client      = @@character_set_client */ ;
/*!50003 SET @saved_cs_results     = @@character_set_results */ ;
/*!50003 SET @saved_col_connection = @@collation_connection */ ;
/*!50003 SET character_set_client  = utf8mb4 */ ;
/*!50003 SET character_set_results = utf8mb4 */ ;
/*!50003 SET collation_connection  = utf8mb4_general_ci */ ;
DELIMITER ;;
CREATE DEFINER=`root`@`%` PROCEDURE `sp_DetalleUsuarioPermisos`(
    IN usuarioID CHAR(36),
    IN menuControlInterno VARCHAR(200))
BEGIN
    -- Consulta para obtener permisos de un usuario específico en un menú determinado
    SELECT
        r.Nombre AS 'Rol',
        r.ControlInterno AS RolControlInterno,
        m.Menu,
        p.Permiso,
        p.ControlInterno AS PermisoControlInterno
    FROM
        Usuarios u
    -- Relaciones con otras tablas
    JOIN UsuarioRol ur ON u.Id = ur.IdUsuario
    JOIN Roles r ON ur.IdRol = r.Id
    JOIN MenuPermisos mp ON r.Id = mp.idRol
    JOIN Menus m ON mp.idMenu = m.Id
    JOIN Permisos p ON mp.idPermiso = p.Id
    -- Condiciones específicas
    WHERE
        u.Id = usuarioID  -- Usuario específico
    AND
        m.ControlInterno = menuControlInterno  -- Usamos ControlInterno para filtrar
    ORDER BY
        r.Nombre;
END ;;
DELIMITER ;
/*!50003 SET sql_mode              = @saved_sql_mode */ ;
/*!50003 SET character_set_client  = @saved_cs_client */ ;
/*!50003 SET character_set_results = @saved_cs_results */ ;
/*!50003 SET collation_connection  = @saved_col_connection */ ;
/*!50003 SET @saved_sql_mode       = @@sql_mode */ ;
/*!50003 SET sql_mode              = 'STRICT_TRANS_TABLES,ERROR_FOR_DIVISION_BY_ZERO,NO_AUTO_CREATE_USER,NO_ENGINE_SUBSTITUTION' */ ;
/*!50003 DROP PROCEDURE IF EXISTS `sp_EditarEntidad` */;
/*!50003 SET @saved_cs_client      = @@character_set_client */ ;
/*!50003 SET @saved_cs_results     = @@character_set_results */ ;
/*!50003 SET @saved_col_connection = @@collation_connection */ ;
/*!50003 SET character_set_client  = utf8mb4 */ ;
/*!50003 SET character_set_results = utf8mb4 */ ;
/*!50003 SET collation_connection  = utf8mb4_general_ci */ ;
DELIMITER ;;
CREATE DEFINER=`root`@`%` PROCEDURE `sp_EditarEntidad`(
	IN `P_Id` CHAR(36),
	IN `P_IdTitular` CHAR(36),
	IN `P_TipoEntidad` CHAR(36),
	IN `P_IdUsuario` CHAR(36),
	IN `P_PerteneceA` CHAR(36),
	IN `P_Nombre` VARCHAR(200),
	IN `P_Direccion` LONGTEXT,
	IN `P_Telefono` LONGTEXT,
	IN `P_ControlInterno` LONGTEXT,
	IN `P_ClaveSiregob` LONGTEXT
	)
BEGIN

    -- Primero, verifica que el TipoEntidad existe con el Id proporcionado
	IF ((SELECT COUNT(*) FROM Entidades WHERE Id = P_Id) = 1 ) THEN

		-- Actualiza los valores del tipo de entidad
		UPDATE Entidades 
		SET 
		  -- ID´S
			IdTitular = P_IdTitular, 
			IdTipoEntidad = P_TipoEntidad, 
			PerteneceA = P_PerteneceA, 
			ModificadoPor = P_IdUsuario, 
			-- fin ID´S
			Nombre = P_Nombre, 
			Direccion = P_Direccion, 
			Telefono = P_Telefono, 
			ControlInterno = P_ControlInterno, 
			ClaveSiregob = P_ClaveSiregob, 
			UltimaActualizacion = NOW()
		WHERE 
			Id = P_Id;
	
		-- Devuelve los valores actualizados para confirmación
		SELECT Id, Nombre, Direccion FROM Entidades WHERE Id = P_Id;

	ELSE
		SELECT 'Entidad no encontrado' AS ERROR;
	END IF;

END ;;
DELIMITER ;
/*!50003 SET sql_mode              = @saved_sql_mode */ ;
/*!50003 SET character_set_client  = @saved_cs_client */ ;
/*!50003 SET character_set_results = @saved_cs_results */ ;
/*!50003 SET collation_connection  = @saved_col_connection */ ;
/*!50003 SET @saved_sql_mode       = @@sql_mode */ ;
/*!50003 SET sql_mode              = 'STRICT_TRANS_TABLES,ERROR_FOR_DIVISION_BY_ZERO,NO_AUTO_CREATE_USER,NO_ENGINE_SUBSTITUTION' */ ;
/*!50003 DROP PROCEDURE IF EXISTS `sp_EditarTipoEntidad` */;
/*!50003 SET @saved_cs_client      = @@character_set_client */ ;
/*!50003 SET @saved_cs_results     = @@character_set_results */ ;
/*!50003 SET @saved_col_connection = @@collation_connection */ ;
/*!50003 SET character_set_client  = utf8mb4 */ ;
/*!50003 SET character_set_results = utf8mb4 */ ;
/*!50003 SET collation_connection  = utf8mb4_general_ci */ ;
DELIMITER ;;
CREATE DEFINER=`root`@`%` PROCEDURE `sp_EditarTipoEntidad`(
	IN `P_Id` CHAR(36),
	IN `P_Nombre` VARCHAR(200),
	IN `P_Descripcion` LONGTEXT,
	IN `P_IdUsuario` CHAR(36)
)
BEGIN

    -- Primero, verifica que el TipoEntidad existe con el Id proporcionado
	IF ((SELECT COUNT(*) FROM TipoEntidades WHERE Id = P_Id) = 1 ) THEN

		-- Actualiza los valores del tipo de entidad
		UPDATE TipoEntidades 
		SET 
			Nombre = P_Nombre, 
			Descripcion = P_Descripcion, 
			ModificadoPor = P_IdUsuario, 
			UltimaActualizacion = NOW()
		WHERE 
			Id = P_Id;
	
		-- Devuelve los valores actualizados para confirmación
		SELECT Id, Nombre, Descripcion FROM TipoEntidades WHERE Id = P_Id;

	ELSE
		SELECT 'Tipo entidad no encontrado' AS ERROR;
	END IF;

END ;;
DELIMITER ;
/*!50003 SET sql_mode              = @saved_sql_mode */ ;
/*!50003 SET character_set_client  = @saved_cs_client */ ;
/*!50003 SET character_set_results = @saved_cs_results */ ;
/*!50003 SET collation_connection  = @saved_col_connection */ ;
/*!50003 SET @saved_sql_mode       = @@sql_mode */ ;
/*!50003 SET sql_mode              = 'STRICT_TRANS_TABLES,ERROR_FOR_DIVISION_BY_ZERO,NO_AUTO_CREATE_USER,NO_ENGINE_SUBSTITUTION' */ ;
/*!50003 DROP PROCEDURE IF EXISTS `sp_EliminarEntidad` */;
/*!50003 SET @saved_cs_client      = @@character_set_client */ ;
/*!50003 SET @saved_cs_results     = @@character_set_results */ ;
/*!50003 SET @saved_col_connection = @@collation_connection */ ;
/*!50003 SET character_set_client  = utf8mb4 */ ;
/*!50003 SET character_set_results = utf8mb4 */ ;
/*!50003 SET collation_connection  = utf8mb4_general_ci */ ;
DELIMITER ;;
CREATE DEFINER=`root`@`%` PROCEDURE `sp_EliminarEntidad`(
	IN `ch_IdEntidad` CHAR(36),
	IN `ch_IdUsuario` CHAR(36)
)
BEGIN


		SELECT COUNT(*) INTO @Existe FROM TiCentral.Entidades D WHERE D.Id=ch_IdEntidad;
		IF( @Existe=1)THEN 
			UPDATE 
			TiCentral.Entidades D SET 
			UltimaActualizacion = CURRENT_TIMESTAMP(),
			ModificadoPor = ch_IdUsuario,
			D.Deleted = 1
			WHERE Id = ch_IdEntidad;
		
			SELECT CONCAT('La Entidad ',(SELECT Nombre FROM TiCentral.Entidades WHERE Id=ch_IdEntidad),
			' fue eliminado con exito.') AS Respuesta;
		ELSE
			SIGNAL SQLSTATE '45000' SET MESSAGE_TEXT = 'Id invalido.';
		END IF;
		


END ;;
DELIMITER ;
/*!50003 SET sql_mode              = @saved_sql_mode */ ;
/*!50003 SET character_set_client  = @saved_cs_client */ ;
/*!50003 SET character_set_results = @saved_cs_results */ ;
/*!50003 SET collation_connection  = @saved_col_connection */ ;
/*!50003 SET @saved_sql_mode       = @@sql_mode */ ;
/*!50003 SET sql_mode              = 'STRICT_TRANS_TABLES,ERROR_FOR_DIVISION_BY_ZERO,NO_AUTO_CREATE_USER,NO_ENGINE_SUBSTITUTION' */ ;
/*!50003 DROP PROCEDURE IF EXISTS `sp_EliminarPermisoMenuRol` */;
/*!50003 SET @saved_cs_client      = @@character_set_client */ ;
/*!50003 SET @saved_cs_results     = @@character_set_results */ ;
/*!50003 SET @saved_col_connection = @@collation_connection */ ;
/*!50003 SET character_set_client  = utf8mb4 */ ;
/*!50003 SET character_set_results = utf8mb4 */ ;
/*!50003 SET collation_connection  = utf8mb4_general_ci */ ;
DELIMITER ;;
CREATE DEFINER=`root`@`%` PROCEDURE `sp_EliminarPermisoMenuRol`(
	IN `ch_Id` CHAR(36)
)
BEGIN
	DELETE FROM TiCentral.MenuPermisos WHERE Id = ch_Id;
END ;;
DELIMITER ;
/*!50003 SET sql_mode              = @saved_sql_mode */ ;
/*!50003 SET character_set_client  = @saved_cs_client */ ;
/*!50003 SET character_set_results = @saved_cs_results */ ;
/*!50003 SET collation_connection  = @saved_col_connection */ ;
/*!50003 SET @saved_sql_mode       = @@sql_mode */ ;
/*!50003 SET sql_mode              = 'STRICT_TRANS_TABLES,ERROR_FOR_DIVISION_BY_ZERO,NO_AUTO_CREATE_USER,NO_ENGINE_SUBSTITUTION' */ ;
/*!50003 DROP PROCEDURE IF EXISTS `sp_EliminarRoles` */;
/*!50003 SET @saved_cs_client      = @@character_set_client */ ;
/*!50003 SET @saved_cs_results     = @@character_set_results */ ;
/*!50003 SET @saved_col_connection = @@collation_connection */ ;
/*!50003 SET character_set_client  = utf8mb4 */ ;
/*!50003 SET character_set_results = utf8mb4 */ ;
/*!50003 SET collation_connection  = utf8mb4_general_ci */ ;
DELIMITER ;;
CREATE DEFINER=`root`@`%` PROCEDURE `sp_EliminarRoles`(
	IN `ch_IdRol` CHAR(36),
	IN `ch_IdUsuario` CHAR(36)
)
BEGIN

	SELECT U.IdTipoUsuario INTO @IdTpoUSer FROM TiCentral.Usuarios U  WHERE U.Id=ch_IdUsuario;
	SELECT Tpo.Id INTO @IdAdminPlataforma FROM TiCentral.TipoUsuario Tpo  WHERE Tpo.Nombre = 'AdminPlataforma';
	SELECT Tpo.Id INTO @IdAdminGeneral FROM TiCentral.TipoUsuario Tpo  WHERE Tpo.Nombre ='AdminGeneral';

	IF(@IdTpoUSer=@IdAdminPlataforma OR @IdTpoUSer=@IdAdminGeneral)THEN
	
		SELECT COUNT(*) INTO @Existe FROM TiCentral.Roles D WHERE D.Id=ch_IdRol;
		IF( @Existe=1)THEN 
			UPDATE 
			TiCentral.Roles D SET 
			UltimaActualizacion = CURRENT_TIMESTAMP(),
			ModificadoPor = ch_IdUsuario,
			D.Deleted=1
			WHERE Id = ch_IdRol;
		
			SELECT CONCAT('El Rol ',(SELECT Descripcion FROM TiCentral.Roles WHERE Id=ch_IdRol),' fue eliminado con exito.') AS Respuesta;
		ELSE
			SIGNAL SQLSTATE '45000' SET MESSAGE_TEXT = 'Id invalido.';
		END IF;
		
		
	ELSE
			SIGNAL SQLSTATE '45000' SET MESSAGE_TEXT = 'Permiso denegado';
	END IF;

END ;;
DELIMITER ;
/*!50003 SET sql_mode              = @saved_sql_mode */ ;
/*!50003 SET character_set_client  = @saved_cs_client */ ;
/*!50003 SET character_set_results = @saved_cs_results */ ;
/*!50003 SET collation_connection  = @saved_col_connection */ ;
/*!50003 SET @saved_sql_mode       = @@sql_mode */ ;
/*!50003 SET sql_mode              = 'STRICT_TRANS_TABLES,ERROR_FOR_DIVISION_BY_ZERO,NO_AUTO_CREATE_USER,NO_ENGINE_SUBSTITUTION' */ ;
/*!50003 DROP PROCEDURE IF EXISTS `sp_EliminarRolMenu` */;
/*!50003 SET @saved_cs_client      = @@character_set_client */ ;
/*!50003 SET @saved_cs_results     = @@character_set_results */ ;
/*!50003 SET @saved_col_connection = @@collation_connection */ ;
/*!50003 SET character_set_client  = utf8mb4 */ ;
/*!50003 SET character_set_results = utf8mb4 */ ;
/*!50003 SET collation_connection  = utf8mb4_general_ci */ ;
DELIMITER ;;
CREATE DEFINER=`root`@`%` PROCEDURE `sp_EliminarRolMenu`(
	IN `ch_IdRolMenu` CHAR(36)
)
BEGIN
	DELETE FROM TiCentral.RolMenus WHERE Id = ch_IdRolMenu;
END ;;
DELIMITER ;
/*!50003 SET sql_mode              = @saved_sql_mode */ ;
/*!50003 SET character_set_client  = @saved_cs_client */ ;
/*!50003 SET character_set_results = @saved_cs_results */ ;
/*!50003 SET collation_connection  = @saved_col_connection */ ;
/*!50003 SET @saved_sql_mode       = @@sql_mode */ ;
/*!50003 SET sql_mode              = 'STRICT_TRANS_TABLES,ERROR_FOR_DIVISION_BY_ZERO,NO_AUTO_CREATE_USER,NO_ENGINE_SUBSTITUTION' */ ;
/*!50003 DROP PROCEDURE IF EXISTS `sp_EliminarTipoEntidad` */;
/*!50003 SET @saved_cs_client      = @@character_set_client */ ;
/*!50003 SET @saved_cs_results     = @@character_set_results */ ;
/*!50003 SET @saved_col_connection = @@collation_connection */ ;
/*!50003 SET character_set_client  = utf8mb4 */ ;
/*!50003 SET character_set_results = utf8mb4 */ ;
/*!50003 SET collation_connection  = utf8mb4_general_ci */ ;
DELIMITER ;;
CREATE DEFINER=`root`@`%` PROCEDURE `sp_EliminarTipoEntidad`(
	IN `ch_IdTipoD` CHAR(36),
	IN `ch_IdUsuario` CHAR(36)
)
BEGIN

	SELECT U.IdTipoUsuario INTO @IdTpoUSer FROM TiCentral.Usuarios U  WHERE U.Id=ch_IdUsuario;
	SELECT Tpo.Id INTO @IdAdminPlataforma FROM TiCentral.TipoUsuario Tpo  WHERE Tpo.Nombre = 'AdminPlataforma';
	SELECT Tpo.Id INTO @IdAdminGeneral FROM TiCentral.TipoUsuario Tpo  WHERE Tpo.Nombre ='AdminGeneral';

	IF(@IdTpoUSer=@IdAdminPlataforma OR @IdTpoUSer=@IdAdminGeneral)THEN
	
		SELECT COUNT(*) INTO @Existe FROM TiCentral.TipoEntidades D WHERE D.Id=ch_IdTipoD;
		IF( @Existe=1)THEN 
			UPDATE 
			TiCentral.TipoEntidades D SET 
			UltimaActualizacion = CURRENT_TIMESTAMP(),
			ModificadoPor = ch_IdUsuario,
			D.Deleted=1
			WHERE Id = ch_IdTipoD;
		
			SELECT CONCAT('La Tipo de Dependencia ',(SELECT Nombre FROM TiCentral.TipoEntidades WHERE Id=ch_IdTipoD),' fue eliminado con exito.') AS Respuesta;
		ELSE
			SIGNAL SQLSTATE '45000' SET MESSAGE_TEXT = 'Id invalido.';
		END IF;
		
		
	ELSE
			SIGNAL SQLSTATE '45000' SET MESSAGE_TEXT = 'Permiso denegado';
	END IF;

END ;;
DELIMITER ;
/*!50003 SET sql_mode              = @saved_sql_mode */ ;
/*!50003 SET character_set_client  = @saved_cs_client */ ;
/*!50003 SET character_set_results = @saved_cs_results */ ;
/*!50003 SET collation_connection  = @saved_col_connection */ ;
/*!50003 SET @saved_sql_mode       = @@sql_mode */ ;
/*!50003 SET sql_mode              = 'STRICT_TRANS_TABLES,ERROR_FOR_DIVISION_BY_ZERO,NO_AUTO_CREATE_USER,NO_ENGINE_SUBSTITUTION' */ ;
/*!50003 DROP PROCEDURE IF EXISTS `sp_ExisteApp` */;
/*!50003 SET @saved_cs_client      = @@character_set_client */ ;
/*!50003 SET @saved_cs_results     = @@character_set_results */ ;
/*!50003 SET @saved_col_connection = @@collation_connection */ ;
/*!50003 SET character_set_client  = utf8mb4 */ ;
/*!50003 SET character_set_results = utf8mb4 */ ;
/*!50003 SET collation_connection  = utf8mb4_general_ci */ ;
DELIMITER ;;
CREATE DEFINER=`root`@`%` PROCEDURE `sp_ExisteApp`(
	IN `P_Nombre` VARCHAR(30),
	IN `P_Path` VARCHAR(50),
	IN `P_IdUsuario` CHAR(36)
)
BEGIN

	DECLARE Respuesta INT;
    

		SET Respuesta = 201;
    	SELECT Respuesta,
		(SELECT count(*) FROM TiCentralOriginal.Apps ap  WHERE ap.Nombre = P_Nombre) AS ExisteNombre ,
		(SELECT count(*) FROM TiCentralOriginal.Apps ap  WHERE ap.Path = P_Path) AS ExistePath;

END ;;
DELIMITER ;
/*!50003 SET sql_mode              = @saved_sql_mode */ ;
/*!50003 SET character_set_client  = @saved_cs_client */ ;
/*!50003 SET character_set_results = @saved_cs_results */ ;
/*!50003 SET collation_connection  = @saved_col_connection */ ;
/*!50003 SET @saved_sql_mode       = @@sql_mode */ ;
/*!50003 SET sql_mode              = 'STRICT_TRANS_TABLES,ERROR_FOR_DIVISION_BY_ZERO,NO_AUTO_CREATE_USER,NO_ENGINE_SUBSTITUTION' */ ;
/*!50003 DROP PROCEDURE IF EXISTS `sp_GeneraDocumentoSolicitud` */;
/*!50003 SET @saved_cs_client      = @@character_set_client */ ;
/*!50003 SET @saved_cs_results     = @@character_set_results */ ;
/*!50003 SET @saved_col_connection = @@collation_connection */ ;
/*!50003 SET character_set_client  = utf8mb4 */ ;
/*!50003 SET character_set_results = utf8mb4 */ ;
/*!50003 SET collation_connection  = utf8mb4_general_ci */ ;
DELIMITER ;;
CREATE DEFINER=`root`@`%` PROCEDURE `sp_GeneraDocumentoSolicitud`(
	IN `P_IdSolicitud` CHAR(36)
)
BEGIN
	SELECT 
	u.Id,
	u.Nombre,
	u.ApellidoPaterno,
	u.ApellidoMaterno,
	u.NombreUsuario,
	u.CorreoElectronico,
	u.Puesto,
	u.PuedeFirmar,
	u.Curp,
	u.Rfc,
	u.Telefono,
	u.Ext,
	u.Celular,
	t.Nombre AS TipoUsuario,
	s.Id AS IdSolicitud, 
	s.DatosAdicionales,
	s.TipoSolicitud,
	CONCAT_WS(' ',trim(uc.Nombre),trim(uc.ApellidoPaterno),trim(uc.ApellidoMaterno)) AS CreadoPor,
	s.FechaDeCreacion,
	c.Comentario, 
	a.Nombre AS App
	FROM TiCentral.Usuarios u,
	 TiCentral.Solicitudes s,
	  TiCentral.Comentarios c,
	   TiCentral.TipoUsuario t,
		 TiCentral.Apps a,
		  TiCentral.Usuarios uc
	WHERE s.Id = P_IdSolicitud 
	AND s.IdUsuario = u.Id 
	AND s.Id = c.IdSolicitud 
	AND u.IdTipoUsuario = t.Id
	AND s.IdApp = a.Id
	AND s.CreadoPor = uc.Id;
END ;;
DELIMITER ;
/*!50003 SET sql_mode              = @saved_sql_mode */ ;
/*!50003 SET character_set_client  = @saved_cs_client */ ;
/*!50003 SET character_set_results = @saved_cs_results */ ;
/*!50003 SET collation_connection  = @saved_col_connection */ ;
/*!50003 SET @saved_sql_mode       = @@sql_mode */ ;
/*!50003 SET sql_mode              = 'STRICT_TRANS_TABLES,ERROR_FOR_DIVISION_BY_ZERO,NO_AUTO_CREATE_USER,NO_ENGINE_SUBSTITUTION' */ ;
/*!50003 DROP PROCEDURE IF EXISTS `sp_IniciaSesion` */;
/*!50003 SET @saved_cs_client      = @@character_set_client */ ;
/*!50003 SET @saved_cs_results     = @@character_set_results */ ;
/*!50003 SET @saved_col_connection = @@collation_connection */ ;
/*!50003 SET character_set_client  = utf8mb4 */ ;
/*!50003 SET character_set_results = utf8mb4 */ ;
/*!50003 SET collation_connection  = utf8mb4_general_ci */ ;
DELIMITER ;;
CREATE DEFINER=`root`@`%` PROCEDURE `sp_IniciaSesion`(IN `P_Usuario` VARCHAR ( 50 ))
BEGIN

    SET @UserId = ( SELECT Id FROM TiCentral.Usuarios WHERE NombreUsuario = P_Usuario OR CorreoElectronico = P_Usuario );

    IF ( SELECT EstaActivo FROM TiCentral.Usuarios WHERE NombreUsuario = P_Usuario OR CorreoElectronico = P_Usuario ) = 1 THEN

        SELECT
            US.Id,
						US.Contrasena,
            US.NombreUsuario,
            US.CorreoElectronico,
            E.Id AS IdEntidad,
            E.Nombre AS NombreEntidad,
            TE.Nombre AS NombreTipoEntidad,
            GROUP_CONCAT(DISTINCT CONCAT(R.ControlInterno, '@', R.IdApp)) AS RolesControlInterno
        FROM
            TiCentral.Usuarios US 
        LEFT JOIN TiCentral.UsuarioAplicacion UA ON US.Id = UA.IdUsuario
        LEFT JOIN TiCentral.Entidades E ON UA.IdEntidad = E.Id
        LEFT JOIN TiCentral.TipoEntidades TE ON E.IdTipoEntidad = TE.Id
        LEFT JOIN TiCentral.UsuarioRol UR ON US.Id = UR.IdUsuario
        LEFT JOIN TiCentral.Roles R ON UR.IdRol = R.Id
        WHERE
            (US.NombreUsuario = P_Usuario OR US.CorreoElectronico = P_Usuario)
        GROUP BY US.Id;

        CALL sp_DetalleAppUsuario ( @UserId );

    ELSEIF ( SELECT EstaActivo FROM TiCentral.Usuarios WHERE NombreUsuario = P_Usuario OR CorreoElectronico = P_Usuario ) = 0 THEN
        SELECT
            '401' AS Respuesta,
            'El usuario no está activo.' AS Mensaje;

    END IF;

END ;;
DELIMITER ;
/*!50003 SET sql_mode              = @saved_sql_mode */ ;
/*!50003 SET character_set_client  = @saved_cs_client */ ;
/*!50003 SET character_set_results = @saved_cs_results */ ;
/*!50003 SET collation_connection  = @saved_col_connection */ ;
/*!50003 SET @saved_sql_mode       = @@sql_mode */ ;
/*!50003 SET sql_mode              = 'STRICT_TRANS_TABLES,ERROR_FOR_DIVISION_BY_ZERO,NO_AUTO_CREATE_USER,NO_ENGINE_SUBSTITUTION' */ ;
/*!50003 DROP PROCEDURE IF EXISTS `sp_ListaApp` */;
/*!50003 SET @saved_cs_client      = @@character_set_client */ ;
/*!50003 SET @saved_cs_results     = @@character_set_results */ ;
/*!50003 SET @saved_col_connection = @@collation_connection */ ;
/*!50003 SET character_set_client  = utf8mb4 */ ;
/*!50003 SET character_set_results = utf8mb4 */ ;
/*!50003 SET collation_connection  = utf8mb4_general_ci */ ;
DELIMITER ;;
CREATE DEFINER=`root`@`%` PROCEDURE `sp_ListaApp`(
	IN `P_IdUsuario` CHAR(36)
)
BEGIN

DECLARE Respuesta INT;
SET Respuesta = 201;
SELECT Respuesta,Id, Nombre,Descripcion, Path, EstaActivo, Deleted FROM TiCentral.Apps WHERE Deleted = 0 ORDER BY Nombre ASC;

END ;;
DELIMITER ;
/*!50003 SET sql_mode              = @saved_sql_mode */ ;
/*!50003 SET character_set_client  = @saved_cs_client */ ;
/*!50003 SET character_set_results = @saved_cs_results */ ;
/*!50003 SET collation_connection  = @saved_col_connection */ ;
/*!50003 SET @saved_sql_mode       = @@sql_mode */ ;
/*!50003 SET sql_mode              = 'STRICT_TRANS_TABLES,ERROR_FOR_DIVISION_BY_ZERO,NO_AUTO_CREATE_USER,NO_ENGINE_SUBSTITUTION' */ ;
/*!50003 DROP PROCEDURE IF EXISTS `sp_ListaAppUsuario` */;
/*!50003 SET @saved_cs_client      = @@character_set_client */ ;
/*!50003 SET @saved_cs_results     = @@character_set_results */ ;
/*!50003 SET @saved_col_connection = @@collation_connection */ ;
/*!50003 SET character_set_client  = utf8mb4 */ ;
/*!50003 SET character_set_results = utf8mb4 */ ;
/*!50003 SET collation_connection  = utf8mb4_general_ci */ ;
DELIMITER ;;
CREATE DEFINER=`root`@`%` PROCEDURE `sp_ListaAppUsuario`( IN `P_Id` CHAR ( 36 ) )
BEGIN
	IF
		( SELECT COUNT(*) FROM TiCentral.UsuarioAplicacion WHERE IdUsuario = P_Id ) >= 1 THEN
		SELECT
			UA.Id,
			AP.Nombre Nombre,
			AP.Id IdApp,
			US.Id IdUsuario,
			US.NombreUsuario,
			AP.Path,
			AP.Descripcion,
			AP.EstaActivo,
			US.CorreoElectronico 
		FROM
			TiCentral.Usuarios US
			INNER JOIN TiCentral.UsuarioAplicacion UA ON US.Id = UA.IdUsuario
			INNER JOIN TiCentral.Apps AP ON AP.Id = UA.IdApp 
		WHERE
			US.Id = P_Id 
			AND AP.Deleted = 0 
		ORDER BY
			AP.Nombre;
		ELSE SELECT
			'401' AS Respuesta,
			'tu usuario no tiene aplicaciones vinculadas.' AS Mensaje;
		
	END IF;

END ;;
DELIMITER ;
/*!50003 SET sql_mode              = @saved_sql_mode */ ;
/*!50003 SET character_set_client  = @saved_cs_client */ ;
/*!50003 SET character_set_results = @saved_cs_results */ ;
/*!50003 SET collation_connection  = @saved_col_connection */ ;
/*!50003 SET @saved_sql_mode       = @@sql_mode */ ;
/*!50003 SET sql_mode              = 'STRICT_TRANS_TABLES,ERROR_FOR_DIVISION_BY_ZERO,NO_AUTO_CREATE_USER,NO_ENGINE_SUBSTITUTION' */ ;
/*!50003 DROP PROCEDURE IF EXISTS `sp_ListadoEntidades` */;
/*!50003 SET @saved_cs_client      = @@character_set_client */ ;
/*!50003 SET @saved_cs_results     = @@character_set_results */ ;
/*!50003 SET @saved_col_connection = @@collation_connection */ ;
/*!50003 SET character_set_client  = utf8mb4 */ ;
/*!50003 SET character_set_results = utf8mb4 */ ;
/*!50003 SET collation_connection  = utf8mb4_general_ci */ ;
DELIMITER ;;
CREATE DEFINER=`root`@`%` PROCEDURE `sp_ListadoEntidades`()
BEGIN
    SELECT 
        e.Id AS IdEntidad,
        e.Nombre AS NombreEntidad,
        te.Id AS IdTipoEntidad,
        te.Nombre AS NombreTipoEntidad,
        e.PerteneceA AS IdEntidadPerteneceA,
        p.Nombre AS EntidadPerteneceA -- Obtener el nombre de la entidad a la que pertenece
    FROM Entidades e
    LEFT JOIN TipoEntidades te ON e.IdTipoEntidad = te.Id
    LEFT JOIN Entidades p ON e.PerteneceA = p.Id -- LEFT JOIN adicional para obtener el nombre
    WHERE e.Deleted = 0 ORDER BY e.Nombre; -- Condición para que no estén eliminados
END ;;
DELIMITER ;
/*!50003 SET sql_mode              = @saved_sql_mode */ ;
/*!50003 SET character_set_client  = @saved_cs_client */ ;
/*!50003 SET character_set_results = @saved_cs_results */ ;
/*!50003 SET collation_connection  = @saved_col_connection */ ;
/*!50003 SET @saved_sql_mode       = @@sql_mode */ ;
/*!50003 SET sql_mode              = 'STRICT_TRANS_TABLES,ERROR_FOR_DIVISION_BY_ZERO,NO_AUTO_CREATE_USER,NO_ENGINE_SUBSTITUTION' */ ;
/*!50003 DROP PROCEDURE IF EXISTS `sp_ListaEntidades` */;
/*!50003 SET @saved_cs_client      = @@character_set_client */ ;
/*!50003 SET @saved_cs_results     = @@character_set_results */ ;
/*!50003 SET @saved_col_connection = @@collation_connection */ ;
/*!50003 SET character_set_client  = utf8mb4 */ ;
/*!50003 SET character_set_results = utf8mb4 */ ;
/*!50003 SET collation_connection  = utf8mb4_general_ci */ ;
DELIMITER ;;
CREATE DEFINER=`root`@`%` PROCEDURE `sp_ListaEntidades`()
BEGIN
    SELECT 
        e.Id,
        e.Nombre,
        e.Direccion,
        e.Telefono,
        te.Id AS IdTipoEntidad,
        te.Nombre AS NombreTipoEntidad,
        e.IdTitular,
        COALESCE(CONCAT(u.Nombre,' ', u.ApellidoPaterno,' ',u.ApellidoMaterno), 'Sin asignar') AS Titular,
        e.PerteneceA AS IdEntidadPerteneceA,
        COALESCE( p.Nombre, 'Sin asignar') AS EntidadPerteneceA,
        -- p.Nombre AS EntidadPerteneceA, -- Obtener el nombre de la entidad a la que pertenece
        e.ControlInterno,
        e.ClaveSiregob,
        e.FechaCreacion,
        e.UltimaActualizacion
    FROM Entidades e
    LEFT JOIN TipoEntidades te ON e.IdTipoEntidad = te.Id
    LEFT JOIN Entidades p ON e.PerteneceA = p.Id -- LEFT JOIN adicional para obtener el nombre
		LEFT JOIN Usuarios u ON e.IdTitular = u.Id
    WHERE e.Deleted = 0 ORDER BY e.Nombre; -- Condición para que no estén eliminados
END ;;
DELIMITER ;
/*!50003 SET sql_mode              = @saved_sql_mode */ ;
/*!50003 SET character_set_client  = @saved_cs_client */ ;
/*!50003 SET character_set_results = @saved_cs_results */ ;
/*!50003 SET collation_connection  = @saved_col_connection */ ;
/*!50003 SET @saved_sql_mode       = @@sql_mode */ ;
/*!50003 SET sql_mode              = 'STRICT_TRANS_TABLES,ERROR_FOR_DIVISION_BY_ZERO,NO_AUTO_CREATE_USER,NO_ENGINE_SUBSTITUTION' */ ;
/*!50003 DROP PROCEDURE IF EXISTS `sp_ListaEntidadesSelect` */;
/*!50003 SET @saved_cs_client      = @@character_set_client */ ;
/*!50003 SET @saved_cs_results     = @@character_set_results */ ;
/*!50003 SET @saved_col_connection = @@collation_connection */ ;
/*!50003 SET character_set_client  = utf8mb4 */ ;
/*!50003 SET character_set_results = utf8mb4 */ ;
/*!50003 SET collation_connection  = utf8mb4_general_ci */ ;
DELIMITER ;;
CREATE DEFINER=`root`@`%` PROCEDURE `sp_ListaEntidadesSelect`()
BEGIN
SELECT e.Id,e.Nombre FROM TiCentral.Entidades e;
END ;;
DELIMITER ;
/*!50003 SET sql_mode              = @saved_sql_mode */ ;
/*!50003 SET character_set_client  = @saved_cs_client */ ;
/*!50003 SET character_set_results = @saved_cs_results */ ;
/*!50003 SET collation_connection  = @saved_col_connection */ ;
/*!50003 SET @saved_sql_mode       = @@sql_mode */ ;
/*!50003 SET sql_mode              = 'STRICT_TRANS_TABLES,ERROR_FOR_DIVISION_BY_ZERO,NO_AUTO_CREATE_USER,NO_ENGINE_SUBSTITUTION' */ ;
/*!50003 DROP PROCEDURE IF EXISTS `sp_ListaMenu` */;
/*!50003 SET @saved_cs_client      = @@character_set_client */ ;
/*!50003 SET @saved_cs_results     = @@character_set_results */ ;
/*!50003 SET @saved_col_connection = @@collation_connection */ ;
/*!50003 SET character_set_client  = utf8mb4 */ ;
/*!50003 SET character_set_results = utf8mb4 */ ;
/*!50003 SET collation_connection  = utf8mb4_general_ci */ ;
DELIMITER ;;
CREATE DEFINER=`root`@`%` PROCEDURE `sp_ListaMenu`(
	IN `ch_IdApp` CHAR(36)
)
BEGIN

			SELECT 
				men.Id, 
				men.Menu, 
				men.Descripcion 
			FROM TiCentral.Menus men 
			WHERE men.IdApp=ch_IdApp AND men.Deleted=0 ORDER BY men.Descripcion ASC;

END ;;
DELIMITER ;
/*!50003 SET sql_mode              = @saved_sql_mode */ ;
/*!50003 SET character_set_client  = @saved_cs_client */ ;
/*!50003 SET character_set_results = @saved_cs_results */ ;
/*!50003 SET collation_connection  = @saved_col_connection */ ;
/*!50003 SET @saved_sql_mode       = @@sql_mode */ ;
/*!50003 SET sql_mode              = 'STRICT_TRANS_TABLES,ERROR_FOR_DIVISION_BY_ZERO,NO_AUTO_CREATE_USER,NO_ENGINE_SUBSTITUTION' */ ;
/*!50003 DROP PROCEDURE IF EXISTS `sp_ListaMenuRol` */;
/*!50003 SET @saved_cs_client      = @@character_set_client */ ;
/*!50003 SET @saved_cs_results     = @@character_set_results */ ;
/*!50003 SET @saved_col_connection = @@collation_connection */ ;
/*!50003 SET character_set_client  = utf8mb4 */ ;
/*!50003 SET character_set_results = utf8mb4 */ ;
/*!50003 SET collation_connection  = utf8mb4_general_ci */ ;
DELIMITER ;;
CREATE DEFINER=`root`@`%` PROCEDURE `sp_ListaMenuRol`(
	IN `ch_IdRol` CHAR(36)
)
BEGIN
	SELECT 
		rolmen.Id AS IdRelacion, 
		men.Id, men.Menu, 
		men.Descripcion  
	FROM TiCentral.RolMenus rolmen
	INNER JOIN TiCentral.Menus men ON men.Id = rolmen.idMenu
  WHERE rolmen.idRol=ch_IdRol ORDER BY men.Descripcion;

	
END ;;
DELIMITER ;
/*!50003 SET sql_mode              = @saved_sql_mode */ ;
/*!50003 SET character_set_client  = @saved_cs_client */ ;
/*!50003 SET character_set_results = @saved_cs_results */ ;
/*!50003 SET collation_connection  = @saved_col_connection */ ;
/*!50003 SET @saved_sql_mode       = @@sql_mode */ ;
/*!50003 SET sql_mode              = 'STRICT_TRANS_TABLES,ERROR_FOR_DIVISION_BY_ZERO,NO_AUTO_CREATE_USER,NO_ENGINE_SUBSTITUTION' */ ;
/*!50003 DROP PROCEDURE IF EXISTS `sp_ListaPermisosMenu` */;
/*!50003 SET @saved_cs_client      = @@character_set_client */ ;
/*!50003 SET @saved_cs_results     = @@character_set_results */ ;
/*!50003 SET @saved_col_connection = @@collation_connection */ ;
/*!50003 SET character_set_client  = utf8mb4 */ ;
/*!50003 SET character_set_results = utf8mb4 */ ;
/*!50003 SET collation_connection  = utf8mb4_general_ci */ ;
DELIMITER ;;
CREATE DEFINER=`root`@`%` PROCEDURE `sp_ListaPermisosMenu`(
	IN `ch_IdMenu` CHAR(36),
	IN `ch_IdApp` CHAR(36)
)
BEGIN

	SELECT per.Id,per.Permiso,per.Descripcion,per.IdMenu,per.IdApp, per.ControlInterno
	FROM  TiCentral.Permisos per 
	WHERE per.IdMenu=ch_IdMenu AND  per.IdApp=ch_IdApp AND  per.Deleted=0 
	ORDER BY per.Descripcion ASC;

END ;;
DELIMITER ;
/*!50003 SET sql_mode              = @saved_sql_mode */ ;
/*!50003 SET character_set_client  = @saved_cs_client */ ;
/*!50003 SET character_set_results = @saved_cs_results */ ;
/*!50003 SET collation_connection  = @saved_col_connection */ ;
/*!50003 SET @saved_sql_mode       = @@sql_mode */ ;
/*!50003 SET sql_mode              = 'STRICT_TRANS_TABLES,ERROR_FOR_DIVISION_BY_ZERO,NO_AUTO_CREATE_USER,NO_ENGINE_SUBSTITUTION' */ ;
/*!50003 DROP PROCEDURE IF EXISTS `sp_ListaPermisosMenuRol` */;
/*!50003 SET @saved_cs_client      = @@character_set_client */ ;
/*!50003 SET @saved_cs_results     = @@character_set_results */ ;
/*!50003 SET @saved_col_connection = @@collation_connection */ ;
/*!50003 SET character_set_client  = utf8mb4 */ ;
/*!50003 SET character_set_results = utf8mb4 */ ;
/*!50003 SET collation_connection  = utf8mb4_general_ci */ ;
DELIMITER ;;
CREATE DEFINER=`root`@`%` PROCEDURE `sp_ListaPermisosMenuRol`(
	IN `ch_IdMenu` CHAR(36),
	IN `ch_IdRol` CHAR(36)
)
BEGIN

	SELECT menper.Id AS IdRelacion,per.Id,per.Permiso,per.Descripcion,per.IdMenu,per.IdApp, per.ControlInterno
	FROM TiCentral.MenuPermisos menper 
	INNER JOIN TiCentral.Permisos per ON  per.Id=menper.idPermiso 
	WHERE menper.idMenu=ch_IdMenu AND menper.idRol=ch_IdRol AND menper.Deleted=0 ORDER BY per.Descripcion ASC;

END ;;
DELIMITER ;
/*!50003 SET sql_mode              = @saved_sql_mode */ ;
/*!50003 SET character_set_client  = @saved_cs_client */ ;
/*!50003 SET character_set_results = @saved_cs_results */ ;
/*!50003 SET collation_connection  = @saved_col_connection */ ;
/*!50003 SET @saved_sql_mode       = @@sql_mode */ ;
/*!50003 SET sql_mode              = 'STRICT_TRANS_TABLES,ERROR_FOR_DIVISION_BY_ZERO,NO_AUTO_CREATE_USER,NO_ENGINE_SUBSTITUTION' */ ;
/*!50003 DROP PROCEDURE IF EXISTS `sp_ListaPorCatalogo` */;
/*!50003 SET @saved_cs_client      = @@character_set_client */ ;
/*!50003 SET @saved_cs_results     = @@character_set_results */ ;
/*!50003 SET @saved_col_connection = @@collation_connection */ ;
/*!50003 SET character_set_client  = utf8mb4 */ ;
/*!50003 SET character_set_results = utf8mb4 */ ;
/*!50003 SET collation_connection  = utf8mb4_general_ci */ ;
DELIMITER ;;
CREATE DEFINER=`root`@`%` PROCEDURE `sp_ListaPorCatalogo`(
	IN `st_Tabla` VARCHAR(100),
	IN `st_ValorCondicion` LONGTEXT
)
BEGIN
	CASE
		when (st_Tabla='Entidades') then 
			SELECT
				ent.Id,
				ent.Nombre AS Label
			FROM TiCentral.Entidades ent ORDER BY Label;
	END CASE;
END ;;
DELIMITER ;
/*!50003 SET sql_mode              = @saved_sql_mode */ ;
/*!50003 SET character_set_client  = @saved_cs_client */ ;
/*!50003 SET character_set_results = @saved_cs_results */ ;
/*!50003 SET collation_connection  = @saved_col_connection */ ;
/*!50003 SET @saved_sql_mode       = @@sql_mode */ ;
/*!50003 SET sql_mode              = 'STRICT_TRANS_TABLES,ERROR_FOR_DIVISION_BY_ZERO,NO_AUTO_CREATE_USER,NO_ENGINE_SUBSTITUTION' */ ;
/*!50003 DROP PROCEDURE IF EXISTS `sp_ListaRoles` */;
/*!50003 SET @saved_cs_client      = @@character_set_client */ ;
/*!50003 SET @saved_cs_results     = @@character_set_results */ ;
/*!50003 SET @saved_col_connection = @@collation_connection */ ;
/*!50003 SET character_set_client  = utf8mb4 */ ;
/*!50003 SET character_set_results = utf8mb4 */ ;
/*!50003 SET collation_connection  = utf8mb4_general_ci */ ;
DELIMITER ;;
CREATE DEFINER=`root`@`%` PROCEDURE `sp_ListaRoles`(
	IN `ch_IdApp` CHAR(36)
)
BEGIN


			SELECT
			R.Id,
			R.Nombre,
			R.Descripcion,
			R.ControlInterno,
			R.Deleted
			FROM  TiCentral.Roles R
			WHERE R.IdApp=ch_IdApp AND R.Deleted=0
			ORDER BY R.Nombre ASC;

	
END ;;
DELIMITER ;
/*!50003 SET sql_mode              = @saved_sql_mode */ ;
/*!50003 SET character_set_client  = @saved_cs_client */ ;
/*!50003 SET character_set_results = @saved_cs_results */ ;
/*!50003 SET collation_connection  = @saved_col_connection */ ;
/*!50003 SET @saved_sql_mode       = @@sql_mode */ ;
/*!50003 SET sql_mode              = 'STRICT_TRANS_TABLES,ERROR_FOR_DIVISION_BY_ZERO,NO_AUTO_CREATE_USER,NO_ENGINE_SUBSTITUTION' */ ;
/*!50003 DROP PROCEDURE IF EXISTS `sp_ListaSolicitudes` */;
/*!50003 SET @saved_cs_client      = @@character_set_client */ ;
/*!50003 SET @saved_cs_results     = @@character_set_results */ ;
/*!50003 SET @saved_col_connection = @@collation_connection */ ;
/*!50003 SET character_set_client  = utf8mb4 */ ;
/*!50003 SET character_set_results = utf8mb4 */ ;
/*!50003 SET collation_connection  = utf8mb4_general_ci */ ;
DELIMITER ;;
CREATE DEFINER=`root`@`%` PROCEDURE `sp_ListaSolicitudes`(
	IN `P_IdUsuarioSolicitante` CHAR(36)
)
BEGIN

		SELECT 
		'201' AS Respuesta,
		'Ok' AS Mensaje,  
		s.Id, 
		concat(s.Nombre,' ', s.ApellidoPaterno) as NombreUsuario, 
      s.Estatus, 
		s.TipoSolicitud, 
		ts.tipoSoli,
		s.CreadoPor, 
		concat(uC.Nombre,' ',uC.ApellidoPaterno) as NombreSolicitante, 
		s.FechaDeCreacion, 
		s.UltimaModificacion, 
		s.ModificadoPor, 
		s.IdApp, 
		a.Nombre AS AppNombre,
		"Roles" AS Roles,
		s.IdTipoUsuario,
		s.PuedeFirmar,
		s.IdEntidad	
		FROM TiCentral.Solicitudes s
        INNER JOIN TiCentral.Apps a ON a.Id = s.IdApp
        INNER JOIN TiCentral.Usuarios uC ON uC.Id = s.CreadoPor
        INNER JOIN TiCentral.TipoSolicitud ts ON ts.id = s.TipoSolicitud
      WHERE s.Estatus = 0
		ORDER BY s.FechaDeCreacion DESC;        
	
END ;;
DELIMITER ;
/*!50003 SET sql_mode              = @saved_sql_mode */ ;
/*!50003 SET character_set_client  = @saved_cs_client */ ;
/*!50003 SET character_set_results = @saved_cs_results */ ;
/*!50003 SET collation_connection  = @saved_col_connection */ ;
/*!50003 SET @saved_sql_mode       = @@sql_mode */ ;
/*!50003 SET sql_mode              = 'STRICT_TRANS_TABLES,ERROR_FOR_DIVISION_BY_ZERO,NO_AUTO_CREATE_USER,NO_ENGINE_SUBSTITUTION' */ ;
/*!50003 DROP PROCEDURE IF EXISTS `sp_ListaSolicitudesApp` */;
/*!50003 SET @saved_cs_client      = @@character_set_client */ ;
/*!50003 SET @saved_cs_results     = @@character_set_results */ ;
/*!50003 SET @saved_col_connection = @@collation_connection */ ;
/*!50003 SET character_set_client  = utf8mb4 */ ;
/*!50003 SET character_set_results = utf8mb4 */ ;
/*!50003 SET collation_connection  = utf8mb4_general_ci */ ;
DELIMITER ;;
CREATE DEFINER=`root`@`%` PROCEDURE `sp_ListaSolicitudesApp`(
	IN `P_IdUsuarioSolicitante` CHAR(36),
	IN `P_IdApp` CHAR(36)
)
BEGIN

		SELECT '201' AS Respuesta,'Ok' AS Mensaje,  
		  s.Id, concat(s.Nombre,' ', s.ApellidoPaterno) as NombreUsuario, 
        s.Estatus, 
		  s.TipoSolicitud, 
		  ts.tipoSoli,
		  s.CreadoPor, 
		  concat(uC.Nombre,' ',uC.ApellidoPaterno) as NombreSolicitante, 
		  DATE_FORMAT(s.FechaDeCreacion, '%d/%m/%Y')  AS FechaDeCreacion, 
		  DATE_FORMAT(s.UltimaModificacion, '%d/%m/%Y') AS UltimaModificacion, 
		  s.ModificadoPor, 
		  s.IdApp, 
		  a.Nombre AS AppNombre		
		FROM TiCentral.Solicitudes s
        INNER JOIN TiCentral.Apps a ON a.Id = P_IdApp AND s.IdApp = a.Id
        INNER JOIN TiCentral.Usuarios uC ON uC.Id = s.CreadoPor
        INNER JOIN TiCentral.TipoSolicitud ts ON ts.id = s.TipoSolicitud
      ORDER BY s.FechaDeCreacion DESC;
    
END ;;
DELIMITER ;
/*!50003 SET sql_mode              = @saved_sql_mode */ ;
/*!50003 SET character_set_client  = @saved_cs_client */ ;
/*!50003 SET character_set_results = @saved_cs_results */ ;
/*!50003 SET collation_connection  = @saved_col_connection */ ;
/*!50003 SET @saved_sql_mode       = @@sql_mode */ ;
/*!50003 SET sql_mode              = 'STRICT_TRANS_TABLES,ERROR_FOR_DIVISION_BY_ZERO,NO_AUTO_CREATE_USER,NO_ENGINE_SUBSTITUTION' */ ;
/*!50003 DROP PROCEDURE IF EXISTS `sp_ListaTipoEntidades` */;
/*!50003 SET @saved_cs_client      = @@character_set_client */ ;
/*!50003 SET @saved_cs_results     = @@character_set_results */ ;
/*!50003 SET @saved_col_connection = @@collation_connection */ ;
/*!50003 SET character_set_client  = utf8mb4 */ ;
/*!50003 SET character_set_results = utf8mb4 */ ;
/*!50003 SET collation_connection  = utf8mb4_general_ci */ ;
DELIMITER ;;
CREATE DEFINER=`root`@`%` PROCEDURE `sp_ListaTipoEntidades`()
BEGIN

			SELECT
			tpo.Id,
			tpo.Nombre,
			tpo.Descripcion,
			tpo.Deleted
		FROM  TiCentral.TipoEntidades tpo WHERE tpo.Deleted = 0 ORDER BY tpo.Nombre;

	
END ;;
DELIMITER ;
/*!50003 SET sql_mode              = @saved_sql_mode */ ;
/*!50003 SET character_set_client  = @saved_cs_client */ ;
/*!50003 SET character_set_results = @saved_cs_results */ ;
/*!50003 SET collation_connection  = @saved_col_connection */ ;
/*!50003 SET @saved_sql_mode       = @@sql_mode */ ;
/*!50003 SET sql_mode              = 'STRICT_TRANS_TABLES,ERROR_FOR_DIVISION_BY_ZERO,NO_AUTO_CREATE_USER,NO_ENGINE_SUBSTITUTION' */ ;
/*!50003 DROP PROCEDURE IF EXISTS `sp_ListaTipoSolicitud` */;
/*!50003 SET @saved_cs_client      = @@character_set_client */ ;
/*!50003 SET @saved_cs_results     = @@character_set_results */ ;
/*!50003 SET @saved_col_connection = @@collation_connection */ ;
/*!50003 SET character_set_client  = utf8mb4 */ ;
/*!50003 SET character_set_results = utf8mb4 */ ;
/*!50003 SET collation_connection  = utf8mb4_general_ci */ ;
DELIMITER ;;
CREATE DEFINER=`root`@`%` PROCEDURE `sp_ListaTipoSolicitud`(
	IN `ch_IdUsuario` CHAR(36)
)
BEGIN
	IF (SELECT COUNT(*) FROM Usuarios WHERE Id = ch_IdUsuario  ) >= 1 THEN 	
		Select id, tipoSoli from TiCentral.TipoSolicitud;
	Else 
		SELECT 'Acceso denegado' AS error;
		END IF;
END ;;
DELIMITER ;
/*!50003 SET sql_mode              = @saved_sql_mode */ ;
/*!50003 SET character_set_client  = @saved_cs_client */ ;
/*!50003 SET character_set_results = @saved_cs_results */ ;
/*!50003 SET collation_connection  = @saved_col_connection */ ;
/*!50003 SET @saved_sql_mode       = @@sql_mode */ ;
/*!50003 SET sql_mode              = 'STRICT_TRANS_TABLES,ERROR_FOR_DIVISION_BY_ZERO,NO_AUTO_CREATE_USER,NO_ENGINE_SUBSTITUTION' */ ;
/*!50003 DROP PROCEDURE IF EXISTS `sp_ListaTipoUsuario` */;
/*!50003 SET @saved_cs_client      = @@character_set_client */ ;
/*!50003 SET @saved_cs_results     = @@character_set_results */ ;
/*!50003 SET @saved_col_connection = @@collation_connection */ ;
/*!50003 SET character_set_client  = utf8mb4 */ ;
/*!50003 SET character_set_results = utf8mb4 */ ;
/*!50003 SET collation_connection  = utf8mb4_general_ci */ ;
DELIMITER ;;
CREATE DEFINER=`root`@`%` PROCEDURE `sp_ListaTipoUsuario`(
	IN `ch_IdApp` VARCHAR(36)
)
BEGIN

	 SELECT ap.Nombre INTO @App FROM TiCentral.Apps ap WHERE ap.Id=ch_IdApp;
	 if (@App = 'PLATAFORMA DE ACCESO ÚNICO Y APLICACIONES') then
		SELECT tipo.Id, tipo.Nombre, tipo.Descripcion FROM TiCentral.TipoUsuario AS tipo ORDER BY tipo.Nombre ;
		else
		SELECT tipo.Id, tipo.Nombre, tipo.Descripcion FROM TiCentral.TipoUsuario AS tipo WHERE tipo.Nombre != 'AdminGeneral' ORDER BY tipo.Nombre;
	 END if;
END ;;
DELIMITER ;
/*!50003 SET sql_mode              = @saved_sql_mode */ ;
/*!50003 SET character_set_client  = @saved_cs_client */ ;
/*!50003 SET character_set_results = @saved_cs_results */ ;
/*!50003 SET collation_connection  = @saved_col_connection */ ;
/*!50003 SET @saved_sql_mode       = @@sql_mode */ ;
/*!50003 SET sql_mode              = 'STRICT_TRANS_TABLES,ERROR_FOR_DIVISION_BY_ZERO,NO_AUTO_CREATE_USER,NO_ENGINE_SUBSTITUTION' */ ;
/*!50003 DROP PROCEDURE IF EXISTS `sp_ListaUsuarioEntidades` */;
/*!50003 SET @saved_cs_client      = @@character_set_client */ ;
/*!50003 SET @saved_cs_results     = @@character_set_results */ ;
/*!50003 SET @saved_col_connection = @@collation_connection */ ;
/*!50003 SET character_set_client  = utf8mb4 */ ;
/*!50003 SET character_set_results = utf8mb4 */ ;
/*!50003 SET collation_connection  = utf8mb4_general_ci */ ;
DELIMITER ;;
CREATE DEFINER=`root`@`%` PROCEDURE `sp_ListaUsuarioEntidades`(
    IN `ch_IdUsuario` CHAR(36),
    IN `ch_IdApp` CHAR(36)
)
BEGIN
    DECLARE ExisteUsuario INT DEFAULT 0;
    DECLARE UsuarioActivo INT DEFAULT 0;
    DECLARE UsuarioEliminado INT DEFAULT 0;

    -- Verificando si el usuario existe.
    SELECT COUNT(*) INTO ExisteUsuario 
    FROM Usuarios u 
    WHERE u.Id= ch_IdUsuario;

    -- Verificando si el usuario está activo.
    SELECT COUNT(*) INTO UsuarioActivo 
    FROM Usuarios u 
    WHERE u.Id= ch_IdUsuario AND u.EstaActivo = 1;

    -- Verificando si el usuario fue eliminado.
    SELECT COUNT(*) INTO UsuarioEliminado 
    FROM Usuarios u 
    WHERE u.Id= ch_IdUsuario AND u.Deleted = 1;

    -- Realizamos las validaciones y retornamos mensajes de error según corresponda.
    IF ExisteUsuario != 1 THEN
        SELECT 'Error: Usuario no encontrado' AS Error;
    ELSEIF UsuarioEliminado = 1 THEN
        SELECT 'Error: El usuario ha sido eliminado' AS Error;
    ELSEIF UsuarioActivo != 1 THEN
        SELECT 'Error: El usuario está inactivo' AS Error;
    ELSE
        -- Aquí va tu consulta recursiva
        WITH RECURSIVE CTE AS (
            SELECT 
                e.Id, 
                e.Nombre, 
                e.PerteneceA, 
                te.Nombre AS NombreTipoEntidad,
                0 AS Nivel
            FROM Entidades e
            JOIN UsuarioAplicacion ua ON e.Id = ua.IdEntidad
            JOIN TipoEntidades te ON e.IdTipoEntidad = te.Id
            WHERE ua.IdUsuario = ch_IdUsuario AND ua.IdApp = ch_IdApp
            UNION ALL
            SELECT 
                e2.Id, 
                e2.Nombre, 
                e2.PerteneceA, 
                te2.Nombre AS NombreTipoEntidad,
                c.Nivel + 1
            FROM Entidades e2
            JOIN CTE c ON e2.Id = c.PerteneceA
            JOIN TipoEntidades te2 ON e2.IdTipoEntidad = te2.Id
        )
        SELECT Id, Nombre, NombreTipoEntidad, Nivel FROM CTE;
    END IF;
END ;;
DELIMITER ;
/*!50003 SET sql_mode              = @saved_sql_mode */ ;
/*!50003 SET character_set_client  = @saved_cs_client */ ;
/*!50003 SET character_set_results = @saved_cs_results */ ;
/*!50003 SET collation_connection  = @saved_col_connection */ ;
/*!50003 SET @saved_sql_mode       = @@sql_mode */ ;
/*!50003 SET sql_mode              = 'STRICT_TRANS_TABLES,ERROR_FOR_DIVISION_BY_ZERO,NO_AUTO_CREATE_USER,NO_ENGINE_SUBSTITUTION' */ ;
/*!50003 DROP PROCEDURE IF EXISTS `sp_ListaUsuarioRolApp` */;
/*!50003 SET @saved_cs_client      = @@character_set_client */ ;
/*!50003 SET @saved_cs_results     = @@character_set_results */ ;
/*!50003 SET @saved_col_connection = @@collation_connection */ ;
/*!50003 SET character_set_client  = utf8mb4 */ ;
/*!50003 SET character_set_results = utf8mb4 */ ;
/*!50003 SET collation_connection  = utf8mb4_general_ci */ ;
DELIMITER ;;
CREATE DEFINER=`root`@`%` PROCEDURE `sp_ListaUsuarioRolApp`(
	IN `P_IdApp` CHAR(36)
)
BEGIN

	SELECT 
		u.Id, 
		u.Nombre,
		u.ApellidoPaterno,
		u.ApellidoMaterno,
		u.NombreUsuario,
		u.CorreoElectronico,
		u.Puesto,
		u.CURP,
		u.RFC,
		u.Telefono,
		u.Ext,
		u.Celular,
		u.IdTipoUsuario,
		ua.IdEntidad,
		e.Nombre AS Entidad,
		ur.IdRol,
		r.Nombre AS Rol
	FROM  TiCentral.Apps a
		INNER JOIN TiCentral.UsuarioAplicacion ua ON ua.IdApp = a.Id
		INNER JOIN TiCentral.Usuarios u ON ua.IdUsuario = u.Id
		LEFT  JOIN TiCentral.Entidades e ON ua.IdEntidad = e.Id
		LEFT JOIN TiCentral.UsuarioRol ur ON ur.IdUsuario = u.Id
		LEFT JOIN TiCentral.Roles r ON ur.IdRol = r.Id
	WHERE a.Id = P_IdApp GROUP BY u.NombreUsuario;

END ;;
DELIMITER ;
/*!50003 SET sql_mode              = @saved_sql_mode */ ;
/*!50003 SET character_set_client  = @saved_cs_client */ ;
/*!50003 SET character_set_results = @saved_cs_results */ ;
/*!50003 SET collation_connection  = @saved_col_connection */ ;
/*!50003 SET @saved_sql_mode       = @@sql_mode */ ;
/*!50003 SET sql_mode              = 'STRICT_TRANS_TABLES,ERROR_FOR_DIVISION_BY_ZERO,NO_AUTO_CREATE_USER,NO_ENGINE_SUBSTITUTION' */ ;
/*!50003 DROP PROCEDURE IF EXISTS `sp_ListaUsuarios` */;
/*!50003 SET @saved_cs_client      = @@character_set_client */ ;
/*!50003 SET @saved_cs_results     = @@character_set_results */ ;
/*!50003 SET @saved_col_connection = @@collation_connection */ ;
/*!50003 SET character_set_client  = utf8mb4 */ ;
/*!50003 SET character_set_results = utf8mb4 */ ;
/*!50003 SET collation_connection  = utf8mb4_general_ci */ ;
DELIMITER ;;
CREATE DEFINER=`root`@`%` PROCEDURE `sp_ListaUsuarios`(
	IN `P_IdUsuario` CHAR(37)
)
BEGIN
	DECLARE P_NombreTipoUsuario CHAR(36);
	DECLARE Respuesta INT;
    
		SELECT 
		US.Id, 
		US.EstaActivo, 
		US.Nombre, 
		US.ApellidoPaterno,
		US.ApellidoMaterno, 
		US.NombreUsuario, 
		US.CorreoElectronico, 
		US.Puesto,
		US.Curp, 
		US.Rfc, 
		US.Telefono, 
		US.Ext, 
		US.Celular, 
		US.IdTipoUsuario,
		US.PuedeFirmar,
		US.CreadoPor,
		US.ModificadoPor, 
		(SELECT NombreUsuario FROM TiCentral.Usuarios WHERE Id = US.ModificadoPor) AS NombreModificadoPor,
		(SELECT NombreUsuario FROM TiCentral.Usuarios WHERE Id = US.CreadoPor) AS NombreCreadoPor 
		FROM TiCentral.Usuarios US 
		WHERE Deleted = 0 
		ORDER BY US.Nombre ASC;

END ;;
DELIMITER ;
/*!50003 SET sql_mode              = @saved_sql_mode */ ;
/*!50003 SET character_set_client  = @saved_cs_client */ ;
/*!50003 SET character_set_results = @saved_cs_results */ ;
/*!50003 SET collation_connection  = @saved_col_connection */ ;
/*!50003 SET @saved_sql_mode       = @@sql_mode */ ;
/*!50003 SET sql_mode              = 'STRICT_TRANS_TABLES,ERROR_FOR_DIVISION_BY_ZERO,NO_AUTO_CREATE_USER,NO_ENGINE_SUBSTITUTION' */ ;
/*!50003 DROP PROCEDURE IF EXISTS `sp_ListaUsuariosApp` */;
/*!50003 SET @saved_cs_client      = @@character_set_client */ ;
/*!50003 SET @saved_cs_results     = @@character_set_results */ ;
/*!50003 SET @saved_col_connection = @@collation_connection */ ;
/*!50003 SET character_set_client  = utf8mb4 */ ;
/*!50003 SET character_set_results = utf8mb4 */ ;
/*!50003 SET collation_connection  = utf8mb4_general_ci */ ;
DELIMITER ;;
CREATE DEFINER=`root`@`%` PROCEDURE `sp_ListaUsuariosApp`(
    IN `ch_IdApp` CHAR(36)
)
BEGIN
    SELECT
        u.*,
        E.Nombre AS Dependencia,
        TU.Nombre AS TipoUsuario
    FROM TiCentral.Usuarios u
    INNER JOIN TiCentral.UsuarioAplicacion ua ON u.Id = ua.IdUsuario
    LEFT JOIN TiCentral.Entidades E ON ua.IdEntidad = E.Id
    LEFT JOIN TiCentral.TipoUsuario TU ON u.IdTipoUsuario = TU.Id
    WHERE ua.IdApp = ch_IdApp;
END ;;
DELIMITER ;
/*!50003 SET sql_mode              = @saved_sql_mode */ ;
/*!50003 SET character_set_client  = @saved_cs_client */ ;
/*!50003 SET character_set_results = @saved_cs_results */ ;
/*!50003 SET collation_connection  = @saved_col_connection */ ;
/*!50003 SET @saved_sql_mode       = @@sql_mode */ ;
/*!50003 SET sql_mode              = 'STRICT_TRANS_TABLES,ERROR_FOR_DIVISION_BY_ZERO,NO_AUTO_CREATE_USER,NO_ENGINE_SUBSTITUTION' */ ;
/*!50003 DROP PROCEDURE IF EXISTS `sp_ListaUsuariosAsignables` */;
/*!50003 SET @saved_cs_client      = @@character_set_client */ ;
/*!50003 SET @saved_cs_results     = @@character_set_results */ ;
/*!50003 SET @saved_col_connection = @@collation_connection */ ;
/*!50003 SET character_set_client  = utf8mb4 */ ;
/*!50003 SET character_set_results = utf8mb4 */ ;
/*!50003 SET collation_connection  = utf8mb4_general_ci */ ;
DELIMITER ;;
CREATE DEFINER=`root`@`%` PROCEDURE `sp_ListaUsuariosAsignables`()
BEGIN

--	SELECT U.IdTipoUsuario INTO @IdTpoUSer FROM TiCentral.Usuarios U  WHERE U.Id=ch_IdUsuario;
--	SELECT Tpo.Id INTO @IdAdminPlataforma FROM TiCentral.TipoUsuario Tpo  WHERE Tpo.Nombre = 'AdminPlataforma';
--	SELECT Tpo.Id INTO @IdAdminGeneral FROM TiCentral.TipoUsuario Tpo  WHERE Tpo.Nombre ='AdminGeneral';

--	IF(@IdTpoUSer=@IdAdminPlataforma OR @IdTpoUSer=@IdAdminGeneral)THEN
			SELECT
			U.Id,
			UCASE(CONCAT(U.Nombre,' ',U.ApellidoPaterno,' ',U.ApellidoMaterno)) AS Nombre
		FROM  TiCentral.Usuarios U WHERE U.Deleted=0;
--	ELSE
--			SIGNAL SQLSTATE '45000' SET MESSAGE_TEXT = 'permiso denegado';
--	END IF;
	
END ;;
DELIMITER ;
/*!50003 SET sql_mode              = @saved_sql_mode */ ;
/*!50003 SET character_set_client  = @saved_cs_client */ ;
/*!50003 SET character_set_results = @saved_cs_results */ ;
/*!50003 SET collation_connection  = @saved_col_connection */ ;
/*!50003 SET @saved_sql_mode       = @@sql_mode */ ;
/*!50003 SET sql_mode              = 'STRICT_TRANS_TABLES,ERROR_FOR_DIVISION_BY_ZERO,NO_AUTO_CREATE_USER,NO_ENGINE_SUBSTITUTION' */ ;
/*!50003 DROP PROCEDURE IF EXISTS `sp_ListaUsuariosRol` */;
/*!50003 SET @saved_cs_client      = @@character_set_client */ ;
/*!50003 SET @saved_cs_results     = @@character_set_results */ ;
/*!50003 SET @saved_col_connection = @@collation_connection */ ;
/*!50003 SET character_set_client  = utf8mb4 */ ;
/*!50003 SET character_set_results = utf8mb4 */ ;
/*!50003 SET collation_connection  = utf8mb4_general_ci */ ;
DELIMITER ;;
CREATE DEFINER=`root`@`%` PROCEDURE `sp_ListaUsuariosRol`(
    IN `ch_ControlInterno` CHAR(36),
    IN `ch_IdApp` CHAR(36)
)
BEGIN

    -- Consulta principal.
    SELECT U.Id,  CONCAT(U.Nombre, ' ', U.ApellidoPaterno, ' ', U.ApellidoMaterno) AS Nombre, U.Puesto, TU.Nombre AS TipoUsuario
    FROM Usuarios U
    JOIN UsuarioRol RU ON U.Id = RU.IdUsuario
    JOIN Roles R ON RU.IdRol = R.Id
    JOIN UsuarioAplicacion UA ON U.Id = UA.IdUsuario
    JOIN Apps A ON UA.IdApp = A.Id
		JOIN TipoUsuario TU ON U.IdTipoUsuario = TU.Id
    WHERE R.ControlInterno = ch_ControlInterno AND A.Id = ch_IdApp
    AND U.Deleted = 0;

END ;;
DELIMITER ;
/*!50003 SET sql_mode              = @saved_sql_mode */ ;
/*!50003 SET character_set_client  = @saved_cs_client */ ;
/*!50003 SET character_set_results = @saved_cs_results */ ;
/*!50003 SET collation_connection  = @saved_col_connection */ ;
/*!50003 SET @saved_sql_mode       = @@sql_mode */ ;
/*!50003 SET sql_mode              = 'STRICT_TRANS_TABLES,ERROR_FOR_DIVISION_BY_ZERO,NO_AUTO_CREATE_USER,NO_ENGINE_SUBSTITUTION' */ ;
/*!50003 DROP PROCEDURE IF EXISTS `sp_ModificaApp` */;
/*!50003 SET @saved_cs_client      = @@character_set_client */ ;
/*!50003 SET @saved_cs_results     = @@character_set_results */ ;
/*!50003 SET @saved_col_connection = @@collation_connection */ ;
/*!50003 SET character_set_client  = utf8mb4 */ ;
/*!50003 SET character_set_results = utf8mb4 */ ;
/*!50003 SET collation_connection  = utf8mb4_general_ci */ ;
DELIMITER ;;
CREATE DEFINER=`root`@`%` PROCEDURE `sp_ModificaApp`(
	IN `P_Id` CHAR(36),
	IN `P_Nombre` VARCHAR(30),
	IN `P_Path` VARCHAR(30),
	IN `P_IdUsuario` CHAR(36),
	IN `P_Descripcion` INT
)
BEGIN
	
	   DECLARE Respuesta INT;
   
		UPDATE 
		TiCentral.Apps SET 
		Nombre = P_Nombre,
		Path = P_Path ,
		UltimaModificacion = CURRENT_TIMESTAMP(),
		ModificadoPor = P_IdUsuario,
		Descripcion = P_Descripcion
		WHERE Id = P_Id;	
			
      SET Respuesta = 201;        
		SELECT Respuesta,'Ok' as Mensaje,TiCentral.Apps.* FROM TiCentral.Apps
		WHERE Id = P_Id;
  
END ;;
DELIMITER ;
/*!50003 SET sql_mode              = @saved_sql_mode */ ;
/*!50003 SET character_set_client  = @saved_cs_client */ ;
/*!50003 SET character_set_results = @saved_cs_results */ ;
/*!50003 SET collation_connection  = @saved_col_connection */ ;
/*!50003 SET @saved_sql_mode       = @@sql_mode */ ;
/*!50003 SET sql_mode              = 'STRICT_TRANS_TABLES,ERROR_FOR_DIVISION_BY_ZERO,NO_AUTO_CREATE_USER,NO_ENGINE_SUBSTITUTION' */ ;
/*!50003 DROP PROCEDURE IF EXISTS `sp_ModificaEntidad` */;
/*!50003 SET @saved_cs_client      = @@character_set_client */ ;
/*!50003 SET @saved_cs_results     = @@character_set_results */ ;
/*!50003 SET @saved_col_connection = @@collation_connection */ ;
/*!50003 SET character_set_client  = utf8mb4 */ ;
/*!50003 SET character_set_results = utf8mb4 */ ;
/*!50003 SET collation_connection  = utf8mb4_general_ci */ ;
DELIMITER ;;
CREATE DEFINER=`root`@`%` PROCEDURE `sp_ModificaEntidad`(
	IN `ch_IdEntidad` CHAR(36),
	IN `st_Nombre` VARCHAR(200),
	IN `st_Direccion` LONGTEXT,
	IN `st_Telefono` VARCHAR(10),
	IN `st_ControlInterno` VARCHAR(50),
	IN `ch_IdTipoEntidad` CHAR(36),
	IN `ch_IdTitular` CHAR(36),
	IN `ch_PerteneceA` CHAR(36),
	IN `ch_ModificadoPor` CHAR(36)
)
proc:BEGIN


		IF((SELECT COUNT(*) FROM  TiCentral.Entidades  WHERE  Id=ch_IdEntidad) = 1 )THEN
			UPDATE 
			TiCentral.Entidades SET 
			Nombre = st_Nombre,
			Direccion = st_Direccion,
			Telefono=st_Telefono,
			ControlInterno=st_ControlInterno,
			IdTipoEntidad=ch_IdTipoEntidad,
			IdTitular=ch_IdTitular,
			PerteneceA=ch_PerteneceA,
			UltimaActualizacion = NOW(),
			ModificadoPor = ch_ModificadoPor
			WHERE Id = ch_IdEntidad;    
			
			IF(SELECT ROW_COUNT() = 0)THEN
				SIGNAL SQLSTATE '45000' SET MESSAGE_TEXT = 'Error, no se actualizo la dependencia';
				LEAVE proc;	
			END IF;
				
			SELECT '¡Registro Editado';
		ELSE
	    	SIGNAL SQLSTATE '45000' SET MESSAGE_TEXT = 'Dependencia no valida (no se encontro el registro o se encontro mas de uno).';
		END IF;

	
END ;;
DELIMITER ;
/*!50003 SET sql_mode              = @saved_sql_mode */ ;
/*!50003 SET character_set_client  = @saved_cs_client */ ;
/*!50003 SET character_set_results = @saved_cs_results */ ;
/*!50003 SET collation_connection  = @saved_col_connection */ ;
/*!50003 SET @saved_sql_mode       = @@sql_mode */ ;
/*!50003 SET sql_mode              = 'STRICT_TRANS_TABLES,ERROR_FOR_DIVISION_BY_ZERO,NO_AUTO_CREATE_USER,NO_ENGINE_SUBSTITUTION' */ ;
/*!50003 DROP PROCEDURE IF EXISTS `sp_ModificaRol` */;
/*!50003 SET @saved_cs_client      = @@character_set_client */ ;
/*!50003 SET @saved_cs_results     = @@character_set_results */ ;
/*!50003 SET @saved_col_connection = @@collation_connection */ ;
/*!50003 SET character_set_client  = utf8mb4 */ ;
/*!50003 SET character_set_results = utf8mb4 */ ;
/*!50003 SET collation_connection  = utf8mb4_general_ci */ ;
DELIMITER ;;
CREATE DEFINER=`root`@`%` PROCEDURE `sp_ModificaRol`(
	IN `P_IdRol` CHAR(36),
	IN `P_Nombre` VARCHAR(100),
	IN `P_Descripcion` VARCHAR(200),
	IN `P_ControlInterno` VARCHAR(50),
	IN `P_IdApp` CHAR(36),
	IN `P_IdUsuario` CHAR(36)
)
BEGIN

	UPDATE TiCentral.Roles r SET
	r.Nombre = P_Nombre,
	r.Descripcion = P_Descripcion, 
	r.ControlInterno = P_ControlInterno,
	r.UltimaActualizacion = NOW(),
	r.ModificadoPor = P_IdUsuario
	WHERE r.Id = P_IdRol;
	
	IF (ROW_COUNT() = 0) THEN
		SIGNAL SQLSTATE '45000'
    	SET MESSAGE_TEXT = 'No se modificó el registro';
	ELSE
		SELECT "Se modificó el registro" AS Mensaje;
	END IF;
END ;;
DELIMITER ;
/*!50003 SET sql_mode              = @saved_sql_mode */ ;
/*!50003 SET character_set_client  = @saved_cs_client */ ;
/*!50003 SET character_set_results = @saved_cs_results */ ;
/*!50003 SET collation_connection  = @saved_col_connection */ ;
/*!50003 SET @saved_sql_mode       = @@sql_mode */ ;
/*!50003 SET sql_mode              = 'STRICT_TRANS_TABLES,ERROR_FOR_DIVISION_BY_ZERO,NO_AUTO_CREATE_USER,NO_ENGINE_SUBSTITUTION' */ ;
/*!50003 DROP PROCEDURE IF EXISTS `sp_ModificaSolicitud` */;
/*!50003 SET @saved_cs_client      = @@character_set_client */ ;
/*!50003 SET @saved_cs_results     = @@character_set_results */ ;
/*!50003 SET @saved_col_connection = @@collation_connection */ ;
/*!50003 SET character_set_client  = utf8mb4 */ ;
/*!50003 SET character_set_results = utf8mb4 */ ;
/*!50003 SET collation_connection  = utf8mb4_general_ci */ ;
DELIMITER ;;
CREATE DEFINER=`root`@`%` PROCEDURE `sp_ModificaSolicitud`(
	IN `P_IdSolicitud` CHAR(36),
	IN `P_Nombre` VARCHAR(20),
	IN `P_ApellidoPaterno` VARCHAR(20),
	IN `P_ApellidoMaterno` VARCHAR(20),
	IN `P_NombreUsuario` VARCHAR(30),
	IN `P_CorreoElectronico` VARCHAR(100),
	IN `P_Puesto` VARCHAR(255),
	IN `P_Curp` VARCHAR(18),
	IN `P_Rfc` VARCHAR(13),
	IN `P_Telefono` VARCHAR(10),
	IN `P_Ext` VARCHAR(4),
	IN `P_Celular` CHAR(36),
	IN `P_DatosAdicionales` VARCHAR(2000),
	IN `P_Estatus` TINYINT,
	IN `P_IdApp` CHAR(36),
	IN `P_IdUsuarioSolicitante` CHAR(36)
)
BEGIN
	-- Obtener el nombre del tipo de usuario
	SET @TpoUser = (SELECT UPPER (t.Nombre) FROM TiCentral.TipoUsuario t
	INNER JOIN TiCentral.Usuarios u ON t.Id = u.IdTipoUsuario
	WHERE u.Id = P_IdUsuarioSolicitante);
	-- Obtener si el usuario tiene acceso a la app que se registro en la solicitud
	SET @App = (SELECT IdApp FROM TiCentral.Solicitudes WHERE Id = P_IdSolicitud);
	SET @Tiene = (SELECT COUNT(id) FROM TiCentral.UsuarioAplicacion WHERE IdUsuario = P_IdUsuarioSolicitante AND IdApp = @App);
	
	IF ((SELECT COUNT(id) FROM TiCentral.Solicitudes  WHERE Id = P_IdSolicitud )=1) THEN
		If (@TpoUser = 'ADMINGENERAL') OR (@TpoUser = 'ADMINPLATAFORMA' AND @Tiene >= 1) then	
		
		UPDATE TiCentral.Solicitudes s
		SET DatosAdicionales = P_DatosAdicionales, 
		Estatus = P_Estatus, 
		UltimaModificacion = NOW(), 
		ModificadoPor = P_IdUsuarioSolicitante, 
		IdApp = P_IdApp, Nombre = P_Nombre, 
		ApellidoPaterno = P_ApellidoPaterno, 
		ApellidoMaterno = P_ApellidoMaterno, 
		NombreUsuario = P_NombreUsuario, 
		CorreoElectronico = P_CorreoElectronico, 
		Puesto=P_Puesto,
		Curp = P_Curp, 
		Rfc = P_Rfc, 
		Telefono = P_Telefono, 
		Ext = P_Ext, 
		Celular = P_Celular
		where s.Id=P_IdSolicitud;
	         
			SELECT '201' as Respuesta,'Modificación de registro con éxito' AS Mensaje;
		ELSE 
			SELECT '403' AS Respuesta,'Usuario no tiene permiso para modificar solicitud' AS Mensaje;
		END IF;
	ELSE
		SELECT '403' AS Respuesta,'IdSolicitud invalido' AS Mensaje;
	END IF;
END ;;
DELIMITER ;
/*!50003 SET sql_mode              = @saved_sql_mode */ ;
/*!50003 SET character_set_client  = @saved_cs_client */ ;
/*!50003 SET character_set_results = @saved_cs_results */ ;
/*!50003 SET collation_connection  = @saved_col_connection */ ;
/*!50003 SET @saved_sql_mode       = @@sql_mode */ ;
/*!50003 SET sql_mode              = 'STRICT_TRANS_TABLES,ERROR_FOR_DIVISION_BY_ZERO,NO_AUTO_CREATE_USER,NO_ENGINE_SUBSTITUTION' */ ;
/*!50003 DROP PROCEDURE IF EXISTS `sp_OlvideContrasena` */;
/*!50003 SET @saved_cs_client      = @@character_set_client */ ;
/*!50003 SET @saved_cs_results     = @@character_set_results */ ;
/*!50003 SET @saved_col_connection = @@collation_connection */ ;
/*!50003 SET character_set_client  = utf8mb4 */ ;
/*!50003 SET character_set_results = utf8mb4 */ ;
/*!50003 SET collation_connection  = utf8mb4_general_ci */ ;
DELIMITER ;;
CREATE DEFINER=`root`@`%` PROCEDURE `sp_OlvideContrasena`(
	IN `P_usuario` CHAR(36),
	IN `P_Contrasena` VARCHAR(255)
)
BEGIN

	DECLARE Respuesta INT;    
	UPDATE TiCentral.Usuarios us
	SET us.Contrasena = P_Contrasena
	WHERE us.NombreUsuario = P_usuario OR us.CorreoElectronico = P_usuario;
	SET Respuesta = 201;
	SELECT Respuesta,'Ok' as Mensaje, Id, Nombre, NombreUsuario, CorreoElectronico 
	FROM TiCentral.Usuarios us 
	WHERE (us.NombreUsuario = P_usuario OR us.CorreoElectronico = P_usuario);
	
END ;;
DELIMITER ;
/*!50003 SET sql_mode              = @saved_sql_mode */ ;
/*!50003 SET character_set_client  = @saved_cs_client */ ;
/*!50003 SET character_set_results = @saved_cs_results */ ;
/*!50003 SET collation_connection  = @saved_col_connection */ ;
/*!50003 SET @saved_sql_mode       = @@sql_mode */ ;
/*!50003 SET sql_mode              = 'STRICT_TRANS_TABLES,ERROR_FOR_DIVISION_BY_ZERO,NO_AUTO_CREATE_USER,NO_ENGINE_SUBSTITUTION' */ ;
/*!50003 DROP PROCEDURE IF EXISTS `sp_SolicitudActualDocumento` */;
/*!50003 SET @saved_cs_client      = @@character_set_client */ ;
/*!50003 SET @saved_cs_results     = @@character_set_results */ ;
/*!50003 SET @saved_col_connection = @@collation_connection */ ;
/*!50003 SET character_set_client  = utf8mb4 */ ;
/*!50003 SET character_set_results = utf8mb4 */ ;
/*!50003 SET collation_connection  = utf8mb4_general_ci */ ;
DELIMITER ;;
CREATE DEFINER=`root`@`%` PROCEDURE `sp_SolicitudActualDocumento`(
	IN `P_IdSolicitud` CHAR(36)
)
BEGIN
		SET @ExisteUsiario=(Select Count(u.Id) from TiCentral.Usuarios u where u.NombreUsuario = (Select s.NombreUsuario from TiCentral.Solicitudes s where  s.Id=P_IdSolicitud));
		IF (@ExisteUsiario=1) THEN
			SELECT 
				DATE_FORMAT(s.FechaDeCreacion,"%d/%m/%Y")  AS Fecha,
				ts.tipoSoli AS TipoDeMovimiento,
				s.Nombre AS Nombre,
				s.ApellidoPaterno AS ApellidoPaterno,
				s.ApellidoMaterno AS ApellidoMaterno,
				s.NombreUsuario AS NombreUsuario,
				s.CorreoElectronico AS Correo,
				s.Puesto,
				s.Curp AS CURP,
				s.Rfc AS RFC,
				s.Telefono AS Telefono,
				s.Ext AS Extension,
				s.Celular AS Celular,
				s.Estatus,
				tu.Descripcion AS TpoUsuario,
				a.Nombre AS AccesoApp
			FROM TiCentral.Solicitudes s
			INNER JOIN TiCentral.TipoSolicitud ts ON s.TipoSolicitud = ts.id
			INNER JOIN TiCentral.Apps a ON s.IdApp = a.id
			INNER JOIN TiCentral.Usuarios u On s.NombreUsuario =u.NombreUsuario
			INNER JOIN TiCentral.TipoUsuario tu On u.IdTipoUsuario=tu.Id
			WHERE s.Id = P_IdSolicitud;
		ELSE
			SELECT 
					DATE_FORMAT(s.FechaDeCreacion,"%d/%m/%Y")  AS Fecha,
					ts.tipoSoli AS TipoDeMovimiento,
					s.Nombre AS Nombre,
					s.ApellidoPaterno AS ApellidoPaterno,
					s.ApellidoMaterno AS ApellidoMaterno,
					s.NombreUsuario AS NombreUsuario,
					s.CorreoElectronico AS Correo,
					s.Puesto,
					s.Curp AS CURP,
					s.Rfc AS RFC,
					s.Telefono AS Telefono,
					s.Ext AS Extension,
					s.Celular AS Celular,
					s.Estatus,
					'Usuario' AS TpoUsuario,
					a.Nombre AS AccesoApp
				FROM TiCentral.Solicitudes s
				INNER JOIN TiCentral.TipoSolicitud ts ON s.TipoSolicitud = ts.id
				INNER JOIN TiCentral.Apps a ON s.IdApp = a.id
				WHERE s.Id = P_IdSolicitud;
		END IF;
END ;;
DELIMITER ;
/*!50003 SET sql_mode              = @saved_sql_mode */ ;
/*!50003 SET character_set_client  = @saved_cs_client */ ;
/*!50003 SET character_set_results = @saved_cs_results */ ;
/*!50003 SET collation_connection  = @saved_col_connection */ ;
/*!50003 SET @saved_sql_mode       = @@sql_mode */ ;
/*!50003 SET sql_mode              = 'STRICT_TRANS_TABLES,ERROR_FOR_DIVISION_BY_ZERO,NO_AUTO_CREATE_USER,NO_ENGINE_SUBSTITUTION' */ ;
/*!50003 DROP PROCEDURE IF EXISTS `sp_UltimaSolicitudUsuario` */;
/*!50003 SET @saved_cs_client      = @@character_set_client */ ;
/*!50003 SET @saved_cs_results     = @@character_set_results */ ;
/*!50003 SET @saved_col_connection = @@collation_connection */ ;
/*!50003 SET character_set_client  = utf8mb4 */ ;
/*!50003 SET character_set_results = utf8mb4 */ ;
/*!50003 SET collation_connection  = utf8mb4_general_ci */ ;
DELIMITER ;;
CREATE DEFINER=`root`@`%` PROCEDURE `sp_UltimaSolicitudUsuario`(
	IN `P_NombreUsuario` VARCHAR(30)
)
proc:BEGIN


#region obtiene id de vinculacion
	SET @IdVinculacion = (SELECT ID FROM TiCentral.TipoSolicitud ts WHERE UPPER(ts.tipoSoli) = 'VINCULACION');
#endregion 


#region 
	SELECT 
		DATE_FORMAT(s.FechaDeCreacion,"%d/%m/%Y")  AS Fecha,
		ts.tipoSoli AS TipoDeMovimiento,
		s.Nombre AS Nombre,
		s.ApellidoPaterno AS ApellidoPaterno,
		s.ApellidoMaterno AS ApellidoMaterno,
		s.NombreUsuario AS NombreUsuario,
		s.CorreoElectronico AS Correo,
		s.Puesto,
		s.Curp AS CURP,
		s.Rfc AS RFC,
		s.Telefono AS Telefono,
		s.Ext AS Extension,
		s.Celular AS Celular,
		s.Estatus,
		tu.Descripcion AS TpoUsuario,
		/*a.Id,*/
		a.Nombre AS AccesoApp
	FROM TiCentral.Solicitudes s
	INNER JOIN TiCentral.TipoSolicitud ts ON s.TipoSolicitud = ts.id
	INNER JOIN TiCentral.Apps a ON s.IdApp = a.id
	INNER JOIN TiCentral.Usuarios u On s.NombreUsuario =u.NombreUsuario
	INNER JOIN TiCentral.TipoUsuario tu On u.IdTipoUsuario=tu.Id
	WHERE s.NombreUsuario = P_NombreUsuario AND s.TipoSolicitud != @IdVinculacion AND s.Estatus = 1
	ORDER BY s.FechaDeCreacion DESC LIMIT 1;
#endregion

END ;;
DELIMITER ;
/*!50003 SET sql_mode              = @saved_sql_mode */ ;
/*!50003 SET character_set_client  = @saved_cs_client */ ;
/*!50003 SET character_set_results = @saved_cs_results */ ;
/*!50003 SET collation_connection  = @saved_col_connection */ ;
/*!50003 SET @saved_sql_mode       = @@sql_mode */ ;
/*!50003 SET sql_mode              = 'STRICT_TRANS_TABLES,ERROR_FOR_DIVISION_BY_ZERO,NO_AUTO_CREATE_USER,NO_ENGINE_SUBSTITUTION' */ ;
/*!50003 DROP PROCEDURE IF EXISTS `sp_ValidarEmail` */;
/*!50003 SET @saved_cs_client      = @@character_set_client */ ;
/*!50003 SET @saved_cs_results     = @@character_set_results */ ;
/*!50003 SET @saved_col_connection = @@collation_connection */ ;
/*!50003 SET character_set_client  = utf8mb4 */ ;
/*!50003 SET character_set_results = utf8mb4 */ ;
/*!50003 SET collation_connection  = utf8mb4_general_ci */ ;
DELIMITER ;;
CREATE DEFINER=`root`@`%` PROCEDURE `sp_ValidarEmail`(
	IN `ch_Email` CHAR(36)
)
BEGIN
	SELECT 
		u.Id,
		u.NombreUsuario,
		u.Nombre,
		u.ApellidoPaterno,
		u.ApellidoMaterno,
		u.Puesto,
		u.Curp,
		u.Rfc,
		u.Telefono,
		u.Ext,
		u.Celular,
		u.IdTipoUsuario,
		u.PuedeFirmar
	FROM TiCentral.Usuarios u WHERE u.CorreoElectronico=ch_Email;
END ;;
DELIMITER ;
/*!50003 SET sql_mode              = @saved_sql_mode */ ;
/*!50003 SET character_set_client  = @saved_cs_client */ ;
/*!50003 SET character_set_results = @saved_cs_results */ ;
/*!50003 SET collation_connection  = @saved_col_connection */ ;
/*!50003 SET @saved_sql_mode       = @@sql_mode */ ;
/*!50003 SET sql_mode              = 'STRICT_TRANS_TABLES,ERROR_FOR_DIVISION_BY_ZERO,NO_AUTO_CREATE_USER,NO_ENGINE_SUBSTITUTION' */ ;
/*!50003 DROP PROCEDURE IF EXISTS `sp_ValidarUserName` */;
/*!50003 SET @saved_cs_client      = @@character_set_client */ ;
/*!50003 SET @saved_cs_results     = @@character_set_results */ ;
/*!50003 SET @saved_col_connection = @@collation_connection */ ;
/*!50003 SET character_set_client  = utf8mb4 */ ;
/*!50003 SET character_set_results = utf8mb4 */ ;
/*!50003 SET collation_connection  = utf8mb4_general_ci */ ;
DELIMITER ;;
CREATE DEFINER=`root`@`%` PROCEDURE `sp_ValidarUserName`(
	IN `ch_UserName` CHAR(36)
)
BEGIN
	SELECT Count(*) AS Existe FROM TiCentral.Usuarios u WHERE u.NombreUsuario=ch_UserName;
END ;;
DELIMITER ;
/*!50003 SET sql_mode              = @saved_sql_mode */ ;
/*!50003 SET character_set_client  = @saved_cs_client */ ;
/*!50003 SET character_set_results = @saved_cs_results */ ;
/*!50003 SET collation_connection  = @saved_col_connection */ ;
/*!50003 SET @saved_sql_mode       = @@sql_mode */ ;
/*!50003 SET sql_mode              = 'STRICT_TRANS_TABLES,ERROR_FOR_DIVISION_BY_ZERO,NO_AUTO_CREATE_USER,NO_ENGINE_SUBSTITUTION' */ ;
/*!50003 DROP PROCEDURE IF EXISTS `sp_VinculaUsuarioApp` */;
/*!50003 SET @saved_cs_client      = @@character_set_client */ ;
/*!50003 SET @saved_cs_results     = @@character_set_results */ ;
/*!50003 SET @saved_col_connection = @@collation_connection */ ;
/*!50003 SET character_set_client  = utf8mb4 */ ;
/*!50003 SET character_set_results = utf8mb4 */ ;
/*!50003 SET collation_connection  = utf8mb4_general_ci */ ;
DELIMITER ;;
CREATE DEFINER=`root`@`%` PROCEDURE `sp_VinculaUsuarioApp`(
	IN `P_IdUsuario` CHAR(36),
	IN `P_IdApp` CHAR(36),
	IN `P_Roles` CHAR(36),
	IN `P_IdEntidad` CHAR(36),
	IN `P_IdUsuarioModificador` CHAR(36)
)
BEGIN
	DECLARE Respuesta INT;
	IF ((SELECT Tipo.Nombre FROM TiCentral.TipoUsuario AS Tipo,TiCentral.Usuarios AS Usuario WHERE Usuario.Id = P_IdUsuarioModificador and Usuario.IdTipoUsuario=Tipo.Id) = 'User') THEN
		SET Respuesta = 401;
		SELECT Respuesta,'No tiene permisos para vincular usuarios.' AS Mensaje;
	ELSE
		IF (SELECT COUNT(*) FROM TiCentral.UsuarioAplicacion WHERE IdApp = P_IdApp AND IdUsuario = P_IdUsuario) = 1 THEN
			SET Respuesta = 409;
			SELECT Respuesta,'Este usuario ya está vinculado.' AS Mensaje;
		ELSE
			
			START TRANSACTION;
				INSERT INTO TiCentral.UsuarioAplicacion(IdUsuario , IdApp,IdEntidad) 
				VALUES ( P_IdUsuario , P_IdApp,P_IdEntidad);
			
				IF ROW_COUNT() = 1 THEN
    				COMMIT;
				ELSE
    				ROLLBACK;
				END IF;

			SET Respuesta = 201;
			SELECT Respuesta,'Vinculación exitosa' as Mensaje, Id FROM TiCentral.UsuarioAplicacion WHERE IdUsuario = P_IdUsuario AND IdApp = P_IdApp; 
		END IF;
	END IF;
END ;;
DELIMITER ;
/*!50003 SET sql_mode              = @saved_sql_mode */ ;
/*!50003 SET character_set_client  = @saved_cs_client */ ;
/*!50003 SET character_set_results = @saved_cs_results */ ;
/*!50003 SET collation_connection  = @saved_col_connection */ ;
/*!50003 SET @saved_sql_mode       = @@sql_mode */ ;
/*!50003 SET sql_mode              = 'STRICT_TRANS_TABLES,ERROR_FOR_DIVISION_BY_ZERO,NO_AUTO_CREATE_USER,NO_ENGINE_SUBSTITUTION' */ ;
/*!50003 DROP PROCEDURE IF EXISTS `sp_VinculaUsuarioApps` */;
/*!50003 SET @saved_cs_client      = @@character_set_client */ ;
/*!50003 SET @saved_cs_results     = @@character_set_results */ ;
/*!50003 SET @saved_col_connection = @@collation_connection */ ;
/*!50003 SET character_set_client  = utf8mb4 */ ;
/*!50003 SET character_set_results = utf8mb4 */ ;
/*!50003 SET collation_connection  = utf8mb4_general_ci */ ;
DELIMITER ;;
CREATE DEFINER=`root`@`%` PROCEDURE `sp_VinculaUsuarioApps`(
	IN `P_IdUsuario` CHAR(36),
	IN `P_IdApp` CHAR(36),
	IN `P_Estado` TINYINT(1),
	IN `P_IdUsuarioModificador` CHAR(36)
)
BEGIN
	DECLARE P_NombreTipoUsuario CHAR(36);
	DECLARE Respuesta INT;
    
	IF ((SELECT t.Nombre FROM TiCentral.TipoUsuario t
INNER JOIN TiCentral.Usuarios u ON t.Id = u.IdTipoUsuario
WHERE u.Id = P_IdUsuarioModificador ) = 'User') THEN
		SET Respuesta = 401;
		SELECT Respuesta,'No tiene permisos para vincular usuario1s a las aplicaciones.' AS Mensaje;
	ELSE
		IF P_Estado = 1 THEN
			CALL sp_VinculaUsuarioApp(P_IdUsuario,P_IdApp,P_IdUsuarioModificador);
            SET Respuesta = 201;
            SELECT Respuesta,'Se vinculo el usuario con éxito' AS Mensaje;
		ELSEIF P_Estado = 0 THEN
			CALL sp_DesvinculaUsuarioApp(P_IdUsuario,P_IdApp,P_IdUsuarioModificador);
            SET Respuesta = 201;
            SELECT Respuesta,'Se desvinculo el usuario con éxito' AS Mensaje;
		END IF;
    END IF;
END ;;
DELIMITER ;
/*!50003 SET sql_mode              = @saved_sql_mode */ ;
/*!50003 SET character_set_client  = @saved_cs_client */ ;
/*!50003 SET character_set_results = @saved_cs_results */ ;
/*!50003 SET collation_connection  = @saved_col_connection */ ;
/*!40103 SET TIME_ZONE=@OLD_TIME_ZONE */;

/*!40101 SET SQL_MODE=@OLD_SQL_MODE */;
/*!40014 SET FOREIGN_KEY_CHECKS=@OLD_FOREIGN_KEY_CHECKS */;
/*!40014 SET UNIQUE_CHECKS=@OLD_UNIQUE_CHECKS */;
/*!40101 SET CHARACTER_SET_CLIENT=@OLD_CHARACTER_SET_CLIENT */;
/*!40101 SET CHARACTER_SET_RESULTS=@OLD_CHARACTER_SET_RESULTS */;
/*!40101 SET COLLATION_CONNECTION=@OLD_COLLATION_CONNECTION */;
/*!40111 SET SQL_NOTES=@OLD_SQL_NOTES */;

-- Dump completed on 2023-09-25 18:57:07
